amount,account_age_days,transactions_24h,failed_transactions_24h,device_changes_30d,location_mismatch,international_transaction,previous_chargebacks,is_risky
109.59,1898,3,0,0,0,0,0,0
58.08,1656,4,1,1,0,0,0,0
127.45,1873,4,1,0,1,0,0,0
305.83,1055,2,2,0,0,0,0,0
52.76,693,6,1,0,0,0,0,0
52.77,1698,6,1,0,0,1,0,0
323.5,128,5,0,2,0,0,0,0
143.66,767,3,0,0,0,0,0,0
41.7,1318,4,2,0,0,0,0,1
114.73,441,6,0,0,1,0,0,0
41.95,869,3,2,0,1,0,0,0
41.86,1412,5,1,1,0,0,0,0
84.94,1790,3,0,0,0,0,0,0
9.84,1666,9,0,2,0,0,0,0
11.88,524,3,1,1,0,0,0,0
38.0,1571,0,0,1,0,0,1,0
24.22,1734,1,4,1,0,0,0,1
91.31,760,1,0,0,0,0,0,0
26.9,110,5,3,0,0,1,0,0
16.24,1352,4,0,1,0,0,0,0
288.78,1429,2,1,1,0,1,0,0
53.21,1269,9,1,0,0,0,0,0
71.35,1786,3,0,1,0,0,1,1
16.04,1902,3,2,1,1,1,0,0
38.69,1853,3,1,1,0,0,0,0
74.51,163,5,4,0,1,0,0,0
21.09,560,3,1,0,0,0,0,0
97.1,399,3,2,1,0,0,0,0
36.57,583,4,1,0,0,0,0,0
49.81,399,1,1,1,1,0,0,1
36.54,1517,6,1,0,0,0,0,0
425.08,1670,6,0,1,0,0,0,0
65.79,239,8,0,0,0,0,0,0
23.16,1489,1,1,0,1,0,0,0
151.8,1604,2,0,1,1,0,0,0
19.67,1814,2,0,1,0,1,0,0
82.18,1056,3,0,1,0,0,0,0
9.4,1147,1,3,0,0,0,0,0
17.67,1558,3,0,1,0,0,0,0
81.2,1691,3,0,1,0,1,0,0
139.56,110,2,0,0,0,0,0,0
79.15,1295,2,1,0,0,0,0,0
59.4,1404,0,1,2,0,0,1,1
49.35,300,2,0,1,0,1,1,1
15.2,1651,6,0,1,0,0,0,0
32.46,1756,4,1,2,0,0,0,0
42.07,1002,5,1,0,0,0,0,0
191.93,1766,5,0,1,0,0,0,0
94.03,764,5,1,0,0,0,0,0
11.44,249,2,1,0,0,1,1,0
92.21,521,9,1,0,0,0,0,0
45.37,34,2,1,0,0,0,1,0
33.89,228,5,2,1,0,1,0,0
122.94,585,7,1,0,0,0,0,0
186.98,1423,5,0,0,0,0,0,0
169.23,958,3,1,1,0,1,0,0
28.81,813,2,0,0,0,0,0,0
48.95,724,11,1,2,0,0,0,0
92.88,584,5,1,1,0,0,0,0
176.89,570,5,1,1,0,0,0,0
41.3,220,9,2,0,0,0,0,0
55.39,1395,3,0,0,0,0,1,1
22.06,787,7,0,2,0,0,0,1
20.16,1785,2,2,0,0,0,0,0
150.28,528,7,0,0,0,0,0,0
258.85,75,2,0,0,0,0,0,0
62.05,1642,6,1,0,0,0,0,0
181.91,136,4,2,0,0,0,0,0
95.74,1953,1,0,0,0,1,0,0
34.98,74,4,0,1,0,0,0,0
95.72,254,6,0,0,0,1,0,0
310.45,1042,0,0,1,0,0,0,0
64.34,1955,5,3,1,0,0,0,0
318.83,1022,3,0,1,0,0,0,0
4.86,1067,3,0,1,0,0,0,0
151.7,50,6,2,0,0,1,0,0
72.75,515,7,1,1,0,0,0,0
49.45,744,3,0,0,0,0,0,0
73.1,731,5,2,1,0,0,0,0
9.14,571,2,0,1,0,0,1,1
53.53,1820,5,0,1,0,0,0,0
95.31,1838,2,1,1,1,0,0,0
292.33,576,4,0,1,0,0,0,0
39.72,1606,3,0,1,0,0,0,0
29.71,1327,4,0,2,0,0,0,0
40.38,1166,1,3,1,1,0,0,0
166.57,903,1,1,0,0,0,0,0
92.64,202,3,3,0,0,1,0,1
39.26,207,4,0,0,0,1,0,0
111.42,415,4,1,2,1,1,0,1
73.48,221,2,2,3,0,0,2,0
175.68,1386,0,1,2,0,0,0,0
33.05,758,7,1,0,0,0,0,0
48.05,1105,2,1,0,0,0,0,0
45.06,763,5,0,2,0,1,0,1
15.43,563,8,0,0,0,0,1,1
89.67,1309,3,1,0,1,0,0,0
86.58,369,4,0,0,0,0,0,1
67.03,1516,2,0,0,0,0,0,0
52.74,1935,5,0,1,0,0,0,0
16.19,896,2,0,0,0,0,0,0
43.79,1370,3,0,0,0,1,0,0
47.34,204,1,1,1,1,1,2,1
29.9,1049,3,1,1,0,0,0,0
56.75,957,3,1,0,0,0,1,0
99.89,1577,5,2,0,0,0,1,1
439.74,69,4,0,1,0,0,0,0
79.41,516,3,1,0,0,0,0,0
86.28,1516,6,0,0,1,0,1,0
61.9,240,3,0,0,0,0,1,0
9.79,361,3,0,0,0,0,0,0
64.94,1465,5,0,2,0,0,0,1
70.83,1055,4,0,0,0,1,0,0
783.09,1923,5,0,0,0,0,0,1
55.02,1653,1,0,1,0,0,0,0
90.16,707,4,1,0,1,0,0,0
64.41,1626,5,0,1,0,0,0,0
20.72,690,6,1,0,0,1,0,0
209.1,657,3,1,0,0,0,1,0
141.45,1980,3,1,0,0,1,0,0
147.09,1738,5,2,2,0,0,0,1
26.86,1346,0,0,1,0,0,0,0
271.18,344,4,4,0,0,0,0,0
16.41,1739,4,0,0,0,0,0,1
119.92,536,4,2,1,0,0,1,1
596.13,355,4,0,0,0,0,0,0
24.77,1495,2,1,0,0,0,1,0
37.85,928,5,3,1,0,0,0,0
73.67,983,4,2,0,0,0,0,0
40.31,105,1,0,0,0,1,0,0
14.14,1811,1,1,2,1,0,0,0
71.42,1346,5,0,0,0,0,0,0
23.05,1596,5,0,1,0,0,0,0
107.08,1907,4,3,0,0,0,0,1
26.59,962,2,3,0,0,0,0,0
314.17,527,6,1,1,0,0,1,0
30.47,504,4,1,0,0,0,0,0
48.32,1109,1,2,1,1,0,0,0
150.43,931,6,0,2,0,0,0,0
19.48,709,6,0,0,0,0,0,0
83.72,235,5,0,0,0,0,0,0
246.45,1947,5,0,0,0,0,0,0
13.36,1880,6,1,0,0,0,0,0
80.21,1287,3,1,0,0,1,0,0
86.48,1030,5,1,0,0,1,0,0
145.74,494,2,1,0,0,0,0,0
19.36,1917,6,2,1,0,0,0,0
17.81,1313,4,2,1,0,0,0,1
112.39,1594,7,1,0,0,0,1,0
89.75,1969,9,2,2,0,0,0,0
85.67,1681,0,1,0,0,0,0,0
94.3,878,2,0,0,0,1,0,0
33.78,1578,6,0,0,0,0,0,0
84.12,1374,5,1,2,0,0,0,0
89.4,1224,3,1,1,0,1,0,0
32.64,1960,3,1,0,0,0,0,0
430.86,1710,5,0,0,0,0,0,0
107.11,967,9,1,0,0,1,1,1
20.26,966,4,1,0,0,0,0,0
128.58,964,7,1,1,1,0,0,0
25.16,897,2,0,0,0,0,1,0
146.51,1359,3,3,0,0,0,0,0
212.43,1631,5,0,0,0,0,0,0
29.35,217,2,2,0,0,1,0,0
174.75,623,2,0,0,0,0,1,0
100.76,353,5,0,0,0,1,0,0
151.72,692,6,1,0,0,0,0,0
444.43,675,4,0,0,0,0,0,1
52.18,631,2,1,1,0,0,0,0
31.38,325,5,2,1,1,0,0,0
27.4,901,3,2,0,0,0,1,1
29.49,1252,5,1,0,0,0,0,0
61.74,1169,2,0,0,0,0,0,0
93.8,1973,3,1,0,0,0,0,0
87.94,308,1,4,0,0,1,0,0
152.5,654,5,0,0,0,1,0,0
67.56,1658,3,1,2,0,1,0,1
285.3,285,4,0,1,0,0,1,1
51.18,392,1,0,2,1,0,0,0
1012.49,1762,4,3,0,0,0,0,0
124.67,360,6,1,0,0,0,1,0
28.3,769,8,0,3,0,0,0,0
22.85,797,2,0,0,0,0,1,0
108.04,932,3,1,1,0,1,0,0
53.33,1971,4,1,0,0,0,0,0
136.18,165,6,1,0,0,0,0,0
107.04,733,4,0,0,0,0,0,0
62.0,581,2,1,0,0,1,0,0
28.59,821,4,1,0,0,0,0,0
14.66,1248,6,0,0,0,0,0,0
42.67,124,4,4,0,0,0,1,0
157.02,1972,0,0,1,0,0,0,1
82.61,344,6,2,0,0,0,0,1
19.19,1875,9,0,0,0,0,0,0
79.3,524,3,1,1,0,0,1,1
98.03,1076,6,2,0,0,0,0,0
27.55,129,3,1,0,0,0,0,0
77.77,1159,3,2,2,0,0,1,0
70.68,657,2,1,0,0,0,0,0
21.26,1151,5,0,0,0,1,0,0
95.37,738,5,2,2,0,1,0,0
116.84,939,1,1,1,0,0,1,0
196.97,71,4,1,0,0,0,0,0
191.29,273,3,1,0,0,0,0,0
16.82,1211,3,0,0,0,0,0,0
26.11,1027,1,2,2,1,0,0,0
111.61,1309,3,2,1,1,1,0,0
111.47,22,1,1,0,0,0,0,0
111.61,166,5,2,1,0,0,2,0
3142.37,1334,6,0,1,0,0,1,1
118.02,875,4,1,0,0,0,0,0
207.59,1501,4,0,0,0,0,0,0
173.12,498,1,0,0,0,0,1,1
127.92,434,6,1,0,0,0,1,0
48.65,758,1,0,1,0,0,0,0
142.45,234,3,1,2,1,0,0,1
30.79,837,2,0,0,0,0,1,0
52.62,1694,3,1,1,1,0,1,1
41.04,663,5,1,0,0,0,0,0
72.38,725,2,0,1,0,0,0,0
674.96,376,2,0,1,0,0,0,0
10.31,730,6,0,0,0,0,1,0
132.46,1270,3,1,2,1,1,0,0
13.29,303,4,1,0,0,0,0,0
41.6,405,6,0,0,0,0,0,0
198.14,1812,3,1,1,0,0,0,0
71.11,1687,2,0,0,0,0,0,0
22.7,708,7,0,0,0,0,0,0
32.61,917,4,1,0,0,0,0,1
131.58,21,4,1,1,0,0,1,1
32.12,257,5,1,1,0,0,0,0
82.8,399,3,1,0,0,0,0,0
69.8,1553,5,1,2,0,0,0,0
34.76,51,5,1,0,0,1,0,0
569.04,447,9,1,0,0,0,0,0
125.7,1294,1,0,2,0,0,1,0
8.8,827,5,1,1,0,0,0,0
80.35,595,3,1,0,0,0,0,0
34.41,818,3,0,1,1,0,0,0
156.4,636,2,2,0,0,1,1,0
30.19,1826,5,0,1,0,0,0,0
59.46,1286,2,0,0,0,0,0,0
110.5,1389,4,1,3,0,0,0,0
158.5,1073,5,0,0,0,1,0,0
20.08,1542,3,3,2,0,0,0,0
47.73,1653,4,1,0,0,0,0,0
41.47,1142,2,0,0,0,0,1,0
34.7,1477,10,1,1,0,0,0,0
389.73,775,4,0,0,0,0,0,0
99.98,1889,2,2,0,0,0,0,0
18.9,973,4,0,0,0,0,0,0
166.98,1971,3,1,2,0,0,0,0
556.77,1910,3,2,1,0,1,0,1
187.25,1665,1,1,1,1,0,0,0
14.59,397,6,0,0,0,1,1,1
41.09,683,2,0,0,0,0,0,0
236.73,1051,6,0,0,0,0,0,1
32.86,711,6,2,0,0,0,0,0
103.94,1396,4,1,1,0,0,0,0
144.7,1923,4,1,0,0,0,0,0
26.39,1850,3,2,0,0,0,0,0
62.83,1881,6,1,0,0,0,2,0
2.61,1121,4,2,1,0,1,0,0
23.94,529,6,0,0,1,1,0,0
51.8,685,6,0,2,0,0,0,0
19.15,1998,2,0,1,0,0,1,0
341.18,613,3,1,1,0,0,0,0
15.96,186,7,2,0,0,0,1,0
42.95,696,3,2,1,0,0,0,0
76.0,1974,8,2,0,0,0,1,0
281.82,215,1,2,0,0,0,0,0
15.87,1275,7,0,0,0,0,0,0
213.4,216,7,0,0,0,1,0,1
67.37,29,6,1,0,0,0,0,0
24.99,102,0,1,1,0,0,0,0
105.86,123,8,0,0,0,0,0,0
81.37,54,4,2,0,0,0,0,0
36.59,1307,2,0,0,0,0,0,0
71.51,1638,3,1,1,0,0,0,0
45.36,1141,4,0,1,0,0,2,0
74.7,616,7,1,0,1,1,0,1
129.3,557,5,0,0,0,0,0,0
325.71,114,2,0,1,0,0,0,0
19.34,855,8,0,1,0,1,0,0
562.86,1567,5,1,0,0,1,0,1
9.47,676,3,0,1,0,1,0,0
57.3,977,2,0,0,0,0,0,0
120.1,701,5,1,0,0,0,0,0
88.32,1317,5,1,0,0,0,0,0
35.78,1219,5,0,0,0,0,0,0
54.16,292,6,0,1,0,0,0,0
40.73,1911,8,2,0,0,0,1,0
36.99,261,8,0,0,0,1,0,1
155.96,1966,4,1,0,0,0,1,0
95.3,1231,3,1,0,0,0,0,0
33.35,564,3,0,1,0,0,0,0
163.96,49,2,3,1,0,0,0,0
90.68,1030,3,0,0,0,0,0,0
150.33,379,4,1,0,0,0,0,0
125.16,1418,4,0,1,0,0,0,0
29.11,1910,3,1,0,0,0,0,0
38.08,224,6,1,0,0,1,0,0
140.79,1047,4,2,0,0,0,0,0
122.78,1008,4,4,1,0,0,0,0
65.31,657,6,1,1,0,0,0,0
74.99,110,5,1,1,0,0,2,0
239.29,724,2,1,1,0,0,0,1
36.91,1836,4,0,1,0,1,0,0
115.25,553,5,1,1,0,0,0,0
54.48,1423,4,2,1,0,1,0,0
53.64,1196,3,1,0,0,0,1,1
200.09,1006,1,2,0,0,1,0,0
152.23,698,4,0,1,0,0,1,1
150.43,726,4,2,0,0,0,0,0
246.04,306,4,1,0,0,0,1,0
68.1,1588,3,0,1,0,0,0,0
131.89,1606,3,2,0,0,1,0,0
48.9,1732,2,0,1,0,0,0,0
92.22,959,4,0,1,0,0,0,0
58.55,954,4,0,0,0,0,0,0
73.48,1175,5,1,0,0,0,0,0
120.92,1452,4,0,1,0,0,0,0
29.42,621,7,2,0,0,0,0,0
540.44,1491,3,0,3,0,0,0,1
24.39,630,3,1,0,0,0,0,0
19.8,877,5,2,2,0,1,1,1
212.32,1631,1,0,1,0,0,0,0
147.18,1792,1,2,2,0,0,0,0
124.48,556,6,2,0,1,1,0,0
125.0,1972,1,0,0,0,0,0,0
65.87,67,9,0,0,1,1,1,1
27.19,1180,2,1,0,0,0,2,0
71.94,835,3,0,0,0,0,0,0
33.88,206,5,0,1,0,0,0,1
176.82,786,6,0,0,0,0,0,0
57.57,155,5,3,0,0,0,0,0
29.21,1715,8,0,0,0,1,2,1
48.36,1533,4,2,0,0,0,0,0
100.78,1596,8,2,0,0,0,0,0
37.95,1098,3,0,0,0,1,0,1
29.31,1073,4,2,1,0,0,0,0
85.09,783,5,2,3,0,0,0,0
85.2,1491,5,0,0,0,1,0,0
40.17,585,6,1,0,0,0,0,0
41.64,708,3,1,0,0,0,0,0
84.1,1935,0,0,2,0,0,0,0
15.67,179,5,0,1,0,0,1,0
16.32,1072,3,2,1,0,1,0,0
32.51,1096,5,0,0,0,0,0,0
53.87,113,3,1,2,0,0,0,0
91.0,757,1,1,0,0,0,0,0
291.59,897,2,2,1,1,0,0,0
157.22,1927,2,0,3,0,0,0,0
56.83,821,2,0,0,0,0,0,0
65.43,159,2,1,0,0,0,0,0
24.47,786,5,0,2,0,0,0,1
65.46,1804,9,0,0,0,0,0,0
49.97,1840,5,0,1,0,0,2,1
92.09,1054,5,0,0,0,0,0,0
29.16,1121,1,3,0,0,0,0,0
112.09,251,2,0,1,0,0,0,0
308.81,1543,3,1,0,0,0,0,0
59.81,1116,4,1,1,0,0,0,0
99.65,113,6,1,0,0,0,0,0
132.97,259,6,1,1,0,0,0,0
44.65,107,4,1,1,0,0,0,0
83.44,575,4,0,0,0,0,1,0
67.53,1414,4,3,0,0,0,0,0
73.53,991,5,2,1,1,1,0,1
30.78,1382,7,3,0,0,0,0,0
68.34,1807,5,0,0,0,1,0,0
109.73,1223,3,0,1,0,0,0,0
284.62,427,7,2,0,0,1,0,0
174.04,1502,4,1,1,0,0,0,0
574.32,859,6,0,0,0,0,0,0
30.96,1873,4,3,1,0,0,0,0
159.54,1527,3,0,1,0,0,0,0
80.11,1682,2,0,0,0,0,2,1
595.74,918,1,1,0,0,1,0,1
29.72,1597,2,1,0,0,0,1,0
28.8,1144,4,2,0,1,0,0,0
36.62,1597,8,0,0,0,0,0,0
7.97,1333,3,0,0,1,0,0,0
39.42,1562,3,2,0,0,0,0,0
31.21,627,5,0,0,0,0,0,0
77.51,475,6,0,1,0,0,0,0
93.86,552,5,0,1,0,0,0,0
435.36,344,5,0,0,0,0,0,0
172.5,628,4,0,0,0,0,0,0
37.45,136,5,1,0,0,0,0,0
27.16,277,2,0,3,0,0,0,1
109.06,1835,3,1,1,0,0,0,0
17.81,1557,2,0,0,0,0,0,0
416.32,1923,3,1,0,0,0,0,0
216.9,31,5,1,0,0,0,0,0
41.71,247,4,0,1,0,0,0,0
12.02,411,1,1,0,0,1,0,0
258.24,27,2,0,0,0,1,0,0
59.47,73,4,0,1,0,0,0,0
229.94,1977,7,0,1,0,0,0,0
13.54,1121,3,0,1,0,0,0,0
36.62,673,5,0,1,0,0,0,0
67.04,1370,6,1,0,0,0,1,0
69.89,476,1,0,0,0,0,0,0
42.52,1324,4,2,1,0,0,0,0
124.32,1323,2,0,1,0,0,0,0
22.93,287,4,0,0,0,0,0,0
57.84,1909,4,0,0,0,0,0,0
75.21,1473,1,1,0,1,0,0,1
111.55,212,6,1,0,0,0,0,0
135.86,1100,6,1,0,0,0,0,0
21.66,401,1,1,0,0,0,0,0
14.38,655,6,0,1,0,0,0,0
239.29,1058,5,0,0,0,0,0,0
92.97,498,2,2,0,0,0,1,0
31.55,848,2,0,0,0,0,0,0
314.55,1540,4,2,0,0,0,1,1
74.86,1352,6,1,0,0,0,0,0
216.87,98,5,0,1,0,0,1,0
71.34,366,1,0,0,1,1,0,0
523.61,1753,5,1,0,0,0,0,1
385.81,463,5,0,0,0,0,0,0
51.99,28,3,2,1,0,0,0,0
176.19,713,4,0,1,0,0,0,0
127.15,1410,4,0,0,0,1,0,0
262.08,273,5,3,1,0,1,0,1
25.41,826,3,1,0,0,0,1,0
132.43,1151,2,0,2,0,0,0,0
192.18,202,3,0,1,0,1,1,1
11.49,1545,3,0,1,0,0,0,0
20.42,1311,7,1,0,0,0,0,0
8.68,450,5,0,1,0,0,0,0
50.94,1112,3,0,3,0,0,0,0
136.67,1342,3,1,0,0,0,0,0
299.57,19,4,0,0,1,0,0,1
71.82,1617,5,0,0,0,0,0,0
339.89,1131,5,1,2,1,0,1,1
16.78,1482,1,1,1,1,0,0,0
12.14,311,4,2,0,0,0,0,0
63.08,412,4,0,2,0,0,1,1
97.91,742,4,0,1,1,0,0,0
64.54,624,3,0,0,0,0,0,0
8.44,732,8,0,0,0,1,0,0
61.0,635,2,1,1,0,0,0,0
18.09,498,3,2,0,1,0,0,0
130.28,244,4,2,1,0,1,0,0
96.22,690,6,0,1,0,0,0,0
26.05,577,2,0,1,0,0,0,0
39.89,1404,4,1,1,0,0,0,0
23.12,515,6,1,0,0,0,1,1
62.63,207,1,1,1,0,0,1,0
173.32,948,4,1,0,0,0,0,0
24.89,394,3,1,1,0,1,0,1
110.39,1045,3,1,0,1,0,0,0
39.24,1829,4,1,0,0,0,1,1
30.18,1551,8,0,0,0,1,0,0
59.92,1367,6,1,1,0,0,0,0
23.68,718,3,0,0,0,0,0,0
38.33,1999,4,1,2,0,0,0,1
20.13,202,2,0,0,0,0,0,0
475.67,120,2,0,1,0,0,0,0
69.08,1673,6,1,0,0,0,0,0
33.12,1836,2,1,1,0,0,0,0
82.6,1831,5,1,0,0,0,0,0
59.6,389,2,1,0,0,0,0,0
53.47,1561,3,2,1,0,0,1,0
123.24,1848,10,2,2,0,0,0,0
142.24,234,3,1,0,0,0,0,0
39.23,1657,4,1,0,0,0,0,0
37.49,602,4,1,0,1,0,1,0
50.65,1344,7,0,1,0,0,0,0
6.67,712,11,1,1,0,0,0,0
14.66,982,2,1,3,0,0,0,0
261.62,1204,6,0,0,0,0,0,0
345.49,857,8,2,2,0,1,0,1
51.99,1392,4,0,1,0,0,1,0
118.69,76,4,0,1,0,0,0,0
91.04,649,2,0,1,0,1,0,0
1449.36,650,5,1,0,0,0,0,1
204.3,496,4,3,0,1,0,0,0
58.68,1546,3,0,0,0,0,0,0
25.65,1225,5,2,1,0,0,0,0
13.38,830,8,1,0,0,0,1,0
81.73,1370,4,1,0,0,0,0,0
31.3,483,4,0,1,0,0,1,0
16.08,1243,3,1,2,0,0,1,1
34.93,1084,4,1,0,0,0,0,0
22.61,991,3,3,0,0,0,0,0
360.37,1683,5,1,0,0,0,0,0
161.04,619,5,0,0,0,1,0,0
66.16,550,3,1,1,0,1,0,1
292.93,646,2,0,0,0,0,0,1
72.05,1935,6,0,2,0,0,0,0
28.18,1245,9,1,0,0,0,0,0
305.86,1839,2,1,0,0,0,0,0
114.31,1965,4,0,1,0,0,0,0
23.64,502,2,0,1,0,0,0,0
55.13,1157,5,1,0,1,0,1,1
27.78,846,4,1,0,0,0,0,1
16.73,53,6,2,1,0,0,0,0
168.37,450,4,1,0,0,0,0,0
450.08,62,10,0,0,0,0,0,0
16.47,1047,3,0,1,0,0,0,0
117.09,44,5,2,3,0,1,0,0
34.79,820,4,0,1,0,0,0,0
40.97,1582,3,1,3,0,1,0,0
36.88,659,4,0,0,0,0,0,0
28.11,728,4,2,1,0,1,0,0
70.0,852,4,0,3,0,0,1,0
29.05,47,2,1,0,0,0,1,1
87.4,1883,0,1,0,1,0,0,0
63.42,820,4,0,2,0,0,1,0
52.51,1048,3,1,1,0,0,0,0
26.91,1681,5,1,0,0,1,0,1
37.46,89,4,0,0,0,0,0,0
141.94,1198,3,1,0,0,0,0,0
110.05,1600,4,2,0,0,0,1,1
25.09,1143,4,2,0,0,0,0,0
73.65,735,1,2,0,0,0,0,0
141.37,1692,4,0,1,0,0,0,0
12.56,178,3,3,0,1,0,0,0
114.82,1019,3,0,1,0,0,0,0
34.38,1856,6,1,0,0,0,0,0
117.99,1948,3,0,1,0,0,1,0
31.09,1366,4,1,0,0,1,0,0
10.97,1592,3,0,1,0,1,0,1
13.1,1083,4,0,0,0,0,0,0
69.97,901,7,0,1,0,0,0,0
86.46,438,5,0,1,0,0,0,0
27.0,1452,4,1,0,0,0,0,0
126.29,426,4,3,0,0,0,0,0
12.66,968,4,1,0,0,0,0,0
62.42,1405,7,2,0,0,0,0,0
19.87,486,6,0,1,0,0,0,0
34.75,1756,2,0,0,0,0,0,0
69.92,1209,7,0,0,0,0,0,0
28.21,1583,4,1,0,0,0,1,1
45.4,460,2,0,3,0,0,0,0
182.42,1913,6,1,2,0,0,0,0
37.45,921,6,0,1,0,0,0,0
153.81,1126,2,0,0,0,1,0,0
21.55,1580,4,0,0,0,0,0,0
113.27,1039,1,1,0,0,1,0,0
281.9,748,6,2,0,0,0,0,0
5.63,1897,7,0,0,0,0,0,0
30.06,51,4,0,0,0,0,0,0
118.76,309,3,0,0,0,0,1,0
54.43,1058,3,1,0,0,0,0,0
96.65,1660,5,0,0,0,0,0,0
36.45,1005,2,1,0,0,0,1,0
72.72,1613,0,0,0,0,0,0,0
57.07,1928,6,1,1,0,0,0,0
214.39,635,5,2,1,0,0,0,0
86.01,205,4,1,0,0,0,0,0
93.47,740,3,0,0,0,0,0,0
44.17,1094,2,0,1,0,0,0,0
40.95,1254,2,0,2,1,0,0,0
43.27,1504,4,1,1,0,0,0,0
98.93,533,4,1,1,0,1,2,0
43.77,108,4,0,0,0,1,1,0
89.1,876,6,2,0,0,0,0,0
531.34,1265,5,0,1,0,1,0,0
159.35,251,2,0,0,0,0,1,0
48.13,135,3,0,0,0,0,0,1
221.68,1114,6,0,1,0,1,1,0
44.34,1615,3,1,0,0,0,2,0
8.69,1464,3,0,2,0,0,0,0
24.33,689,4,0,2,1,0,0,1
10.27,1322,4,0,0,0,0,0,1
46.92,407,4,1,0,0,0,0,0
67.93,1332,4,1,0,0,0,0,1
356.54,102,1,1,0,0,0,0,0
92.47,1385,7,1,0,0,0,0,0
53.57,1871,4,0,0,0,1,0,1
152.84,1648,1,1,0,0,0,0,0
7.31,693,6,0,0,1,0,0,0
84.4,1640,5,1,0,0,0,0,0
144.15,1552,3,1,1,0,0,0,0
15.2,1632,8,0,1,0,0,0,0
209.3,1317,6,1,1,0,1,0,0
93.55,1170,4,1,2,0,1,0,0
44.02,404,3,0,1,0,0,0,0
125.56,814,3,2,0,0,0,0,0
645.93,1026,5,1,2,0,0,0,1
79.99,1143,3,2,1,0,0,0,0
85.47,855,4,0,1,0,0,0,0
42.12,1630,4,1,0,0,0,0,0
28.51,1215,4,0,2,0,0,0,0
152.98,1027,4,1,0,0,0,0,0
28.33,942,0,1,2,0,0,0,0
71.63,1021,7,0,0,0,0,0,0
41.36,1511,2,0,0,0,0,0,0
107.66,1647,4,0,0,0,0,0,0
93.1,177,1,1,0,0,0,0,0
188.21,1281,4,0,0,0,0,0,0
40.04,873,5,1,1,0,0,0,0
50.91,1558,2,0,0,0,0,1,0
25.06,477,4,1,0,0,0,0,0
42.76,398,4,0,0,0,0,0,0
97.25,1520,3,1,1,0,0,0,0
142.17,220,4,2,1,0,0,0,0
26.52,173,2,0,1,0,0,0,0
159.11,736,5,0,0,0,0,0,0
258.69,1414,4,2,0,1,0,0,0
100.83,502,4,2,1,0,0,1,0
435.63,1601,1,1,0,0,0,0,0
30.76,1813,4,2,2,0,0,0,0
19.21,761,3,1,1,0,0,0,0
11.26,1284,3,1,0,0,0,1,0
297.69,131,5,2,0,0,1,0,0
128.3,1137,5,1,0,0,1,0,0
63.08,798,5,1,1,0,0,1,0
88.23,799,4,1,1,0,0,0,0
21.64,930,7,0,1,1,1,1,1
769.51,723,8,0,1,0,1,0,0
75.89,1044,5,1,0,0,0,0,0
74.4,215,2,1,0,0,0,0,0
137.79,1334,6,0,0,0,0,0,0
107.88,1275,3,1,0,0,0,0,0
83.42,488,1,0,0,0,1,0,0
30.25,1406,3,1,0,0,1,1,1
106.85,1433,1,1,0,0,0,0,0
437.91,1295,1,1,1,0,1,0,0
256.06,1958,4,0,0,1,0,0,1
328.06,1431,1,0,2,0,0,0,0
40.0,1716,4,2,2,0,0,0,1
24.79,1218,4,2,0,0,0,0,0
58.8,1465,1,0,0,0,0,0,0
70.51,313,6,0,1,0,0,0,0
199.18,79,2,3,0,1,0,0,0
12.27,180,3,2,1,0,0,0,0
307.83,1004,8,1,1,0,0,0,0
56.94,675,3,0,1,0,0,1,0
43.52,1738,9,1,1,0,0,0,0
24.24,14,1,0,1,0,0,0,0
12.75,859,3,2,0,1,0,0,0
151.89,246,2,1,0,0,0,0,0
71.76,1038,6,0,0,0,0,0,1
18.36,99,2,0,2,0,0,0,0
18.26,33,3,1,0,0,1,0,0
47.67,1460,4,0,0,0,1,0,1
353.9,257,2,0,1,0,0,0,0
51.44,34,1,0,0,0,0,1,0
14.83,19,0,2,0,0,0,0,0
52.16,1688,5,0,0,0,0,0,0
50.77,1284,3,1,0,0,0,0,0
4.5,1700,5,3,0,0,1,0,0
63.16,589,3,0,0,0,0,0,0
52.94,1850,5,1,1,0,1,0,1
133.78,1440,5,1,0,0,0,0,0
423.67,137,5,1,0,0,0,0,0
205.73,359,5,1,0,0,0,0,0
50.96,1744,7,0,0,0,0,0,0
22.05,754,4,1,1,0,0,0,0
874.24,1603,3,1,0,0,0,0,0
70.75,1140,2,0,0,0,0,0,0
67.62,404,2,1,0,0,0,0,0
65.1,1226,7,1,0,0,0,1,0
81.3,1400,3,0,0,0,1,1,1
57.72,250,6,0,2,0,0,2,1
37.57,446,5,1,2,0,0,0,0
38.6,954,6,0,1,0,0,0,0
64.54,278,2,2,0,1,0,0,0
38.73,112,4,1,0,0,0,0,0
32.69,1987,1,0,0,0,0,0,0
74.18,1867,6,1,1,0,0,0,0
51.68,1497,7,2,0,0,0,0,0
300.06,746,3,1,1,1,1,0,0
4.71,688,5,0,1,0,1,0,0
198.64,392,3,0,0,0,0,0,0
231.85,969,2,0,1,1,0,0,0
8.39,143,3,0,0,0,0,0,0
47.34,1056,4,0,0,0,0,0,0
46.0,181,5,1,0,0,0,0,0
16.32,579,1,1,0,0,0,0,1
30.64,1540,4,1,0,0,0,1,0
21.96,798,3,0,2,0,0,0,1
384.63,269,1,0,3,0,0,1,1
169.98,1260,2,0,1,0,0,0,0
237.83,1301,2,0,1,1,0,0,0
137.23,553,4,1,1,1,0,1,0
21.56,633,4,1,1,0,0,0,0
39.47,275,2,2,0,0,0,0,0
108.79,743,8,0,0,0,1,1,0
19.65,1840,8,2,0,0,0,0,1
136.05,86,5,0,0,0,0,2,1
52.44,1087,3,1,0,0,0,0,0
45.84,404,3,1,2,0,1,0,0
135.77,192,1,4,0,0,1,0,0
103.99,1317,4,0,0,0,0,0,0
46.48,1055,4,1,1,0,0,0,0
212.58,1354,6,1,0,0,0,0,0
22.62,1682,3,1,0,0,0,0,0
123.46,107,3,3,0,0,0,0,0
120.68,1895,6,0,0,0,0,1,1
48.93,622,7,2,1,0,0,0,0
92.4,276,4,2,0,0,1,0,0
19.08,1746,4,1,0,0,0,0,0
168.01,651,6,0,0,0,0,0,0
55.43,1622,4,0,2,0,0,0,1
39.54,556,4,0,0,0,1,0,0
190.38,1106,3,1,1,0,0,0,0
32.97,1088,2,1,1,0,0,0,0
16.31,1914,0,1,0,0,0,0,0
14.06,1954,6,0,2,0,0,0,0
122.24,1879,2,1,0,0,0,0,0
18.53,1857,5,0,0,0,1,0,0
385.6,567,3,1,0,1,1,0,1
8.32,586,2,0,1,0,0,1,0
363.75,885,2,1,0,0,1,1,1
82.35,129,4,1,1,0,0,1,0
60.54,256,7,0,1,0,0,0,0
38.67,934,6,1,1,1,0,0,0
99.4,231,5,2,1,0,0,0,0
64.22,1521,0,2,0,0,0,1,0
201.0,1161,3,1,0,0,0,0,0
74.76,863,4,0,0,0,1,2,1
77.5,1479,3,1,0,0,0,0,0
46.36,1937,5,0,0,0,0,0,0
62.99,355,2,1,0,0,0,0,0
90.72,1648,3,1,0,0,0,0,0
12.06,1509,6,2,1,0,1,0,0
17.32,1844,1,0,0,0,0,0,0
140.23,146,5,3,0,0,0,0,0
79.11,1983,4,0,0,0,0,0,0
55.48,1057,6,0,1,0,0,0,0
67.93,260,2,0,0,0,0,0,0
94.4,87,4,0,2,0,0,0,0
38.87,843,5,1,2,0,0,0,0
30.62,1972,7,1,0,0,0,0,0
81.11,265,6,0,0,0,0,1,0
25.07,1856,3,1,0,0,0,0,0
100.31,1566,2,1,0,0,0,0,0
12.15,392,4,1,0,0,0,0,1
186.64,232,11,1,0,0,0,0,0
106.98,901,6,1,1,0,0,0,0
86.14,588,3,1,1,0,0,0,0
178.16,447,3,0,1,0,0,0,0
352.65,1153,2,2,0,1,0,0,1
183.9,1295,6,0,1,0,0,0,1
10.58,1113,7,0,0,0,0,0,0
18.55,466,3,1,0,0,0,1,0
35.7,934,3,1,2,0,0,1,1
68.45,1194,9,0,0,0,1,0,0
111.91,128,5,1,0,0,0,0,0
32.27,1198,4,3,3,0,0,0,0
80.38,1973,3,0,0,0,0,0,0
31.33,1050,4,0,2,0,0,0,0
36.18,573,1,2,0,0,0,0,0
16.34,511,2,0,0,0,0,0,0
26.49,488,4,1,0,0,0,0,0
17.26,891,2,0,0,0,0,0,0
25.13,579,6,2,0,0,0,1,1
191.26,950,7,0,0,0,0,0,0
25.81,406,7,2,1,0,0,0,0
927.4,1050,7,2,1,0,1,0,1
109.21,1107,3,3,0,0,0,0,0
80.23,364,4,0,2,0,1,0,0
28.27,1391,3,2,0,0,0,0,0
134.33,1084,3,1,0,0,0,0,0
37.5,551,7,0,1,0,0,0,0
75.34,1659,7,1,0,0,1,0,0
862.72,292,5,1,0,0,0,0,0
60.58,789,6,1,0,1,0,0,1
210.46,1961,6,1,0,0,1,1,0
33.01,1910,2,1,2,0,0,0,0
64.39,816,3,0,0,0,1,0,1
391.82,1818,4,0,0,0,0,0,0
35.62,191,3,0,0,0,0,0,0
408.48,461,2,1,0,0,0,0,0
135.33,1828,8,2,2,0,0,1,0
38.0,664,3,1,1,0,0,0,0
125.51,1920,4,1,0,0,0,0,1
176.36,233,4,2,0,0,0,0,0
124.19,474,5,0,0,0,0,0,0
13.87,1429,4,0,0,0,0,0,0
32.23,658,7,1,0,1,1,0,1
52.06,271,5,1,1,0,1,0,0
61.9,1871,2,4,1,0,0,0,1
124.05,1158,5,1,0,0,0,0,0
79.65,171,2,0,2,0,0,0,0
17.54,1439,5,1,0,1,0,0,1
97.53,28,4,4,0,0,1,0,1
122.8,136,2,0,1,0,1,0,0
116.72,925,4,1,0,0,0,1,0
196.52,405,4,0,0,0,0,1,1
153.53,977,5,0,1,0,0,0,0
105.55,888,1,1,2,0,0,0,0
62.17,1529,7,2,1,0,1,2,1
12.67,1265,5,0,1,0,0,0,1
102.47,856,5,1,1,0,0,0,0
82.08,1978,1,0,0,0,0,0,0
87.49,444,3,1,0,0,0,0,0
18.6,434,6,1,1,0,0,0,0
22.62,1252,4,0,0,0,1,0,0
191.17,509,4,1,0,0,0,0,0
64.1,1823,6,0,1,0,1,0,0
131.83,1327,4,1,1,0,0,0,0
68.6,34,5,2,2,1,0,0,1
68.7,1026,3,0,0,0,1,0,0
170.42,362,5,1,1,0,1,0,1
39.8,1219,4,0,1,0,0,0,0
73.41,606,4,0,0,0,0,0,0
42.0,1864,6,0,0,0,0,0,0
43.19,1332,6,0,1,0,0,0,0
48.95,1671,3,1,2,0,0,0,0
83.27,716,0,2,0,0,0,0,0
41.32,250,5,0,0,0,0,0,0
234.1,147,5,3,0,0,0,0,0
27.26,1370,3,2,1,1,0,0,0
55.32,348,4,1,0,0,0,0,0
42.96,1278,5,1,0,1,0,0,0
283.43,399,3,2,0,0,0,0,0
81.17,1358,6,1,0,1,0,0,0
187.14,1200,1,0,0,0,0,0,0
15.1,125,3,1,2,0,0,1,1
87.1,763,5,1,0,0,0,0,0
162.33,398,10,1,0,0,1,0,0
72.41,131,1,0,1,1,0,1,1
193.54,1586,2,1,1,0,0,0,0
39.75,605,4,1,2,0,0,0,0
272.97,892,4,3,0,0,0,0,1
664.41,822,2,0,3,0,0,0,0
46.39,902,6,0,0,0,0,0,0
42.71,945,4,2,1,0,0,0,0
285.26,1431,3,0,0,0,0,0,0
323.62,732,7,1,0,0,0,0,1
39.53,1870,4,0,0,0,0,0,0
43.81,334,3,1,0,0,1,1,0
50.31,1044,5,0,0,0,1,0,1
17.38,205,3,0,1,0,0,1,0
26.61,1627,3,1,0,0,0,0,0
24.43,956,3,0,1,0,1,0,0
30.94,355,2,0,1,0,0,0,0
64.41,1197,4,0,0,0,0,0,0
84.29,1213,5,0,0,0,0,0,0
314.35,824,4,1,0,0,0,0,0
24.57,1026,2,1,0,0,0,0,0
178.45,1897,2,2,0,0,0,0,0
53.84,941,6,0,0,0,0,0,0
63.47,168,5,0,1,0,0,0,0
130.95,368,7,0,0,0,1,0,0
21.7,536,5,1,1,0,0,0,0
97.75,1949,8,0,0,1,0,0,0
78.76,963,1,0,0,0,0,0,0
109.12,1901,2,2,1,0,0,0,0
89.05,580,7,3,0,0,0,1,1
776.89,1394,4,2,1,0,0,0,0
35.24,1730,9,0,1,1,1,0,1
39.21,1620,4,0,0,0,1,0,0
35.76,950,5,1,1,0,0,0,0
38.26,1461,3,0,0,0,0,0,0
35.26,207,4,1,0,0,0,0,1
218.99,1073,4,1,1,0,0,0,0
276.03,544,4,0,0,0,0,0,0
37.68,1853,5,0,1,0,0,0,0
29.01,1706,3,2,1,0,0,0,0
106.85,129,2,1,0,0,1,0,0
38.39,1471,2,0,0,0,1,0,0
125.58,614,6,0,0,0,0,0,0
81.69,35,7,1,0,0,0,0,0
14.65,819,3,0,1,0,0,0,0
313.41,199,8,0,0,0,0,0,0
401.77,1837,6,1,1,0,0,0,0
36.13,77,3,0,1,1,0,1,0
45.25,369,2,1,0,0,0,0,0
88.75,833,3,1,0,0,0,0,0
93.17,526,3,1,0,0,0,0,0
128.84,349,3,0,1,0,0,1,1
497.8,506,4,0,0,0,0,0,0
55.87,643,3,0,0,0,0,0,0
30.02,238,6,3,0,0,0,0,0
16.79,1304,1,0,0,0,1,0,0
32.11,1601,1,0,1,0,0,0,0
64.51,1456,3,2,0,0,0,0,0
401.24,138,3,1,1,0,0,0,0
39.74,1293,4,0,1,0,0,0,0
83.41,1764,4,3,0,0,1,0,1
65.6,1225,8,1,0,0,1,0,0
218.85,1166,4,3,2,0,0,0,1
834.58,612,2,1,1,0,0,0,0
39.22,1674,3,0,1,0,0,0,0
40.88,680,3,2,1,0,0,0,0
189.46,1943,3,2,1,0,0,1,1
131.88,1635,6,0,0,0,0,0,0
422.72,1847,3,1,0,0,0,0,0
119.57,1855,4,0,2,0,0,0,1
46.56,839,3,1,0,0,1,0,0
120.38,938,5,1,0,0,0,1,0
202.09,355,3,0,0,0,0,0,0
151.48,578,5,0,1,0,0,0,0
110.75,847,7,1,1,0,0,0,0
193.77,1353,4,0,0,0,0,1,1
214.71,559,2,0,0,0,0,0,0
265.64,849,5,0,0,0,0,0,0
127.58,1918,8,1,0,0,0,0,0
56.42,1255,4,3,3,0,0,1,1
77.22,1332,8,0,0,0,0,0,0
222.85,1682,3,0,2,0,1,0,0
29.46,1743,6,3,0,0,0,1,1
96.42,1170,4,1,0,0,1,0,0
45.0,1176,2,1,0,0,1,0,1
68.63,1815,5,0,2,0,0,0,0
239.48,140,2,1,0,0,0,0,0
80.73,663,4,0,1,0,0,1,1
69.86,21,2,1,0,0,0,0,0
17.12,1278,2,0,2,0,0,1,0
140.65,64,3,0,0,0,1,0,0
127.16,1242,4,1,0,0,0,0,1
580.13,1096,3,4,0,0,0,0,0
49.02,990,4,1,0,0,0,0,0
83.03,162,3,0,0,0,1,0,0
85.57,130,3,1,0,0,0,1,0
322.94,581,3,0,0,0,0,0,0
60.62,1951,6,3,1,0,1,0,0
88.15,225,2,0,1,0,0,0,0
122.47,1782,5,2,0,0,1,1,1
80.37,580,2,2,0,0,0,0,0
42.67,1478,4,2,0,0,1,0,0
80.97,983,1,0,0,0,0,0,0
195.12,1005,7,2,0,0,0,0,0
23.89,1939,4,1,0,0,0,0,0
76.17,1408,1,1,0,0,0,0,0
33.11,107,2,4,0,0,0,0,0
220.31,621,4,1,0,0,0,0,0
14.54,840,4,1,2,0,0,0,0
38.13,1127,7,2,0,0,0,1,1
97.24,1165,2,0,1,0,0,0,0
319.11,577,9,0,0,0,0,0,0
62.44,1158,4,0,4,0,0,0,0
38.28,199,6,2,1,0,0,0,0
437.54,1904,3,1,0,0,0,0,0
15.67,510,5,0,0,1,0,0,0
7.4,667,3,0,0,0,0,1,0
103.55,79,1,1,1,0,0,1,1
40.36,1972,3,2,0,0,0,1,0
24.02,894,0,1,1,0,1,0,0
135.42,1506,4,1,0,0,0,0,0
85.1,512,9,2,1,1,0,0,0
37.94,250,2,0,0,0,0,1,1
18.54,889,8,0,0,0,0,0,0
159.57,1024,5,2,1,0,0,0,0
127.77,599,3,1,0,0,0,0,0
60.39,1840,5,1,0,0,1,0,0
422.69,753,4,2,1,0,0,1,1
22.87,600,3,0,1,0,0,1,0
14.5,975,4,1,1,0,0,0,0
33.38,483,3,0,0,0,0,0,0
63.71,836,2,0,1,0,0,1,0
85.06,172,10,0,1,0,1,0,1
52.39,869,7,0,0,0,0,0,0
94.83,17,4,0,0,0,0,0,0
19.08,1759,7,0,0,0,0,0,0
282.52,1318,2,1,0,0,0,0,0
61.43,394,5,2,0,0,0,0,0
203.83,1846,5,2,0,0,0,0,0
93.95,1522,8,0,0,0,0,0,0
105.29,1243,3,0,0,0,1,0,0
117.89,234,4,1,0,0,0,0,0
104.35,1414,5,0,0,0,0,0,0
126.81,248,4,1,0,0,1,0,0
251.93,1926,3,2,0,0,1,0,0
81.17,52,2,0,0,0,1,0,0
135.5,15,6,2,0,0,0,0,1
60.96,1348,3,2,0,0,0,0,1
281.5,441,2,0,2,0,0,0,0
33.91,1136,3,1,0,0,0,0,0
403.81,696,1,2,0,0,0,0,0
64.06,1896,3,2,1,0,0,0,0
15.95,7,2,0,1,0,1,0,0
75.8,1587,5,1,0,1,0,0,0
33.75,826,8,0,0,1,0,0,0
154.57,1777,3,1,1,0,0,0,0
34.72,1269,2,1,0,0,0,0,0
42.68,1472,2,1,2,0,0,0,1
10.08,1389,6,3,0,0,0,0,1
42.42,1391,3,1,1,0,0,0,0
5.91,1946,5,0,0,0,0,0,0
13.68,1722,5,1,0,0,0,0,0
142.65,1311,6,1,0,0,0,0,0
146.32,1986,3,2,2,0,0,0,0
102.05,1628,3,2,0,0,0,0,0
25.36,1130,6,3,0,0,0,1,0
63.58,1037,5,0,2,0,0,1,1
66.45,1170,3,1,1,0,0,1,1
20.94,478,4,0,0,0,1,0,0
299.88,631,1,1,0,0,0,0,0
160.35,715,3,0,1,0,0,0,0
53.47,1677,5,1,0,0,0,0,0
68.5,115,7,1,1,0,0,0,0
82.14,509,2,1,0,0,0,0,0
8.66,1176,5,2,1,0,0,0,0
52.08,57,6,1,0,0,0,0,0
33.72,382,3,2,0,0,0,0,0
24.49,1181,8,0,0,0,0,0,0
50.35,952,1,0,0,0,0,0,0
402.5,1846,5,1,1,0,0,0,0
126.58,1157,5,0,1,0,0,0,0
37.67,1187,4,0,1,0,0,0,0
118.22,275,5,2,0,0,0,0,0
270.25,1719,2,1,1,0,0,1,0
168.11,1101,6,0,1,0,1,0,0
70.78,1861,2,0,1,0,0,0,0
34.92,44,3,0,0,0,0,0,0
134.05,718,3,0,2,0,0,0,0
98.84,1574,2,2,0,0,0,0,0
163.24,318,5,2,1,0,0,0,0
125.86,534,3,0,0,0,0,0,0
190.48,1609,2,1,0,0,1,1,0
39.05,1777,3,1,0,0,0,0,0
248.99,1960,2,2,1,1,0,0,0
81.26,1178,3,0,0,0,0,0,0
531.26,237,2,0,0,0,1,0,0
33.48,893,3,1,0,0,0,0,0
378.4,517,3,0,0,0,0,0,0
81.28,1245,3,0,0,0,0,0,0
34.76,1334,2,0,0,0,0,0,0
41.1,1622,3,0,0,0,0,0,0
48.41,1201,6,1,1,0,0,0,0
101.92,1795,2,0,1,0,1,0,0
112.49,1244,5,0,0,1,1,0,1
37.57,38,5,0,0,0,0,0,0
65.08,654,7,0,0,0,0,0,0
568.08,1455,5,0,0,0,0,0,1
375.23,1934,5,0,1,0,0,0,0
103.16,747,5,1,1,0,0,0,0
69.27,1227,2,2,1,0,1,1,1
75.19,841,3,0,1,0,0,1,0
123.16,1830,1,2,1,0,0,0,0
23.98,448,4,1,0,0,0,1,0
51.55,1519,5,1,0,0,0,1,1
12.57,684,4,1,1,0,0,0,0
99.41,125,5,0,0,1,0,0,1
127.38,1862,3,0,0,0,0,0,1
41.13,1089,5,1,1,0,0,0,0
321.82,793,2,1,0,0,0,1,0
19.57,784,3,1,0,0,0,0,0
15.42,1268,5,1,0,0,0,0,0
83.47,1551,3,1,1,0,0,1,1
190.01,226,5,1,0,0,0,0,0
359.22,465,4,0,1,0,0,0,0
42.14,643,3,2,0,1,0,1,1
196.11,1731,3,2,1,0,1,0,0
64.17,293,6,1,1,0,0,2,1
56.11,721,5,1,0,1,0,0,0
161.36,1975,5,2,1,0,0,3,0
128.04,1405,5,2,2,0,0,0,1
13.79,1649,1,0,0,0,0,0,0
291.94,756,2,3,0,0,0,0,0
265.1,166,2,2,1,0,1,0,0
35.67,1727,8,1,0,0,0,0,0
99.07,769,3,0,0,0,0,0,1
109.29,1863,2,0,0,0,0,1,0
86.55,1242,3,0,0,0,0,0,1
38.46,1007,5,2,1,0,0,0,0
34.07,871,2,1,0,0,0,0,0
65.0,1299,7,0,0,0,0,0,0
215.45,1076,2,2,0,0,0,1,0
114.85,1398,3,1,1,0,0,1,1
46.03,1694,3,1,1,0,0,0,0
144.27,1387,5,0,0,0,0,0,0
3.86,567,3,3,0,0,0,2,0
210.35,1038,5,0,0,0,0,1,0
11.71,1805,4,0,2,0,0,0,0
46.41,1364,2,1,2,0,0,1,1
21.77,602,5,1,1,0,0,0,0
18.27,1563,3,0,2,0,0,0,0
212.9,1113,0,0,1,0,0,1,1
41.78,905,3,1,0,0,0,0,0
94.3,41,6,1,1,0,1,0,1
63.63,1328,3,1,0,0,1,1,1
107.45,1292,3,1,0,0,1,1,1
72.01,1162,3,4,0,1,1,0,1
18.49,1030,7,1,0,0,1,0,0
180.6,242,2,0,0,0,0,0,0
40.7,162,4,0,0,0,0,0,0
14.06,1019,3,0,1,0,0,0,0
43.46,692,5,1,0,0,0,0,0
299.09,809,5,0,1,0,0,1,1
156.06,979,5,1,0,0,0,0,0
47.06,518,1,0,0,0,1,1,1
47.03,898,4,1,0,0,1,0,0
48.35,783,6,1,2,0,0,0,0
532.06,1425,7,1,1,0,0,0,0
97.7,784,5,0,1,0,0,0,0
102.52,1180,2,0,2,0,0,0,0
186.85,85,1,0,0,0,0,0,0
84.67,1736,1,0,1,0,0,0,0
51.47,1034,0,0,1,0,0,0,0
54.8,138,3,0,0,0,0,0,0
62.08,754,2,1,1,0,0,0,0
64.25,906,3,1,0,0,0,0,0
138.05,713,4,0,1,0,0,0,0
70.24,156,4,2,0,0,0,1,1
138.75,408,5,0,1,0,1,0,0
61.52,787,7,0,0,0,1,0,1
72.14,1249,2,0,0,0,0,1,0
9.04,580,3,0,0,0,0,0,1
166.72,1208,5,0,0,0,1,0,0
94.3,1219,5,1,0,1,0,1,1
180.91,554,2,2,1,1,0,0,1
3.68,396,6,1,2,0,0,0,1
538.28,1938,7,0,0,0,0,0,0
58.0,1687,3,3,0,0,0,0,0
201.98,1620,5,0,1,0,0,0,0
23.57,1158,5,0,2,0,0,0,1
123.07,1333,1,0,1,0,0,0,0
23.26,1890,3,1,1,0,0,0,0
35.74,810,5,0,1,0,0,0,0
452.16,962,7,0,1,0,0,0,0
55.11,542,4,2,1,0,0,0,0
82.88,1033,0,3,0,0,0,0,0
159.19,987,5,0,0,0,0,0,0
109.47,170,6,1,0,0,0,1,1
77.51,290,4,1,1,0,0,0,0
96.06,1192,6,0,0,0,0,0,0
737.61,1368,3,1,0,0,1,0,0
62.95,1521,4,2,1,0,0,0,0
81.54,1169,1,0,1,0,0,0,0
190.69,1437,3,2,0,1,0,0,1
201.45,740,6,1,0,0,1,0,0
218.55,1842,3,0,0,1,0,0,1
126.31,588,4,0,0,0,1,1,0
21.26,735,2,3,1,1,0,1,1
341.53,1713,6,0,0,0,0,0,0
21.19,457,10,2,0,1,0,0,0
90.25,701,6,1,1,0,0,0,0
31.37,979,1,0,0,1,0,0,1
62.54,1326,7,1,0,0,0,0,0
92.64,46,6,0,0,0,0,0,0
91.96,1918,2,1,1,0,0,0,0
101.69,1041,4,3,2,1,0,1,1
334.86,1602,9,1,0,0,1,0,0
104.96,1384,1,0,1,0,0,0,1
52.24,1285,4,1,0,0,1,0,0
174.88,1147,4,0,0,0,0,0,0
219.09,231,3,1,0,0,0,0,1
19.54,950,5,2,2,0,0,0,0
121.19,637,2,0,0,0,0,1,1
134.45,112,3,3,0,0,0,0,0
49.52,1808,1,1,0,1,0,0,0
263.94,593,7,1,0,0,0,0,0
57.39,1270,10,1,1,0,0,0,0
75.61,859,3,0,1,0,0,0,0
56.09,391,2,0,2,0,0,0,0
67.73,392,4,3,0,0,0,0,0
22.28,328,8,0,0,0,0,0,0
15.8,1239,3,0,0,0,0,0,0
328.49,1888,7,1,1,0,0,0,0
28.59,747,10,0,0,0,1,0,0
24.74,367,3,0,1,1,0,0,0
7.74,82,6,1,0,0,0,1,0
35.2,806,4,0,0,0,0,0,0
17.76,822,2,4,0,0,1,0,1
344.47,1100,4,0,1,0,0,1,0
183.06,1551,2,0,0,0,0,0,0
33.51,1756,2,2,0,0,0,0,0
634.25,1527,6,0,0,0,1,0,0
178.0,1766,6,2,0,1,0,0,0
48.19,1970,3,1,0,0,0,0,0
5.48,952,2,0,1,1,0,0,0
659.14,1503,5,2,0,0,0,0,0
16.62,372,3,1,1,0,0,0,0
12.87,1289,4,1,0,0,0,0,0
185.41,264,4,0,1,0,0,1,0
764.91,110,5,0,1,0,0,2,1
266.21,1939,2,1,1,0,0,0,0
117.2,307,4,1,1,0,0,0,0
120.87,1224,4,0,1,0,0,0,1
156.56,226,5,1,0,0,0,0,0
142.44,185,2,1,0,0,0,0,0
88.34,964,3,1,0,0,0,0,0
74.01,31,7,0,2,0,0,0,1
62.64,614,4,0,1,0,0,0,1
31.38,1795,7,0,1,0,0,1,0
50.37,99,5,0,0,0,0,0,0
12.27,1363,6,0,0,0,0,0,0
60.44,811,4,1,0,0,1,0,0
24.81,1821,5,2,0,0,1,0,0
22.12,1290,6,1,0,0,1,0,0
79.83,652,5,1,0,0,0,0,0
268.27,814,3,1,0,0,1,0,0
167.05,1822,4,2,1,1,0,0,1
13.87,1374,5,0,1,0,0,1,0
24.79,1020,5,1,0,0,0,1,0
170.85,978,3,2,1,0,0,0,0
24.97,1752,3,0,1,0,0,0,0
53.27,1568,1,1,0,0,0,1,0
115.59,1481,2,3,0,0,0,0,0
25.32,1839,2,1,1,0,0,0,0
74.1,88,5,1,0,1,0,1,1
17.57,1087,8,0,0,0,1,0,0
36.55,922,7,0,1,1,0,0,0
91.82,1411,3,1,1,0,0,0,0
13.56,1815,4,0,2,0,0,0,0
103.59,1483,5,2,1,0,0,0,0
65.39,586,3,1,0,0,0,0,0
115.87,818,3,0,0,0,0,0,0
83.42,932,5,0,0,0,0,0,1
260.9,1660,8,1,0,0,0,0,0
75.58,1293,3,0,0,0,0,0,0
43.41,1918,8,0,0,0,0,0,0
75.36,797,2,0,0,0,0,0,0
114.81,1958,2,0,1,0,0,1,0
70.03,1019,6,1,0,0,1,0,0
69.45,1013,1,0,0,0,0,0,0
33.05,973,3,2,0,0,1,0,0
34.37,633,5,1,1,0,0,0,0
16.4,346,5,2,0,0,0,1,0
383.59,724,3,0,0,1,0,0,1
19.22,901,4,0,1,1,0,0,0
33.35,1684,3,0,0,0,0,0,0
32.51,1102,2,1,2,0,1,0,0
163.19,1389,2,0,0,0,1,0,0
49.65,1038,3,1,0,0,0,0,0
232.23,136,6,0,0,0,0,0,0
34.01,1328,3,1,1,0,0,0,0
88.15,397,3,1,0,0,0,0,0
28.92,792,1,1,0,1,0,0,0
569.72,79,2,0,0,0,0,1,1
20.34,1779,2,0,2,0,0,0,1
90.91,705,1,0,1,1,0,1,1
125.68,982,4,2,0,0,0,0,1
100.87,1442,7,2,0,0,0,0,0
55.41,1266,5,1,0,0,0,0,0
58.57,1075,4,0,1,0,0,0,0
69.67,744,2,2,2,0,0,0,0
57.57,1795,3,1,0,0,0,1,0
174.84,384,1,1,1,0,0,0,0
608.21,375,1,0,0,0,0,0,0
38.19,1754,2,0,1,0,0,0,0
16.95,206,6,1,1,0,0,0,0
61.05,1850,2,0,1,0,1,0,0
879.81,489,3,1,1,0,0,0,1
29.85,1405,4,2,2,0,0,0,0
343.48,1992,1,0,0,0,0,0,0
356.99,881,6,1,2,1,0,0,1
38.34,1335,5,0,1,0,0,0,0
117.8,1399,8,1,1,0,0,0,0
339.81,632,6,1,2,0,0,1,1
45.64,592,5,1,0,0,0,0,0
54.4,1066,5,2,0,0,0,0,0
37.27,533,0,1,0,0,1,0,0
24.17,522,1,0,0,0,1,0,0
34.84,825,6,0,1,0,0,0,0
19.61,1177,1,1,1,0,0,0,0
69.0,1336,6,0,0,0,0,0,0
30.88,1318,8,2,1,0,1,0,0
84.25,598,1,0,1,0,0,0,0
14.07,113,4,1,0,0,0,0,0
92.84,1725,3,1,0,0,0,0,0
153.47,1136,4,2,0,1,1,0,1
9.08,1199,3,1,0,0,0,0,0
96.94,1846,2,1,1,1,0,0,0
227.62,1326,4,4,0,1,1,0,1
19.89,1988,4,0,0,0,0,0,0
355.16,1540,5,0,1,0,0,0,0
101.39,734,4,0,1,1,0,0,0
32.95,1986,5,0,1,0,0,0,0
63.07,1245,6,2,0,0,0,1,0
116.55,1195,0,0,0,0,0,1,0
71.95,318,3,0,2,0,0,0,0
114.29,996,3,1,0,0,0,0,0
26.56,213,2,0,0,0,0,0,0
78.99,253,6,0,1,0,0,0,0
16.22,124,2,0,0,0,0,0,0
59.67,1664,6,2,0,0,0,0,0
27.01,1237,6,1,1,0,0,0,0
31.96,624,3,3,1,0,0,0,1
229.54,1109,4,3,1,0,0,1,1
198.6,1540,4,1,1,0,0,0,0
122.63,1089,2,1,1,0,0,0,0
22.37,1342,4,2,1,0,0,0,1
48.6,1370,4,2,0,0,0,0,0
224.33,1656,2,0,0,0,0,0,0
76.84,1267,1,1,1,0,0,1,1
678.12,898,6,1,1,0,0,0,0
98.82,1161,0,0,0,0,1,0,0
80.81,247,6,0,0,0,1,1,0
48.95,441,3,1,0,1,0,0,0
76.21,45,4,1,0,0,0,0,0
57.26,658,4,0,0,0,1,0,0
135.38,880,1,0,2,0,0,0,0
173.59,1712,7,1,0,0,1,0,0
30.39,1017,1,3,1,0,0,0,0
17.62,554,6,0,0,0,0,0,0
10.63,809,3,0,1,1,0,0,0
110.83,971,4,0,1,0,0,0,0
22.12,1113,5,0,2,0,0,0,0
7.75,730,10,0,1,0,1,0,0
98.35,1021,1,1,0,0,0,1,0
806.74,954,2,1,1,0,0,0,0
66.28,1252,3,0,0,0,0,0,0
154.24,1834,4,0,2,0,0,0,1
72.37,1315,6,0,0,0,0,1,0
60.41,1446,4,1,0,0,0,0,0
167.18,1091,3,0,1,1,0,1,0
49.89,1275,5,0,0,0,0,0,1
87.13,1065,4,1,0,0,0,0,0
91.99,99,4,0,0,0,0,1,0
34.19,1330,4,1,0,0,0,0,0
179.84,872,3,1,0,0,0,0,0
55.98,1878,6,0,1,0,1,0,0
31.32,1480,1,0,0,0,0,0,0
114.04,1615,6,2,0,1,0,1,0
27.15,301,4,1,1,0,1,0,0
68.59,1223,2,0,0,0,0,0,0
66.08,1683,5,0,0,0,0,0,0
197.53,488,5,0,0,0,1,0,0
107.2,1130,2,0,1,0,0,0,0
65.04,1425,5,0,0,0,0,0,0
151.07,1729,9,1,1,0,0,1,0
267.79,1005,4,0,1,0,0,0,0
116.49,477,2,2,0,1,1,0,1
67.38,1146,1,0,0,0,0,0,1
17.96,1101,5,0,0,0,0,0,0
22.99,1336,3,1,0,0,0,0,0
49.15,1136,2,1,1,1,0,0,1
36.25,861,5,0,0,0,0,0,0
55.31,809,5,2,1,1,1,0,0
70.57,1706,8,0,2,0,0,0,0
113.26,518,2,1,0,0,0,0,0
62.15,1221,4,4,0,0,0,0,0
108.47,1122,7,1,1,0,0,1,1
71.13,459,4,1,1,0,0,1,0
9.25,1865,3,0,0,0,0,1,1
26.07,230,1,2,1,0,0,0,0
57.74,1192,2,0,1,0,1,0,0
19.89,1833,6,1,0,0,0,0,0
121.5,1801,3,2,1,0,0,0,0
308.2,8,7,1,0,0,0,1,0
225.6,1196,3,1,2,0,0,0,0
53.87,1978,1,0,2,0,0,0,0
296.11,1384,1,1,0,0,0,0,0
77.38,195,4,3,1,0,0,0,0
47.6,1293,2,0,0,0,0,0,0
36.11,1043,3,1,0,0,0,0,0
49.28,354,6,0,0,0,0,0,0
45.23,1888,5,0,1,0,1,0,0
79.08,1073,2,2,1,0,0,0,0
78.3,464,8,0,1,0,0,0,0
66.89,356,5,2,0,0,0,0,0
103.23,850,5,0,0,0,1,1,0
219.35,974,5,0,0,0,0,0,0
172.35,1182,0,0,1,0,0,0,0
15.11,66,7,0,0,0,0,0,0
5.19,1997,7,2,0,0,0,0,0
169.75,859,4,0,0,0,0,0,0
17.0,571,2,0,0,0,0,0,0
53.26,1845,6,1,1,0,0,0,0
20.69,308,10,3,0,0,1,0,1
11.0,1361,1,3,0,0,1,0,0
114.6,1695,6,1,1,0,0,0,0
142.47,783,5,2,0,0,1,0,1
37.47,121,4,0,3,0,0,0,0
5.0,766,9,1,0,0,0,0,0
38.62,1428,4,0,0,0,1,0,0
98.67,773,6,0,0,1,0,0,0
15.2,1671,4,2,0,0,0,0,0
80.11,1810,3,1,0,0,0,0,0
65.67,1592,6,2,0,0,0,0,0
119.02,1867,4,3,2,0,0,0,1
75.16,96,6,0,1,0,1,0,0
25.2,1138,8,1,1,0,1,0,0
220.65,987,2,2,0,0,1,0,0
56.91,1893,4,0,1,0,0,1,0
64.89,1453,1,1,0,0,1,0,0
26.23,540,3,0,2,0,0,0,0
42.81,1842,5,1,1,0,1,0,0
27.53,2,7,1,0,0,0,1,0
56.1,1236,6,0,0,0,0,0,0
369.34,580,1,0,1,0,0,1,0
16.91,1664,2,1,0,0,0,0,0
13.28,333,4,0,0,0,0,0,0
290.37,1048,7,1,2,0,0,0,0
54.09,1789,5,0,0,0,0,0,0
34.16,1392,7,2,0,0,0,0,0
188.65,742,6,1,2,0,0,0,0
36.39,506,7,0,0,0,0,0,0
414.06,1000,6,1,0,0,0,1,0
131.36,1200,3,1,0,0,0,0,0
40.94,1453,9,1,1,1,0,0,0
576.69,1911,10,3,0,0,0,0,1
36.39,733,4,0,0,0,0,1,1
140.06,1466,2,2,1,0,0,0,0
89.95,1572,4,2,0,0,0,0,0
245.12,514,5,2,2,0,0,0,0
317.83,895,1,0,1,0,0,0,1
68.86,361,3,1,0,0,0,0,0
31.39,274,3,3,0,0,0,0,1
105.63,177,5,0,2,0,0,0,0
33.86,1288,4,1,1,0,0,0,0
499.39,1210,3,0,1,0,0,0,0
76.44,527,3,2,1,0,0,1,0
46.28,913,6,0,0,0,0,0,0
80.21,279,4,1,0,0,0,1,0
17.34,706,6,2,0,0,0,0,0
25.24,1222,5,2,0,0,0,0,0
221.5,1373,5,0,0,0,0,0,0
34.57,1947,5,2,0,1,0,0,0
23.41,1445,3,2,0,0,1,0,1
114.05,1329,5,0,0,0,0,1,1
218.26,64,3,2,0,0,0,0,0
136.86,290,5,2,0,0,0,0,0
180.56,18,6,3,0,0,0,0,0
31.29,64,2,2,3,0,0,0,0
16.09,1898,5,1,0,0,0,1,0
299.27,330,2,0,0,0,0,1,0
48.29,1894,3,1,2,0,0,0,0
51.89,763,3,0,0,0,0,0,0
251.69,1964,6,0,0,0,0,0,0
116.31,1041,4,2,0,0,0,0,0
105.2,443,4,1,0,0,1,0,0
581.15,141,4,2,0,0,0,1,0
35.04,1332,3,1,0,0,0,0,0
168.65,444,3,1,0,0,1,1,0
70.6,496,4,1,0,0,0,0,0
87.23,426,2,0,0,0,0,0,0
307.5,1499,1,0,0,1,0,1,1
110.81,1856,5,0,2,0,0,0,0
114.24,1269,2,1,1,0,0,1,0
194.9,450,5,0,2,0,0,0,1
46.3,1826,1,1,2,0,0,0,0
28.81,351,4,0,0,0,0,0,0
23.46,599,3,1,0,0,0,1,0
9.33,711,5,0,0,0,0,0,0
521.24,870,3,1,0,0,0,0,0
22.13,1984,5,2,0,0,1,0,0
53.45,1185,2,1,1,1,1,0,1
50.56,1164,1,0,0,0,0,0,0
90.69,1517,7,1,1,0,1,0,0
150.77,1612,6,0,1,0,0,0,0
157.67,1555,7,1,1,0,0,0,0
37.22,393,0,1,1,0,0,0,0
56.42,842,10,0,0,0,1,1,0
88.46,401,1,1,0,0,0,0,1
52.0,50,2,0,0,0,0,0,0
332.73,744,5,2,0,0,0,0,0
108.96,1319,5,0,1,0,0,0,0
139.06,1449,5,2,1,0,0,0,0
129.4,906,4,4,0,0,0,0,1
215.61,1036,2,0,1,0,0,0,0
79.92,1359,3,0,1,0,0,0,0
18.23,991,7,0,0,0,0,0,0
99.45,1039,2,4,1,1,0,0,1
34.77,28,5,2,0,0,0,0,0
39.31,388,4,0,0,0,0,1,0
119.86,1316,2,2,0,1,0,0,0
230.05,1911,1,3,2,0,0,0,0
68.12,833,4,1,0,0,0,0,0
90.82,250,2,1,1,0,0,0,1
365.85,1529,3,1,0,1,0,0,1
84.84,98,5,0,1,0,0,0,0
899.36,1839,3,1,1,0,0,1,1
117.39,1361,3,2,0,0,0,0,0
11.46,1063,4,0,0,0,0,0,1
141.65,1062,4,1,0,1,1,0,0
97.63,1324,4,1,1,0,0,0,0
242.2,179,4,3,0,0,0,0,0
130.74,1633,3,3,0,0,0,0,0
58.06,892,4,0,0,1,0,0,0
19.6,1493,1,1,0,0,0,0,0
54.11,1306,4,0,0,0,1,0,0
28.49,750,7,1,0,0,0,0,0
37.32,1188,1,0,0,0,0,0,0
120.13,453,8,0,0,0,0,2,0
354.22,97,6,1,1,1,0,0,0
98.96,1793,2,2,0,1,0,0,0
20.17,309,5,0,0,0,0,0,0
104.02,262,3,0,0,0,0,0,0
220.66,293,3,0,2,0,0,0,0
36.24,1794,4,0,1,0,0,0,0
58.32,249,5,1,0,0,0,0,0
67.67,245,3,0,0,0,0,0,0
30.42,251,4,0,1,0,0,0,0
127.52,123,4,1,0,0,0,0,1
59.09,325,3,0,2,1,0,0,1
101.45,986,6,1,0,0,0,0,0
27.45,1705,6,2,1,0,0,0,0
43.06,1971,2,0,1,0,0,0,0
137.33,501,7,1,0,0,0,0,0
45.93,687,2,0,0,0,0,0,0
375.01,1805,4,1,0,0,0,0,0
44.72,1740,5,3,0,0,0,0,0
83.49,1861,2,0,0,0,0,0,0
169.46,1090,4,0,1,0,1,1,0
16.15,1851,3,1,1,0,0,1,0
11.46,836,5,1,0,1,0,0,0
14.5,59,5,0,1,0,0,0,0
235.71,731,3,0,0,0,0,1,0
38.4,1522,6,2,0,0,0,1,0
861.09,1397,2,0,0,0,0,0,0
37.93,266,7,0,0,0,1,0,0
80.2,1677,2,0,0,1,0,0,0
311.72,236,4,2,0,0,0,0,0
495.76,898,5,0,1,0,1,0,0
524.01,218,2,1,0,0,0,0,0
223.27,1551,2,0,0,0,0,0,0
185.69,1838,8,1,0,1,0,0,0
120.61,1465,3,0,0,0,0,0,0
145.24,1674,5,0,0,0,0,1,1
38.43,1430,3,0,0,0,1,0,0
29.42,1768,0,0,0,0,0,1,0
66.46,1625,8,0,0,0,0,0,0
56.25,975,2,0,0,0,0,0,0
42.38,589,2,1,0,0,0,0,0
133.81,1672,3,1,1,0,1,0,0
173.35,917,6,1,0,0,0,0,0
72.85,1493,4,1,0,0,0,0,1
292.23,918,2,0,0,0,0,0,0
21.29,1134,2,0,0,0,0,1,1
54.95,353,2,0,1,0,0,0,0
32.56,1837,8,1,1,0,0,0,0
10.31,91,5,1,1,0,0,0,0
61.39,1960,5,1,0,0,0,0,0
59.04,1906,2,1,0,0,1,0,1
302.91,1942,4,0,0,0,0,0,0
125.31,1438,4,0,0,0,0,0,0
23.95,702,6,2,1,0,0,0,0
425.85,73,8,0,0,0,0,0,0
226.11,685,4,0,1,0,0,0,0
119.35,1571,6,1,0,0,0,0,0
53.17,722,3,0,0,0,0,0,0
25.55,1322,7,0,0,0,0,0,0
45.96,1669,2,0,0,0,0,1,1
198.1,1307,2,0,0,0,0,0,0
439.04,1529,5,0,0,0,0,0,0
312.07,1222,7,0,0,0,0,0,0
40.9,958,6,1,0,0,0,0,0
21.77,1056,7,1,0,1,1,0,0
76.78,648,4,2,0,0,0,1,1
11.38,760,7,0,1,0,0,0,1
92.13,871,2,0,1,0,0,1,0
57.54,1365,8,0,1,0,0,0,0
41.84,1682,6,0,1,0,0,0,0
13.54,1358,4,2,0,1,1,0,1
111.45,143,5,2,0,0,0,0,0
39.15,1770,2,0,0,1,0,0,0
20.7,1434,4,0,2,0,0,0,0
3.77,949,3,0,3,0,0,0,0
64.88,44,2,0,0,0,0,0,0
392.39,32,2,0,0,0,0,1,0
351.17,1767,1,0,0,0,0,0,0
42.22,28,2,0,1,0,1,0,0
36.52,1020,3,0,0,0,0,1,0
106.57,423,4,0,1,0,0,0,0
24.57,491,4,1,0,0,0,0,0
90.18,160,2,2,0,0,1,0,0
143.46,845,3,1,0,0,1,0,0
227.45,1231,6,0,2,0,0,0,1
60.33,18,3,1,0,0,0,0,0
54.4,1127,4,0,0,0,0,1,0
27.72,1606,4,1,0,0,0,0,0
29.17,1655,4,2,0,0,1,0,0
53.17,1675,6,3,0,0,0,1,1
96.29,672,10,0,0,0,1,0,0
166.27,232,3,0,0,1,1,0,0
29.87,1684,9,1,1,0,0,0,0
296.69,1889,0,1,2,0,0,0,0
50.85,424,3,0,0,0,1,0,1
65.28,904,3,0,1,0,0,0,0
31.59,755,1,0,0,0,0,0,0
5.9,1571,2,0,0,0,1,1,1
161.43,837,1,2,0,0,0,0,0
139.33,894,5,1,0,0,0,0,0
50.33,1891,1,0,1,0,0,0,0
71.31,239,3,1,0,0,1,1,0
111.71,1358,5,2,0,0,0,0,0
13.98,149,2,1,1,0,0,1,0
39.29,623,3,2,1,0,0,0,0
147.56,1432,4,0,1,0,0,1,0
19.02,17,5,0,0,0,0,0,0
89.44,914,5,0,0,0,0,0,0
17.17,226,2,1,0,0,1,0,0
106.32,652,7,0,0,0,0,0,0
64.35,1680,2,1,0,0,0,0,0
13.26,260,5,1,0,0,1,0,0
213.74,1753,6,1,0,0,0,0,0
31.99,674,5,1,0,0,0,0,0
29.66,1628,4,0,1,0,0,1,0
81.5,174,2,0,1,0,0,0,0
210.32,1867,1,3,1,0,0,0,1
24.15,205,4,0,0,0,0,1,1
70.93,415,8,0,0,0,0,0,0
102.39,1532,4,0,1,0,0,1,1
133.37,1177,5,0,1,0,0,0,0
79.55,1127,5,0,1,0,0,1,0
46.2,1738,4,1,0,0,0,0,0
29.15,792,1,1,1,0,0,1,0
72.69,1089,2,0,0,0,0,0,0
22.83,1141,3,0,1,0,1,0,0
3.59,1689,5,1,3,0,0,0,0
103.19,1180,4,1,0,0,0,0,0
164.67,1700,3,0,1,0,0,0,0
6.28,1106,2,0,3,0,0,0,0
24.29,518,1,0,2,0,0,0,0
123.86,1858,4,0,1,0,0,0,0
521.91,1091,7,0,0,0,0,0,0
68.09,1262,5,0,1,0,1,0,0
32.2,1608,5,0,0,0,0,0,0
55.54,1631,7,0,0,0,1,0,0
263.72,1840,2,0,0,0,0,0,0
34.95,979,5,0,1,0,1,0,0
29.99,1010,5,0,1,0,0,0,0
41.15,1350,3,0,1,0,0,0,0
25.7,590,3,3,1,0,0,0,0
75.39,67,5,0,0,0,0,0,0
338.55,1200,3,1,1,0,0,1,1
92.12,1857,3,0,0,0,0,0,0
51.81,684,1,0,1,0,0,0,0
49.81,1502,7,0,0,0,0,0,0
13.97,1279,2,1,0,0,1,0,0
161.27,63,5,1,1,0,0,0,0
61.69,814,9,0,0,0,0,0,0
55.67,403,5,2,0,0,0,0,0
1624.75,1782,6,0,0,0,1,0,0
89.9,192,6,0,0,1,0,1,1
31.44,1353,1,0,1,0,0,0,0
43.54,71,3,0,0,0,0,0,0
210.28,878,7,1,0,0,0,0,0
74.68,741,4,0,0,0,0,0,1
15.83,946,4,2,0,1,1,0,0
167.21,1087,2,1,0,0,0,0,0
34.19,1321,3,0,1,0,0,0,0
434.11,245,3,0,0,0,0,0,0
196.38,519,4,0,0,0,1,1,1
42.64,393,5,3,0,0,1,0,0
240.09,772,0,0,1,0,1,0,0
71.37,1625,3,0,1,0,0,0,0
156.46,1201,4,2,0,0,1,2,1
108.28,1228,3,0,1,0,0,0,0
28.61,1670,2,1,0,0,0,0,0
35.04,1618,9,2,0,0,1,0,0
186.79,1557,4,2,1,0,0,0,0
47.71,911,4,0,0,0,0,0,0
44.54,1152,5,0,1,0,0,0,0
25.66,1219,2,1,1,0,0,0,0
101.86,1218,5,0,3,0,0,0,0
524.54,184,5,1,0,0,0,0,0
22.93,247,2,0,0,0,0,0,0
68.32,1897,3,0,0,0,0,0,0
273.75,1896,2,1,1,0,0,0,0
61.58,324,8,1,0,0,0,0,0
104.83,160,8,0,0,0,0,0,0
23.05,706,3,0,0,0,0,1,1
102.34,622,3,0,0,0,0,0,0
55.3,925,5,0,0,0,0,0,0
178.7,66,8,2,0,0,0,0,0
218.63,930,5,1,1,0,0,0,0
888.53,254,2,1,2,0,0,0,0
119.06,283,4,0,1,0,0,0,0
92.37,1084,3,0,0,0,0,0,0
80.99,118,4,0,1,0,0,0,0
46.84,423,8,2,0,0,0,1,1
93.55,556,3,0,0,0,0,0,0
49.63,1746,0,0,1,0,0,0,0
78.92,36,3,0,1,0,0,0,0
249.04,531,2,1,1,0,0,0,0
24.37,91,4,0,1,1,1,0,0
208.49,1325,6,1,1,0,1,0,0
248.92,1748,4,2,0,0,0,0,0
59.26,1941,5,0,0,0,1,0,0
7.99,1943,4,0,0,0,0,0,0
36.31,1758,3,0,0,0,0,0,0
243.96,1241,6,0,1,0,1,0,0
65.18,1759,6,1,0,0,0,0,0
24.55,1947,6,3,1,0,1,0,1
40.25,98,3,0,1,0,0,0,0
154.57,1480,4,2,1,0,1,0,0
115.21,531,2,0,2,0,0,0,1
52.51,1833,1,1,1,0,0,0,0
46.21,538,5,0,1,0,1,3,0
45.07,1052,5,0,1,0,0,0,0
26.51,1600,4,0,1,0,1,0,0
335.42,1348,5,1,0,0,0,0,1
48.31,1247,3,1,0,0,0,0,1
225.24,80,2,2,0,0,0,0,0
305.31,563,3,1,0,0,1,0,0
180.97,1482,7,1,1,0,0,0,0
43.31,614,3,1,0,0,0,0,0
99.86,176,12,0,1,0,0,0,0
65.09,522,4,0,0,0,0,0,0
27.01,1773,6,1,0,0,0,0,0
92.24,1481,1,0,0,0,1,0,0
20.51,423,5,0,0,0,0,0,0
218.7,1124,6,0,1,0,0,0,0
41.9,1914,4,0,2,0,0,0,0
81.55,1764,5,0,0,0,0,1,0
88.53,1427,2,0,0,0,0,0,0
51.47,576,5,1,0,0,0,0,0
119.9,1404,4,0,0,0,0,0,0
41.48,531,2,1,1,1,0,1,1
159.38,332,1,0,0,0,0,0,0
17.36,1342,6,0,0,0,0,0,0
75.67,653,5,0,0,0,0,0,0
463.56,1561,8,1,1,0,0,0,0
24.52,740,4,1,1,0,1,0,0
33.86,1113,5,2,0,1,0,0,0
111.49,1628,5,0,0,0,0,0,0
79.8,511,0,0,1,0,0,0,0
94.69,42,3,0,0,0,0,0,0
108.76,885,4,0,1,0,0,0,0
125.8,1831,5,1,2,0,0,0,0
202.29,1950,3,1,0,1,1,0,0
100.47,1413,4,0,0,0,0,0,0
52.39,81,6,1,2,0,0,0,0
130.66,402,7,0,0,1,0,0,0
445.81,107,3,0,0,0,0,0,0
58.4,1135,2,1,1,0,0,1,0
25.17,1301,0,1,0,0,1,0,0
201.76,1238,6,2,0,0,0,0,0
59.12,1767,8,0,0,0,0,0,0
7.59,1842,5,2,0,1,0,0,0
155.62,506,6,1,1,0,0,0,0
39.04,1145,2,0,1,0,0,0,0
60.91,1158,4,0,0,0,0,0,0
92.94,1842,3,0,0,0,0,0,0
80.68,720,4,0,1,0,0,0,0
135.57,1986,3,1,0,0,0,0,0
43.14,1395,1,1,0,0,0,0,0
111.4,257,3,2,2,0,1,0,1
51.44,1721,6,1,1,0,0,0,0
139.6,1822,1,1,0,0,0,0,0
123.39,954,3,1,1,0,0,0,0
26.17,1899,9,0,0,0,0,0,0
197.55,1204,3,2,1,0,0,0,1
39.02,933,2,1,1,0,0,0,0
149.61,1072,5,1,0,0,0,0,0
96.28,1623,5,0,1,0,0,0,0
419.13,897,6,0,0,0,0,0,0
53.33,19,2,1,1,0,0,0,0
47.03,1070,5,1,0,0,1,0,0
65.4,451,1,1,0,0,0,0,0
49.25,898,5,2,1,0,0,0,0
148.4,1080,4,2,2,0,0,0,0
13.25,741,4,0,1,0,0,0,0
23.25,1681,3,0,0,0,0,0,0
22.92,1116,3,0,0,0,0,0,0
172.48,82,3,2,0,0,0,0,0
368.93,737,3,1,0,0,0,0,0
60.07,79,1,0,0,0,1,0,0
56.33,1686,8,2,0,0,1,1,0
71.53,1897,5,1,0,0,0,0,0
213.12,283,8,0,0,1,0,0,1
26.38,1335,4,1,0,0,0,0,0
84.64,997,3,0,0,0,0,0,0
176.83,160,1,0,1,1,0,0,0
110.07,1340,5,0,0,0,0,0,0
80.61,1901,1,1,0,0,0,0,0
181.46,1692,6,0,2,0,1,0,0
4.47,1180,7,1,0,0,0,0,0
131.35,888,3,2,0,0,1,1,0
34.67,1738,4,0,1,0,0,0,1
10.69,468,8,0,0,0,0,0,0
111.19,1945,5,1,1,1,0,1,1
263.4,853,3,0,0,1,0,0,0
58.12,462,5,1,0,0,0,0,0
172.93,854,7,1,0,0,0,0,0
334.38,117,5,0,1,0,0,0,0
248.37,1690,2,1,4,1,0,0,1
343.77,364,3,0,1,1,0,0,0
140.07,1867,5,1,0,0,0,1,1
71.91,1655,2,0,0,0,0,0,0
13.44,1735,4,0,0,0,0,0,0
52.14,1937,5,2,0,1,0,0,0
28.7,466,5,0,1,0,0,0,0
584.61,1799,1,0,0,0,0,0,0
55.93,184,1,2,0,0,0,0,0
75.43,1984,6,3,0,0,1,0,0
115.76,660,3,0,0,0,0,0,0
69.66,1190,7,2,1,0,0,1,1
363.24,75,4,3,0,0,1,0,0
35.78,1772,6,1,0,0,0,0,0
81.01,826,3,1,1,0,0,1,0
31.74,1296,1,0,0,0,0,0,0
17.81,1715,4,1,1,0,0,1,0
36.17,503,3,2,0,1,0,0,0
64.26,795,2,2,0,0,0,0,0
43.41,1587,6,0,0,1,0,0,1
33.37,587,4,1,1,0,0,0,0
16.34,656,2,0,0,0,0,0,0
61.37,1367,5,1,0,0,0,0,0
14.81,700,10,1,0,0,0,1,0
142.6,635,5,1,0,0,1,0,0
72.42,844,4,1,0,0,0,0,0
15.52,1275,6,2,0,0,1,0,0
48.95,1832,1,1,0,0,0,0,0
31.43,835,2,1,1,0,0,1,0
91.76,1154,2,1,1,0,0,0,1
254.79,764,6,0,1,0,0,0,0
10.22,358,5,0,2,0,0,1,1
74.82,1968,4,1,0,0,0,0,0
56.82,692,3,0,0,0,0,0,0
130.5,1432,5,0,1,0,0,0,0
82.53,1885,0,3,1,0,0,1,1
31.44,1519,4,1,0,0,0,1,0
48.47,622,4,0,0,0,0,1,0
30.08,482,4,0,1,0,0,0,0
195.59,980,3,1,0,0,1,0,0
68.12,1874,4,0,1,0,0,0,0
446.39,1102,4,0,0,0,0,0,0
62.76,978,5,3,1,0,0,0,0
32.84,1538,0,0,0,0,1,0,0
14.68,1345,7,1,0,0,0,1,0
10.99,1812,5,2,1,0,0,0,0
13.68,290,3,0,0,0,0,0,0
87.11,1321,2,0,1,0,0,0,0
110.91,1705,2,1,0,0,0,0,0
13.72,752,8,1,1,1,0,0,0
163.21,1995,9,1,1,0,1,0,0
41.14,1499,1,1,0,0,0,0,0
77.23,23,3,0,1,0,0,1,1
334.36,806,5,0,1,0,0,0,0
163.5,172,5,1,2,0,1,0,0
50.98,835,4,1,0,1,0,0,0
27.35,318,5,1,0,0,1,0,0
7.75,908,3,1,1,0,0,0,0
32.49,798,2,1,1,0,0,0,0
53.99,991,6,5,1,0,0,0,0
24.85,855,7,1,0,0,1,0,0
58.48,1217,6,1,3,0,0,0,0
72.01,681,3,1,1,0,1,0,0
53.26,916,5,1,1,0,0,0,0
34.81,1142,5,2,0,0,1,0,0
78.94,1030,4,1,0,0,0,0,0
103.75,843,4,1,0,0,0,0,0
22.41,483,4,2,0,0,0,0,1
273.4,132,6,1,1,0,1,0,0
60.43,1117,5,0,0,0,0,0,0
67.96,1787,7,1,2,0,0,0,0
135.4,1546,1,0,1,0,0,0,0
84.2,1587,5,0,0,0,1,0,0
172.97,861,6,1,1,0,0,0,1
88.87,294,8,1,1,0,0,0,0
36.15,641,7,2,0,0,0,0,0
95.73,1000,4,1,0,0,0,0,0
21.25,392,6,1,0,0,0,0,0
74.33,249,5,1,1,0,0,0,0
64.51,1638,3,1,0,0,1,0,0
54.16,1873,6,1,1,0,0,0,0
58.64,1619,12,0,2,0,0,0,0
10.16,703,2,0,1,0,0,0,0
38.52,1441,3,0,0,0,0,3,0
73.17,1167,6,0,0,0,0,0,0
78.25,1261,3,0,1,0,0,0,0
23.86,287,2,0,0,0,0,0,0
236.44,277,7,2,0,0,0,0,0
28.05,387,2,0,0,0,0,0,0
175.82,1406,7,0,0,0,0,0,0
102.23,450,5,0,0,0,0,0,0
34.94,291,1,0,0,0,0,0,0
393.59,1193,2,2,1,0,0,0,0
20.21,443,4,1,1,0,0,0,0
167.19,656,5,1,1,0,0,0,0
181.38,1208,6,1,0,0,0,0,0
34.1,1069,5,2,0,0,0,0,0
268.4,1779,5,0,1,0,0,0,0
51.93,827,5,2,0,0,0,0,0
89.01,1970,5,0,0,0,1,1,1
86.52,1292,4,0,0,0,0,1,0
58.31,476,4,1,0,0,0,0,0
150.03,253,3,2,0,0,0,0,0
147.45,1420,4,1,0,0,0,1,0
11.61,289,3,0,0,0,0,0,0
245.76,1236,2,1,1,0,0,0,0
12.65,1000,1,0,0,0,0,0,0
187.27,1713,3,1,2,0,0,0,0
205.76,21,3,0,0,0,0,0,0
22.4,316,6,0,0,0,0,0,0
44.22,564,4,0,0,0,1,0,0
22.07,1462,2,0,0,0,0,0,0
53.79,1447,2,1,0,0,0,1,0
49.01,1257,1,1,0,0,0,0,0
145.43,1969,3,1,0,0,1,0,0
247.23,123,4,1,0,0,0,0,0
269.26,874,5,1,0,0,0,1,0
38.01,960,4,1,0,0,0,0,1
54.1,1636,2,1,1,0,0,0,0
12.39,214,3,3,1,1,0,0,1
29.79,1946,3,1,0,1,0,0,1
175.01,839,3,4,1,0,0,0,0
335.49,647,6,0,2,1,0,0,0
19.41,968,7,1,0,0,0,0,0
36.88,1854,4,0,0,0,0,0,0
64.95,730,7,2,1,0,0,0,0
88.25,600,5,1,0,0,0,0,0
29.68,792,6,0,0,0,0,0,0
101.91,40,4,0,0,1,0,0,1
41.52,752,2,1,1,0,1,0,0
65.73,1356,2,1,0,0,0,0,0
115.16,943,8,0,1,0,0,0,0
67.12,648,8,0,1,0,0,0,0
43.1,182,1,0,1,0,0,0,0
59.76,265,2,2,0,0,0,0,0
61.05,771,3,1,0,0,0,0,0
46.06,1718,5,0,0,0,0,0,0
51.48,1557,5,1,1,1,1,1,1
329.85,863,5,1,1,0,0,1,0
116.85,432,4,3,1,0,0,1,0
49.63,1967,7,2,1,0,0,0,0
133.88,1220,3,1,1,0,0,0,0
47.76,1748,6,0,0,0,0,0,0
215.54,509,5,1,0,0,0,0,0
96.51,447,5,0,0,0,0,0,0
59.9,528,3,1,1,0,0,0,0
104.35,1226,8,0,0,0,0,0,0
13.86,875,4,0,0,0,0,0,0
21.61,1754,10,0,0,0,0,0,1
20.21,1629,2,1,1,0,0,0,0
76.93,1157,5,0,0,0,0,0,0
377.1,1163,2,0,2,0,1,0,1
620.98,669,2,1,0,0,0,0,0
126.22,1517,8,1,0,0,0,1,0
110.04,847,3,1,1,0,0,1,0
11.01,70,7,0,0,0,0,0,0
38.76,816,7,1,1,0,0,0,0
30.33,1039,3,1,0,0,0,0,0
35.84,1771,4,1,1,0,0,0,0
56.37,1236,4,0,0,0,1,0,0
41.59,1826,1,1,0,1,0,1,1
9.21,1084,7,1,2,0,0,0,1
140.88,1276,8,0,1,1,0,0,0
22.81,446,5,0,0,0,0,0,0
84.71,1026,7,0,0,0,0,0,0
530.64,1772,6,0,0,0,1,0,1
26.59,1360,2,0,0,0,0,0,0
5.31,19,3,1,0,0,0,0,0
50.1,561,2,1,0,0,0,0,0
200.53,1102,3,1,0,0,0,0,0
472.65,472,4,0,0,0,0,0,1
19.5,28,4,0,1,0,0,0,0
109.58,560,2,0,0,0,0,0,0
41.88,608,6,0,0,0,1,0,0
59.98,1189,5,1,0,0,0,0,0
938.56,458,4,1,0,0,0,0,0
14.84,945,8,0,2,0,0,0,0
85.95,1901,1,1,0,0,0,0,0
106.45,1200,2,0,0,0,0,0,0
197.51,1609,4,2,1,0,0,0,0
73.55,984,1,0,0,0,1,0,0
90.74,868,6,0,0,0,0,0,0
45.08,1016,3,2,1,1,0,1,1
87.28,29,2,0,0,0,0,0,0
47.31,1980,6,1,2,0,0,0,1
124.16,669,1,1,0,0,0,0,0
46.08,826,4,0,1,0,0,0,0
97.23,816,3,0,0,0,0,0,0
64.76,279,6,0,0,0,0,0,0
205.62,283,3,2,0,1,0,1,0
63.35,1503,9,0,0,0,0,0,0
11.32,1003,5,1,0,0,0,1,0
235.55,1543,5,2,0,0,0,0,0
26.96,305,7,3,0,0,1,0,0
34.68,694,5,3,0,0,0,0,1
36.76,109,5,1,0,0,0,0,0
263.6,324,4,0,0,0,1,0,0
7.88,1230,4,0,0,0,0,0,0
1537.25,1258,4,5,2,0,0,0,1
191.72,1962,2,0,0,0,0,0,0
83.37,458,1,1,0,0,0,0,0
63.12,1211,3,3,0,0,0,0,0
88.73,1964,1,0,0,0,0,0,0
112.29,482,8,1,1,0,0,0,0
127.13,922,4,2,0,0,0,0,0
116.23,1431,2,2,0,1,0,0,1
72.94,1865,6,0,1,0,0,0,0
54.74,1533,4,1,2,0,0,0,0
57.32,1893,5,1,1,0,0,0,0
54.88,520,1,1,0,0,0,0,0
207.22,1077,1,4,0,0,0,0,0
120.73,1422,3,4,1,0,0,0,0
3.52,1223,3,3,1,0,0,0,0
128.5,391,4,2,0,0,0,0,0
81.02,1673,6,1,1,0,0,0,0
65.45,771,7,1,0,0,0,0,0
45.22,1870,8,1,1,0,0,0,0
205.23,913,4,0,0,0,0,0,0
172.01,1522,4,1,1,1,0,0,0
30.79,1196,4,3,0,1,0,0,1
100.19,86,7,1,0,0,0,0,0
25.24,558,2,0,1,0,0,1,0
16.78,858,2,2,0,0,0,0,0
35.63,1210,3,0,1,0,0,0,1
157.97,1180,7,0,0,0,0,0,0
172.97,1517,5,3,0,0,0,0,0
111.4,1934,9,1,1,0,1,0,0
137.7,1545,4,1,1,1,0,0,0
111.74,1651,2,1,0,0,0,0,0
35.11,666,1,0,1,0,0,0,1
102.71,1154,6,1,0,0,0,0,0
148.47,843,1,1,1,0,0,0,0
141.78,1105,5,1,0,0,0,0,0
218.97,1408,6,3,0,0,0,0,0
135.41,1826,3,1,0,0,0,0,0
94.77,1683,3,1,0,0,0,1,0
194.45,295,8,1,0,0,0,2,0
64.94,269,2,0,0,0,0,0,0
27.61,645,4,0,0,0,0,0,0
56.65,1586,3,1,0,0,0,0,0
31.66,535,5,0,1,0,0,0,0
33.95,1402,3,0,0,0,0,0,0
57.71,1400,4,1,0,0,0,0,0
30.19,88,6,1,0,0,1,0,1
49.01,925,3,1,1,0,0,1,0
10.04,1648,2,1,2,0,0,0,0
82.54,111,7,1,2,0,0,0,0
66.77,584,4,0,0,0,0,0,0
29.46,1178,4,1,1,0,1,0,0
128.93,1487,7,0,1,0,1,0,0
170.3,1593,3,2,0,0,0,0,0
13.36,769,0,1,2,1,1,0,0
31.1,1180,2,1,0,1,0,0,1
30.9,1649,2,0,0,0,0,1,0
26.05,1342,6,0,1,0,0,0,0
152.85,1583,6,0,0,0,1,0,0
54.94,238,6,0,0,0,0,1,0
51.19,334,4,1,1,0,1,0,0
8.99,106,4,1,0,0,0,0,0
125.89,1506,7,0,0,0,0,0,0
19.31,1723,3,1,1,0,0,0,0
70.81,1695,9,1,0,0,0,0,0
88.0,1734,6,2,0,0,1,0,0
259.99,382,10,0,0,0,1,0,0
18.01,689,3,0,1,0,0,1,1
3.26,261,9,3,0,0,0,1,0
80.15,1823,4,1,0,0,1,0,0
403.64,1317,2,0,0,0,0,0,0
230.2,1359,4,2,0,0,0,0,0
82.24,655,5,0,0,0,0,0,0
40.79,820,7,0,1,0,0,1,1
149.47,709,1,1,0,1,1,0,0
25.19,476,7,0,0,0,0,0,0
107.38,1249,4,0,0,0,0,0,0
110.55,907,6,1,1,0,0,0,0
192.52,555,5,0,0,0,0,0,1
1053.28,1478,2,0,0,0,1,0,0
98.73,663,3,1,2,0,0,0,0
40.09,1320,3,0,0,0,0,1,0
65.0,575,5,2,0,0,0,0,0
11.37,642,8,0,0,0,0,1,0
33.29,1791,7,2,0,0,1,0,0
44.29,463,4,0,0,0,0,0,0
39.48,855,4,0,0,0,0,0,0
77.66,1238,2,0,0,0,0,0,0
29.3,585,2,1,1,0,0,0,0
204.59,943,2,0,0,0,0,0,0
66.7,616,6,0,0,1,0,0,0
66.07,158,7,3,1,0,0,0,0
48.04,272,3,1,0,0,1,2,0
77.88,1851,3,0,0,0,0,0,0
152.19,1262,4,0,1,0,0,0,0
28.02,1327,6,2,0,0,0,0,0
34.53,1908,3,0,2,0,0,0,0
49.22,670,6,0,0,1,0,0,0
17.36,621,7,1,0,0,0,0,0
29.39,521,2,1,1,0,0,0,0
41.42,1345,3,0,2,0,0,0,0
159.87,59,3,1,1,0,0,0,0
86.71,1382,0,0,0,0,0,0,0
80.93,704,4,1,1,0,0,0,0
156.16,648,3,0,0,0,1,0,0
58.13,1275,8,2,0,0,1,0,0
98.54,891,6,0,0,0,0,0,0
60.15,436,1,0,0,0,1,0,0
86.95,146,7,0,0,0,0,0,0
37.23,859,9,0,0,0,1,0,0
5.82,978,2,0,1,0,1,0,0
58.31,1376,6,1,0,0,1,0,0
276.65,1594,1,0,1,0,1,0,0
168.38,1713,2,0,0,0,1,0,0
175.11,1824,2,1,0,0,0,0,0
229.55,245,4,1,0,0,1,0,0
72.87,1584,2,3,0,0,0,0,0
81.23,301,4,1,0,0,1,0,0
35.96,438,5,1,1,0,0,0,0
48.61,868,5,2,0,0,0,0,0
123.44,100,5,0,0,0,0,0,0
222.27,725,4,0,0,0,0,0,0
58.01,814,5,0,1,0,0,0,0
42.51,480,3,1,0,0,0,0,0
66.72,415,2,0,0,0,0,0,0
121.66,165,3,0,2,0,0,2,0
15.74,1936,8,0,0,0,0,0,0
6.71,1966,8,0,1,1,0,0,1
38.45,1662,5,1,0,0,0,1,1
19.67,1326,3,0,0,0,0,0,0
40.12,974,8,2,1,0,0,0,0
57.53,1145,5,2,0,0,0,0,0
42.38,88,5,0,1,0,0,0,0
284.99,1241,5,0,1,0,0,0,0
92.46,573,2,1,0,0,0,0,0
90.06,814,6,2,0,1,0,0,1
124.24,179,5,1,1,0,1,0,0
21.35,1726,2,1,0,0,0,0,0
188.5,163,2,1,0,1,0,0,0
61.82,593,5,1,0,0,0,0,0
130.38,1006,4,0,0,0,0,0,0
22.83,1194,2,2,1,0,0,0,0
14.1,301,5,4,1,0,1,0,1
151.09,374,2,1,1,0,0,0,0
97.16,708,2,1,0,0,0,0,0
27.06,203,8,2,1,0,1,0,1
27.95,47,1,1,1,0,0,0,0
205.5,463,0,0,2,0,0,0,0
20.3,1694,7,1,0,0,0,0,0
344.7,408,5,0,0,0,0,0,0
27.1,1218,6,0,0,0,1,0,0
126.27,427,2,1,0,0,0,0,0
48.01,930,1,0,0,0,0,0,0
121.9,1815,5,0,0,0,0,0,1
38.7,317,4,1,0,0,0,1,1
56.67,1503,4,0,1,0,0,0,0
69.47,421,6,0,0,0,0,0,0
24.48,1293,4,0,0,0,0,0,0
139.89,1505,5,1,0,0,0,0,0
39.92,1735,3,1,1,0,0,0,0
53.06,1760,2,0,0,0,0,0,0
24.67,263,1,2,2,0,1,0,0
5.14,1450,5,0,2,0,0,0,0
55.09,166,3,1,0,0,0,0,0
744.43,1716,1,2,1,0,0,0,0
146.15,428,3,0,1,0,0,0,0
65.41,1728,5,1,1,0,0,1,1
51.27,397,8,0,1,0,0,0,0
68.2,1240,2,1,0,0,0,0,0
115.25,796,5,0,1,0,0,0,0
20.47,1888,5,0,1,0,0,0,0
203.23,107,2,3,0,0,1,0,0
136.37,98,8,1,1,0,0,0,0
136.75,1904,2,0,1,0,0,0,0
103.39,1506,3,1,0,0,0,0,0
68.01,1523,2,0,1,0,0,0,0
130.69,1254,4,1,1,0,0,0,0
120.52,1281,3,1,0,0,0,1,1
46.8,43,8,1,0,0,0,0,0
37.58,242,3,1,0,0,0,0,0
73.84,1578,5,0,1,0,0,1,0
313.88,95,4,0,0,0,1,0,0
19.32,1970,3,0,0,0,1,0,0
15.37,1790,0,3,0,0,0,0,0
78.63,188,4,1,0,0,0,0,0
70.17,385,5,0,1,0,0,0,0
79.31,819,6,0,0,0,0,0,0
85.11,1424,4,0,0,0,0,0,0
53.35,1530,3,0,2,0,0,0,0
295.85,1191,3,2,0,0,1,0,0
13.45,1807,6,0,1,0,0,0,0
29.12,1149,3,0,0,0,1,0,0
60.14,1697,6,0,0,0,0,0,0
12.89,87,10,1,0,0,0,0,0
55.93,1845,5,1,1,0,0,0,0
351.24,489,2,2,1,0,0,0,0
68.09,226,2,0,2,0,0,0,0
83.99,1681,2,0,0,0,0,0,1
18.91,345,2,1,1,0,0,0,0
36.0,1784,6,0,0,0,0,0,0
45.82,1898,3,2,0,0,0,0,0
48.53,518,4,1,1,0,0,0,0
240.24,1055,1,1,1,0,0,0,0
116.48,1733,5,2,1,0,1,1,0
21.95,1768,2,0,0,0,0,2,1
85.33,296,5,0,0,0,0,0,0
109.75,414,5,0,1,0,0,0,1
208.54,1861,3,1,0,0,0,0,0
323.93,1996,3,0,2,0,0,0,0
24.17,135,5,2,0,0,0,0,0
29.64,525,5,0,0,0,0,0,0
18.96,1009,6,2,1,0,0,0,0
52.77,4,4,0,0,0,0,1,0
106.31,178,3,0,0,0,0,0,0
178.99,746,5,1,1,0,0,2,0
61.81,259,0,1,1,0,1,0,0
48.43,652,4,0,0,0,0,0,1
77.61,1089,5,0,0,0,0,0,0
28.93,1819,6,0,1,0,0,0,0
538.9,1387,2,2,0,0,0,0,0
13.36,1842,7,1,0,0,0,0,0
80.22,1741,5,2,1,0,0,0,0
504.52,1041,6,2,1,0,0,1,0
67.14,1224,4,2,2,0,1,0,0
55.14,544,4,1,0,0,0,0,0
46.64,1236,5,0,2,0,0,0,0
55.68,435,2,0,0,0,1,0,0
263.18,1297,4,1,0,0,0,0,1
7.3,290,3,0,0,0,0,0,0
309.03,803,4,0,2,0,1,0,0
16.06,483,6,0,0,0,0,0,1
51.08,234,5,0,0,0,0,0,0
43.41,408,1,0,0,0,0,0,0
120.13,694,1,2,0,0,0,0,0
13.49,1170,3,1,0,0,1,0,0
105.87,562,4,1,0,0,0,0,0
504.87,430,4,1,0,1,0,1,1
17.06,432,3,0,0,0,1,0,0
80.62,1639,3,1,0,0,1,0,0
34.4,1569,4,0,0,1,1,0,1
102.09,497,2,1,0,0,0,0,1
67.98,983,3,0,0,0,0,0,0
35.11,1113,6,1,1,0,0,0,0
108.62,997,6,2,0,0,1,0,0
405.19,1435,6,0,2,0,0,0,0
55.1,897,2,0,1,0,0,0,0
136.97,1877,4,1,1,0,0,0,0
18.3,827,3,2,0,0,0,0,0
25.62,1265,10,1,1,0,0,0,1
106.95,778,4,1,0,0,0,2,0
294.16,223,1,2,0,0,0,0,0
95.17,1772,4,1,1,0,0,0,0
48.76,1689,3,0,0,0,0,0,0
66.64,468,5,0,0,0,0,0,0
19.1,569,4,0,0,0,1,1,0
122.06,1346,2,1,0,0,0,0,0
161.15,375,5,0,1,0,0,0,0
42.43,1136,6,0,1,0,0,0,0
41.68,527,5,0,2,0,0,1,0
87.0,412,3,1,1,0,0,0,0
43.09,269,4,1,0,0,0,0,0
62.42,626,8,1,0,0,0,0,0
544.42,1276,2,0,1,0,0,0,1
52.09,1012,4,1,0,0,0,0,1
46.6,1398,4,0,0,0,0,0,0
34.9,1678,2,0,1,1,0,0,0
140.36,1650,0,0,0,0,1,0,0
55.63,450,4,1,0,0,1,0,0
34.84,802,6,0,0,0,0,0,0
249.96,1893,1,0,0,0,0,1,0
275.78,1561,5,0,0,0,0,1,0
36.58,1392,6,1,3,0,0,0,0
10.31,822,5,2,1,0,1,0,0
182.64,255,5,0,0,0,0,0,0
33.63,1487,6,0,1,0,0,0,0
147.03,1292,4,4,0,0,1,0,0
9.3,126,2,2,1,0,1,0,0
162.81,1417,4,1,0,0,0,0,0
19.86,762,2,0,1,0,1,0,0
138.49,799,3,0,0,0,0,0,0
67.64,1358,5,1,1,0,0,0,0
25.69,565,2,1,0,0,0,1,0
44.39,1392,7,1,2,0,0,0,0
132.46,1579,7,2,0,0,0,1,1
74.14,1702,2,1,0,0,0,0,0
119.63,1578,7,3,1,0,0,0,0
481.28,1916,5,1,0,1,0,0,1
13.95,456,8,2,0,0,0,0,0
336.03,1712,1,2,1,0,0,0,0
74.02,1091,5,1,1,0,1,0,0
27.15,1090,5,1,0,1,0,0,0
17.63,912,3,1,1,0,0,0,0
55.2,1619,4,0,1,0,0,0,0
167.61,862,4,0,1,0,0,0,0
58.7,617,7,0,0,0,0,0,0
302.22,400,4,1,1,0,0,0,0
15.62,287,3,1,1,0,0,0,0
65.89,1910,3,0,2,0,0,0,0
19.06,186,3,1,0,0,0,0,0
95.93,284,3,2,0,1,0,0,0
161.89,1540,8,0,2,0,0,0,0
43.78,650,2,0,0,0,0,0,0
4.93,691,4,1,0,0,0,0,0
81.37,237,3,0,0,0,0,0,0
103.21,1042,7,1,0,0,1,0,0
99.91,815,2,0,1,0,0,0,0
229.47,928,4,0,0,0,0,0,0
22.85,414,4,0,0,0,0,0,0
131.66,1956,5,1,1,0,0,0,0
219.75,9,4,0,0,0,0,1,0
11.26,420,8,2,0,0,0,0,0
91.8,29,2,1,0,0,0,1,1
40.28,1680,5,1,0,1,0,0,0
61.47,348,2,0,1,0,0,0,0
94.41,661,6,0,2,0,0,2,0
40.97,576,2,0,1,0,1,1,1
33.93,1903,4,2,0,0,0,0,0
69.0,450,7,2,0,0,0,0,0
22.48,380,7,3,0,0,0,0,0
22.51,699,6,0,0,0,0,0,0
131.55,366,4,1,1,0,0,0,0
21.14,1251,3,0,0,0,1,0,0
129.84,1142,1,2,0,0,0,0,0
105.91,412,6,1,2,0,0,0,0
11.87,951,2,1,1,1,0,0,0
33.87,356,2,2,3,0,0,0,0
220.11,254,3,1,1,0,1,1,1
25.0,1567,5,0,0,0,0,0,0
41.91,1697,4,3,0,0,0,0,0
105.85,727,1,0,0,0,0,0,0
145.97,1468,3,1,0,0,0,0,0
51.86,681,6,0,0,0,0,0,0
36.69,1105,4,1,0,0,0,0,0
276.54,1070,8,0,0,0,1,0,0
379.52,1073,5,0,1,0,0,1,0
177.48,1473,5,2,1,0,0,0,0
72.63,810,1,1,0,0,1,0,0
29.72,1431,6,0,0,0,0,0,0
29.07,1904,4,1,0,0,0,0,0
112.45,1307,3,0,1,1,0,1,1
101.33,473,2,0,0,0,1,0,0
270.86,416,6,1,1,1,1,1,1
127.8,979,9,0,1,0,0,0,0
14.83,600,3,0,0,0,0,0,0
190.94,1145,6,1,1,0,0,0,0
24.58,1027,4,0,0,0,0,0,0
45.42,1340,6,1,1,0,0,0,0
85.64,460,5,1,0,0,0,0,0
490.62,1251,4,1,2,0,0,0,0
1495.06,79,4,0,2,0,0,1,1
122.33,1681,1,2,0,0,0,1,0
55.52,1778,4,3,0,0,1,0,1
113.81,1568,3,0,0,0,0,0,0
162.01,775,5,3,0,0,1,1,1
48.39,1747,4,0,0,0,0,0,0
401.5,1095,1,0,1,0,0,0,0
83.94,896,5,2,3,0,0,1,1
109.7,1221,4,0,0,0,0,0,0
129.79,58,5,1,1,0,0,0,0
101.66,1448,6,1,0,0,0,0,0
154.31,1493,0,2,0,0,0,0,0
35.97,624,4,1,0,0,0,0,0
38.16,48,4,1,0,0,0,0,0
22.19,1459,3,0,0,0,0,0,0
103.49,1209,5,0,2,0,1,0,0
145.32,1903,4,0,1,0,0,1,1
105.4,839,1,0,0,1,0,0,0
355.84,165,5,1,0,0,0,0,0
66.31,1751,6,0,0,0,1,0,1
130.16,1355,3,2,2,0,0,0,0
22.38,330,2,1,0,1,0,0,0
45.28,1145,4,1,0,0,0,0,0
133.69,213,9,3,0,0,0,0,0
155.88,1847,8,0,2,0,1,0,0
49.7,507,4,0,0,0,0,1,0
62.08,1577,3,1,0,0,0,0,0
14.62,1889,4,2,0,0,0,0,0
46.66,916,2,0,0,0,0,0,0
162.45,801,10,2,0,0,0,0,1
118.53,168,3,1,0,0,0,0,0
110.02,995,8,0,1,1,0,0,1
70.09,1570,1,0,2,0,0,1,1
67.16,830,5,2,0,0,0,0,0
34.46,996,7,0,0,0,0,0,0
134.13,987,6,0,0,0,0,0,0
101.59,787,4,1,2,0,0,0,0
109.07,427,8,0,1,0,0,0,0
39.41,1733,6,0,1,0,0,1,1
7.74,1727,4,2,2,0,0,0,0
199.77,1245,3,1,1,0,0,0,0
41.31,1016,5,0,0,0,0,0,0
28.14,1034,2,0,0,0,0,0,0
133.42,1144,2,0,0,1,0,0,1
45.06,1659,3,1,0,0,0,0,0
192.47,1271,4,0,0,0,0,0,0
123.59,1384,4,0,1,0,0,0,1
132.1,1933,6,1,0,0,0,0,0
17.01,1245,3,1,1,0,0,0,0
224.07,773,5,4,0,0,0,0,0
86.6,1530,4,0,0,0,0,1,0
46.1,1082,4,2,1,0,1,0,0
76.97,1851,2,0,1,0,0,0,0
11.29,1484,6,2,1,0,0,0,0
100.35,1152,8,0,0,0,0,0,0
23.82,1723,5,3,0,0,0,0,0
17.24,717,4,0,1,0,0,0,0
14.55,86,8,0,0,0,0,0,0
202.89,104,4,1,3,0,0,0,0
35.54,143,3,1,0,0,1,0,0
309.12,205,3,1,0,0,0,0,0
39.02,641,1,1,1,0,0,0,0
12.09,1782,7,0,0,0,0,0,0
21.83,1062,2,2,0,0,0,0,0
229.48,1387,4,1,3,0,0,0,0
57.06,1645,6,0,0,0,0,1,0
38.54,1333,5,1,1,0,0,0,0
78.26,1076,2,0,2,0,0,1,1
110.14,1,3,1,1,0,0,0,1
203.85,11,3,0,0,0,0,0,0
283.87,1850,8,1,1,0,0,0,0
46.54,747,6,0,1,0,0,1,0
17.71,1664,2,0,0,0,0,0,0
44.1,1960,2,2,1,0,0,1,1
86.51,1238,5,2,1,0,0,0,0
25.44,956,3,0,1,0,0,0,1
25.61,755,5,0,1,0,0,0,1
94.05,1580,4,0,0,0,0,0,0
63.52,518,3,2,0,0,0,0,0
68.91,1692,2,1,2,0,0,0,1
31.23,1439,5,2,0,0,0,0,0
52.96,1032,4,1,0,0,0,1,1
26.46,5,5,2,1,0,0,0,0
162.42,1386,2,1,2,1,0,0,0
187.78,694,3,0,0,0,1,0,0
10.53,112,3,1,1,0,1,1,1
26.32,1004,3,0,0,0,1,0,0
14.93,273,9,0,1,0,0,0,0
34.81,422,4,1,0,0,0,0,0
61.35,265,6,1,0,0,0,0,0
15.65,1482,2,0,2,0,0,0,0
26.53,212,4,1,1,0,0,0,0
24.44,1102,2,0,0,0,0,2,0
82.04,782,8,0,0,0,0,0,0
71.47,666,3,2,1,0,0,0,0
32.4,1245,2,0,1,0,1,0,0
79.58,369,1,1,0,0,0,0,0
38.6,958,3,1,0,1,0,0,1
50.82,347,1,1,0,0,0,0,0
355.47,25,5,2,0,0,0,0,0
254.8,976,4,0,0,1,0,0,0
18.18,1444,2,1,0,0,0,0,0
152.89,1378,6,1,0,0,0,0,0
150.11,1744,3,1,0,0,1,0,1
21.15,417,6,1,0,0,0,0,0
151.23,515,5,0,1,0,0,0,0
310.42,215,3,0,0,0,0,0,0
21.7,1931,6,1,2,0,0,0,0
26.64,1136,8,0,0,0,0,0,0
184.5,954,4,1,0,0,0,0,0
87.49,1728,5,1,0,0,0,0,0
115.76,914,4,0,2,0,0,0,1
93.75,1583,1,0,0,0,0,0,0
98.56,428,5,0,1,0,0,0,0
17.7,733,4,0,0,0,0,0,0
190.06,699,3,3,1,0,0,0,0
214.77,1586,4,0,1,0,0,0,0
53.02,1733,4,0,0,0,0,0,0
63.85,216,2,2,1,0,0,0,0
14.42,413,3,0,1,0,0,0,0
111.53,1757,9,0,0,0,0,0,0
118.16,380,5,1,0,0,0,0,1
62.67,1626,4,1,0,0,0,0,0
205.28,232,2,0,1,0,0,1,1
47.75,835,5,1,0,0,0,0,0
117.28,258,5,1,2,1,0,0,1
24.05,1689,4,2,0,0,0,0,0
65.13,1280,4,0,1,0,0,1,0
56.02,403,13,0,0,0,0,0,0
83.54,424,1,1,0,0,1,0,0
46.08,770,6,0,1,0,0,0,0
58.47,65,4,1,1,0,1,0,0
152.33,190,3,1,0,0,0,0,0
43.09,1627,5,1,0,0,0,0,0
13.38,950,10,1,0,0,0,0,0
383.59,173,3,0,0,0,0,0,0
265.46,759,3,0,0,1,1,0,0
18.32,1792,5,0,0,0,0,0,0
132.91,628,5,1,0,0,1,1,1
40.33,561,4,0,0,0,0,0,0
86.79,1251,2,1,0,0,0,0,0
89.5,1001,4,0,1,0,0,0,1
52.75,1605,3,0,1,0,0,0,0
30.45,1958,4,0,1,0,1,0,0
33.43,1412,3,1,1,0,0,0,0
26.68,401,2,1,1,0,0,0,0
29.03,638,4,1,0,0,0,1,1
62.35,949,8,0,2,0,0,0,1
32.6,213,5,1,1,0,0,0,0
131.9,53,2,1,0,0,0,0,0
295.08,624,4,0,0,0,0,1,0
37.34,1695,4,0,0,0,0,0,0
84.72,752,0,2,3,0,0,0,1
109.91,662,2,0,0,0,0,1,0
106.91,139,2,3,1,0,0,0,0
71.95,418,6,0,0,0,0,1,0
140.15,1649,2,0,1,0,0,0,0
108.01,143,2,0,0,0,0,0,0
19.34,1906,2,0,1,0,0,0,0
159.04,509,7,1,0,1,0,0,1
161.95,650,4,0,0,0,1,0,0
31.08,486,5,1,1,0,1,0,1
69.26,992,2,0,2,0,0,0,0
132.07,1461,1,0,0,0,1,0,0
54.09,1840,5,0,0,0,0,0,0
195.0,543,3,0,3,0,0,0,0
709.01,293,2,2,0,0,0,1,1
30.39,1644,4,1,1,1,0,0,0
16.76,1308,4,2,0,1,1,0,1
90.36,671,3,1,0,0,0,0,0
137.22,838,5,3,0,0,0,1,1
52.94,1038,2,2,0,0,0,0,0
285.22,634,1,0,2,0,0,0,1
17.49,1751,3,0,0,0,0,1,0
133.34,272,5,3,0,0,1,0,0
36.38,1049,3,1,1,1,0,0,1
372.18,1959,4,0,0,0,0,0,0
489.07,322,7,0,0,0,0,0,0
30.98,806,6,2,0,0,0,0,0
38.49,1705,5,0,0,0,0,0,0
157.53,1127,2,1,0,0,0,0,0
45.28,1890,4,0,0,0,1,0,0
63.73,883,4,0,2,0,0,0,0
68.4,1064,3,1,1,0,1,0,0
9.78,235,1,0,1,0,1,0,0
65.77,832,1,1,1,0,0,0,0
33.46,1113,7,3,1,0,0,0,0
40.73,1124,5,1,1,1,0,2,0
282.49,144,4,0,2,0,0,0,0
18.98,1106,0,1,0,0,0,0,0
150.39,589,2,0,1,0,0,1,0
50.45,1595,10,1,0,1,0,0,1
50.41,229,6,3,2,0,0,0,0
146.99,1627,3,1,0,0,1,0,0
93.7,1890,1,1,0,0,0,0,0
117.99,1419,2,0,0,0,0,0,0
175.6,1537,5,0,0,0,0,0,0
47.88,1805,6,1,1,0,0,1,0
36.15,1822,9,0,0,0,0,1,0
22.53,1221,4,2,1,0,0,0,0
29.21,274,6,1,0,0,0,0,0
1272.95,590,5,1,0,0,0,0,0
231.52,653,3,0,0,0,0,0,0
17.27,1824,4,2,1,0,0,0,0
17.77,583,4,0,2,0,0,0,0
107.97,968,5,1,0,0,1,0,0
115.27,1586,2,0,2,0,1,1,1
115.46,1991,3,0,0,0,0,0,0
51.68,372,5,0,0,0,0,0,0
58.82,1905,6,2,0,0,0,0,0
92.56,1104,7,1,1,0,0,1,0
72.67,1259,3,0,1,1,1,0,0
7.25,1311,3,0,1,0,1,0,0
53.0,819,1,2,0,0,0,0,0
28.46,1691,4,1,0,0,0,0,0
79.46,572,3,1,0,0,1,0,0
1319.83,545,4,1,0,0,0,0,0
96.3,1461,3,1,0,0,0,0,0
48.74,127,3,2,1,0,0,0,0
167.64,733,1,2,0,0,0,0,0
108.06,1736,5,1,0,0,0,0,0
101.5,417,6,0,0,0,0,0,0
122.35,638,6,2,0,0,0,0,0
521.41,41,1,1,0,0,0,1,1
21.52,787,2,2,1,0,0,0,0
107.09,1493,5,1,0,0,0,0,0
26.41,297,4,0,1,0,1,0,0
116.22,1621,4,1,2,0,0,0,0
26.61,1625,4,0,0,0,0,0,0
43.93,42,9,2,0,0,0,0,0
49.65,632,7,0,0,1,0,0,0
176.94,1303,2,1,0,0,0,0,0
167.08,1483,10,2,0,0,0,0,0
19.19,33,2,2,1,0,0,0,0
70.45,1300,8,1,0,0,0,0,0
32.8,665,7,1,0,0,0,0,1
18.94,1114,6,1,1,0,0,1,0
53.68,616,4,2,1,0,1,0,0
48.99,948,2,1,1,0,0,0,0
755.0,1548,3,0,0,1,0,0,0
102.82,160,3,1,0,0,0,1,0
16.82,1953,4,3,3,0,0,0,0
37.91,458,4,1,0,0,0,1,0
185.19,1732,1,0,0,0,1,0,0
538.31,399,5,0,0,1,0,0,1
13.65,1843,6,1,0,0,0,1,1
10.18,1798,7,1,0,0,0,1,0
433.1,1115,7,1,0,0,0,0,0
98.46,1733,4,0,0,0,1,0,0
27.99,581,6,0,0,0,1,0,1
113.82,1490,5,0,1,1,0,0,0
4.78,220,5,0,0,0,0,0,0
66.91,1443,4,0,0,0,0,0,0
92.56,379,3,0,0,0,0,0,0
168.05,1750,7,2,0,0,0,0,0
24.19,930,3,1,0,0,1,0,0
72.65,1471,5,1,0,0,0,0,0
26.43,964,3,2,0,0,0,0,0
86.09,1170,3,0,0,1,0,0,0
27.24,233,4,1,0,0,0,0,0
44.34,1395,2,1,0,0,1,0,1
24.64,922,4,0,1,0,0,0,0
127.89,234,4,0,0,0,1,1,0
157.35,726,6,0,0,0,0,1,1
52.74,367,2,0,0,0,0,0,0
69.29,481,10,0,0,0,0,0,0
15.66,1597,4,1,0,0,0,1,1
49.42,1387,4,0,0,0,0,0,0
63.42,590,3,0,0,0,0,0,0
916.71,1535,3,0,1,0,1,0,0
21.93,1119,6,0,1,0,0,0,0
288.35,1866,4,2,1,0,0,0,0
180.7,216,3,3,1,0,0,0,0
88.29,725,2,1,0,0,0,0,0
387.08,1840,3,0,1,0,0,0,0
96.75,712,3,0,1,0,1,1,0
98.41,1888,4,1,0,0,0,0,0
63.24,1567,5,0,3,0,0,0,0
226.69,1826,4,2,0,0,0,0,0
199.63,1879,2,1,2,0,0,0,1
35.67,985,2,1,0,0,0,1,1
17.83,1159,2,0,1,0,0,0,0
54.44,1107,2,0,0,0,0,0,0
29.96,391,3,0,0,0,0,0,0
62.58,1071,2,0,0,0,1,0,0
229.85,392,3,2,0,0,0,0,0
42.21,718,4,2,2,0,0,0,0
63.89,385,3,1,1,0,0,0,0
70.67,381,5,2,0,0,0,0,0
155.78,1101,3,0,1,0,0,0,0
7.05,1283,3,1,1,0,0,0,0
36.35,1973,3,1,2,0,1,0,0
82.38,604,7,2,0,0,0,0,0
221.42,934,3,2,0,0,0,0,0
40.78,1971,3,0,0,0,0,0,0
10.21,399,5,3,0,0,0,1,1
123.93,100,6,3,1,0,1,1,1
35.33,1525,2,0,1,0,0,0,0
20.29,383,1,0,0,0,0,0,0
35.72,707,5,2,0,0,0,1,0
55.45,1216,5,1,2,0,0,0,0
36.42,1604,9,0,0,0,0,1,0
7.35,1925,1,1,0,0,0,0,0
163.54,1778,5,1,0,0,0,0,0
238.62,1626,2,0,1,0,0,0,0
127.93,1369,2,0,0,0,1,0,0
21.38,10,5,0,0,0,1,0,0
54.52,264,7,1,0,0,0,0,0
66.25,1292,4,0,2,0,0,0,0
121.36,832,3,3,0,0,1,0,1
130.1,630,3,0,1,0,0,0,0
32.0,762,3,0,0,0,0,0,0
72.38,1595,4,0,1,0,0,1,0
105.35,195,4,0,1,1,0,0,0
285.95,562,6,3,0,0,1,0,0
134.9,1431,3,0,0,0,0,1,1
146.8,1320,2,0,1,0,0,1,0
72.52,1914,4,0,0,0,0,0,0
273.27,97,3,1,0,0,0,1,0
100.46,462,7,1,0,1,0,0,0
28.19,1663,3,2,0,0,0,0,0
271.34,758,5,2,0,0,0,0,0
134.01,87,3,0,0,0,0,0,1
42.82,991,5,0,1,0,0,0,0
41.29,77,3,1,1,0,1,0,0
89.71,1913,5,1,1,0,0,0,0
105.97,1740,5,2,0,0,1,0,0
81.23,1507,5,1,2,0,1,1,1
91.04,1170,4,1,1,0,0,0,0
365.02,661,2,0,0,0,0,0,0
194.72,1135,4,1,0,0,0,0,0
80.69,1665,4,2,2,0,0,1,0
170.94,765,6,1,0,0,0,0,0
23.75,678,3,2,0,1,0,0,0
99.28,1321,6,1,0,0,0,0,1
407.2,1450,4,1,0,0,0,0,0
53.62,1673,6,1,0,0,0,0,0
28.57,791,6,0,2,1,0,0,1
34.74,1358,6,0,0,0,0,0,0
22.43,1547,2,1,0,0,0,1,1
30.42,583,6,1,1,0,0,0,0
46.04,671,2,0,0,0,0,0,0
16.35,1752,4,0,1,0,0,0,0
67.74,538,7,1,3,0,0,0,0
164.4,1822,6,0,0,0,0,0,0
26.9,1186,5,1,2,0,0,0,0
304.69,430,2,1,1,0,0,0,0
111.14,1638,4,0,0,0,0,0,0
186.9,1093,3,0,0,0,0,0,1
34.54,133,5,0,2,0,0,0,0
156.73,189,2,1,0,0,0,0,0
22.38,1747,6,0,0,0,0,0,0
162.43,1779,3,1,0,0,0,0,0
79.19,1702,4,2,0,0,0,0,0
115.96,1948,2,5,2,0,0,0,1
20.58,1946,5,0,0,0,0,0,0
27.25,573,4,1,1,0,0,0,0
121.17,1898,2,1,0,0,1,0,0
25.83,279,3,1,1,1,0,0,0
105.98,1454,6,1,0,0,0,0,0
16.99,1649,4,2,1,0,1,0,0
155.74,542,4,0,1,0,0,0,0
19.44,1859,3,2,0,1,0,1,1
115.85,1185,4,0,0,0,0,0,0
124.67,746,5,2,1,0,0,0,0
33.22,899,7,2,0,0,0,1,1
119.35,453,2,0,1,0,0,0,0
86.53,889,1,1,1,0,0,0,0
38.91,851,1,2,0,0,0,0,0
24.32,170,5,0,0,1,0,0,0
9.37,830,3,0,1,0,0,0,0
94.6,698,4,1,0,0,0,0,0
13.95,1081,2,0,0,0,0,0,0
73.36,1264,3,0,0,0,0,0,0
51.24,769,1,0,1,0,0,0,0
131.52,358,5,0,1,0,0,0,0
49.3,201,7,1,0,0,0,0,0
47.97,444,5,1,0,0,0,1,0
138.64,1861,7,1,0,0,1,0,1
93.23,827,2,1,0,0,0,1,1
91.48,1326,5,0,1,0,0,0,1
106.62,1130,5,1,0,0,0,0,0
14.36,1826,3,0,0,0,0,0,0
142.14,101,5,1,0,0,0,0,0
123.03,1121,3,0,0,0,0,0,0
24.13,1689,7,0,0,1,0,0,0
52.24,938,4,1,1,0,0,0,0
64.12,29,2,1,0,0,0,0,0
58.29,1530,7,1,3,0,1,0,1
93.12,665,7,1,0,0,0,1,1
279.04,1462,5,1,0,0,0,1,0
196.72,1403,4,1,0,0,0,0,0
17.95,73,4,1,0,0,0,0,0
124.22,254,1,1,0,0,0,0,0
251.88,1987,5,0,1,0,1,0,0
98.18,1935,3,0,1,0,0,0,0
198.54,516,5,3,1,0,0,0,1
498.83,749,7,0,0,1,0,0,0
185.62,1574,1,0,0,0,0,0,0
85.57,1044,2,1,0,0,0,0,1
189.63,1649,5,0,1,0,0,0,0
77.08,535,2,0,0,0,0,1,0
68.3,421,3,2,0,0,0,0,0
46.93,446,5,1,0,0,0,0,0
318.43,879,3,0,0,0,0,0,0
29.42,136,3,2,1,0,0,0,0
308.7,1529,3,0,0,0,0,0,0
109.93,1957,1,0,0,0,0,0,0
16.46,1784,8,1,0,1,0,0,0
96.32,1325,8,1,0,0,0,0,0
8.17,1633,5,1,1,0,0,0,0
124.65,33,3,1,1,1,0,0,1
161.62,647,7,0,1,0,0,0,0
36.88,1791,5,1,1,0,0,0,0
75.46,278,7,0,0,0,0,1,0
470.67,133,1,1,1,0,0,0,0
40.22,750,2,0,1,0,0,0,0
23.13,1551,3,1,1,0,0,0,0
293.44,1813,6,0,1,0,0,1,0
474.65,126,1,0,0,0,0,0,0
66.93,345,2,0,0,0,0,0,0
183.36,17,6,1,0,0,0,0,0
255.05,824,3,2,0,0,0,0,0
31.74,562,2,1,0,0,0,0,0
41.05,647,7,1,0,0,0,0,0
228.35,630,3,1,1,0,0,0,0
359.61,1402,6,1,1,0,0,0,0
117.08,818,5,0,1,1,0,0,0
27.67,60,2,0,0,0,1,0,1
486.41,1661,6,4,2,0,0,1,0
39.21,467,1,2,0,0,1,0,0
47.7,628,3,0,0,0,0,0,0
93.91,391,1,0,1,0,0,0,0
315.5,936,4,0,0,0,0,0,0
156.64,685,5,0,0,0,0,0,1
100.97,1211,4,1,0,1,0,0,0
105.98,498,4,1,0,0,0,0,1
69.65,600,2,1,0,0,1,0,0
116.53,1739,3,1,1,0,0,0,1
5.31,1385,4,0,0,0,0,0,0
49.57,1847,3,1,0,0,0,0,0
84.89,1856,5,2,0,0,0,0,0
21.09,449,0,1,1,0,1,1,1
98.13,1718,3,1,0,0,1,0,0
54.35,1888,3,2,0,1,1,0,1
385.86,680,1,0,1,0,0,0,0
321.51,1205,4,1,0,0,0,0,0
41.85,1836,7,0,0,0,0,0,0
57.35,1983,1,1,0,0,1,0,0
61.93,130,5,0,1,0,1,0,0
42.45,1999,6,0,1,1,0,0,0
81.05,149,3,2,0,1,0,0,1
31.24,1496,4,0,1,1,0,0,0
21.53,818,10,0,0,1,1,0,0
124.3,1745,3,1,1,0,0,0,0
125.15,1647,8,3,0,0,0,0,0
29.84,948,2,0,1,1,0,0,0
163.26,500,4,0,0,0,0,0,0
35.46,1673,6,0,0,0,1,1,1
85.9,1379,4,1,0,0,0,0,0
151.46,1940,5,1,2,0,0,0,1
64.48,1235,4,1,1,0,0,0,0
105.08,658,4,3,0,0,0,0,0
39.79,1620,5,2,3,0,0,1,1
54.79,1054,7,4,1,1,1,1,1
54.28,577,2,0,0,0,1,0,0
31.61,1048,8,0,1,0,0,0,0
55.88,984,3,1,0,0,1,0,0
14.17,1967,3,1,1,0,0,0,0
40.81,723,2,2,2,0,0,0,1
50.16,222,5,1,0,0,0,0,0
51.62,602,3,1,0,0,0,0,0
52.38,1642,4,0,0,0,1,0,0
62.69,684,4,0,0,0,1,0,0
107.71,742,2,0,2,0,0,0,0
159.89,925,5,2,1,1,0,0,1
34.82,1613,0,1,0,0,0,0,0
20.02,580,4,2,1,1,0,0,0
23.52,1901,4,0,2,0,0,0,0
40.97,401,1,1,1,0,0,0,0
46.9,1889,2,1,1,0,0,0,0
30.88,901,2,0,0,0,0,0,0
18.24,1628,3,0,1,0,0,1,0
42.26,512,2,1,1,0,0,0,0
79.95,88,4,2,0,0,0,0,0
120.91,1489,3,1,1,0,0,0,0
38.19,50,1,0,0,0,0,0,0
44.12,103,2,0,0,1,0,0,1
26.4,368,5,0,1,0,0,0,0
64.62,936,3,0,0,0,0,0,0
28.55,1516,3,0,0,0,0,0,0
118.29,1582,0,2,1,0,0,0,0
11.18,1715,0,0,1,0,0,0,0
46.54,1803,4,0,0,1,0,0,1
90.12,1292,7,1,0,0,0,0,0
80.14,1421,4,0,0,0,0,0,0
985.39,1344,5,2,0,0,0,0,0
94.61,1544,3,1,0,0,0,0,0
24.43,1473,3,3,0,0,0,0,0
60.61,1801,5,2,0,0,1,0,0
11.29,1500,4,1,0,0,1,0,0
61.52,898,5,1,2,0,0,1,0
28.99,1614,2,1,0,0,0,0,0
166.57,909,5,0,0,0,0,1,1
38.49,1264,6,1,0,0,0,0,0
59.34,258,3,1,0,0,0,0,0
35.32,1732,2,2,1,0,0,0,0
379.5,1996,3,0,0,1,0,0,0
48.36,1968,4,0,2,0,1,0,1
416.78,1866,3,0,0,0,0,1,0
150.53,1667,9,1,0,0,0,1,0
107.99,1988,4,1,2,0,0,0,0
96.42,390,4,1,2,0,0,0,0
98.87,1367,4,0,0,0,0,1,0
9.7,773,3,3,2,0,0,2,1
50.46,754,2,1,0,0,0,0,0
155.27,1411,2,0,0,0,0,0,0
63.5,394,3,1,0,0,0,0,0
16.36,683,2,1,1,0,0,0,0
63.28,1683,8,0,0,0,0,0,0
366.54,270,4,1,1,0,0,0,0
232.04,149,4,0,0,1,0,0,0
62.68,1404,6,0,3,0,0,0,0
172.68,811,8,2,0,0,0,0,0
46.22,28,6,0,2,0,0,0,0
12.14,1173,3,1,1,0,0,0,0
26.46,1444,5,0,0,0,0,0,0
318.27,280,0,1,2,0,1,0,0
50.7,1206,1,3,2,0,0,0,1
52.28,166,5,1,1,0,0,0,0
49.41,17,4,0,0,0,0,0,0
447.71,1174,9,1,1,0,0,1,1
338.99,339,3,0,0,0,0,0,0
613.25,1069,3,0,0,0,0,0,0
56.88,1526,5,0,0,0,0,0,0
89.62,842,3,1,0,0,0,0,0
14.63,189,3,0,0,0,0,2,0
292.05,651,1,1,0,0,0,0,0
20.74,1085,3,1,0,0,0,0,1
82.83,294,7,1,0,1,1,0,0
22.26,1858,1,1,0,0,0,0,0
37.01,1057,5,4,0,0,0,0,0
28.87,1323,4,1,0,1,0,0,1
36.31,415,4,0,0,0,1,1,0
38.9,1648,3,0,0,0,0,0,0
38.54,803,2,1,0,0,0,0,0
153.44,1573,4,1,0,0,1,0,0
22.09,431,3,4,1,0,0,0,0
83.14,1519,5,0,0,0,0,0,0
225.42,1124,6,2,0,0,1,0,0
39.92,1047,3,1,0,0,0,0,0
32.53,1444,3,2,0,0,0,0,0
52.96,1448,5,1,1,0,0,2,0
216.96,487,1,1,0,0,0,0,0
80.97,1754,1,0,0,0,0,0,0
39.2,89,5,1,0,0,0,0,0
108.19,1233,2,0,0,0,0,0,0
22.15,271,1,0,0,0,0,0,0
131.81,1957,6,2,0,0,1,1,0
100.34,1773,3,2,1,0,0,0,0
49.02,900,5,0,0,0,0,0,0
28.83,1430,3,0,1,0,0,0,0
27.48,1745,4,2,1,0,0,1,0
113.84,278,6,0,0,0,0,1,0
227.92,206,3,1,0,0,0,0,0
35.26,1614,3,0,0,0,0,0,0
105.47,913,5,1,2,0,1,0,0
8.27,328,7,1,1,0,0,0,1
37.17,1634,5,0,1,1,0,0,0
64.65,858,1,0,0,0,0,0,0
26.85,877,2,0,0,0,0,0,0
26.14,862,4,2,0,1,0,0,0
34.2,336,1,0,0,0,0,0,1
89.32,606,3,0,0,0,1,0,0
55.29,592,3,1,0,0,0,0,0
7.11,1062,5,1,0,0,0,1,0
8.0,1014,10,2,0,0,0,0,0
36.35,1944,5,1,1,0,1,0,0
105.39,1252,2,1,0,0,0,0,0
4.27,1507,4,2,0,1,0,0,0
40.46,1158,4,1,1,0,0,0,0
39.4,708,4,0,3,0,0,0,0
267.29,978,3,0,0,0,0,0,0
45.38,1414,5,0,0,0,0,0,0
97.81,1818,2,1,0,0,0,1,0
76.8,1637,2,0,0,0,0,0,0
7.92,425,2,1,1,0,0,0,0
143.77,587,4,0,1,0,0,0,0
82.71,806,7,2,0,0,0,0,0
110.86,1534,2,1,0,1,1,0,0
3382.05,720,8,1,0,1,0,0,0
8.3,1619,2,1,0,1,1,0,0
374.16,1451,8,0,1,0,1,1,1
50.03,949,6,1,0,0,0,0,0
88.88,655,8,4,3,0,0,0,1
63.72,474,5,3,2,0,0,0,0
43.63,568,4,0,1,0,0,0,0
37.72,1385,4,0,0,0,0,0,0
92.71,1976,5,0,1,0,0,0,0
14.63,1823,5,0,0,0,0,0,0
141.26,211,5,0,0,1,0,0,0
43.98,1977,4,0,0,0,0,0,0
21.54,1203,4,1,0,0,0,0,0
42.52,1944,4,0,0,0,0,0,0
234.43,1082,3,1,2,0,0,0,1
39.04,1097,3,1,2,0,0,0,0
95.44,215,3,0,0,0,0,0,0
32.11,900,5,1,1,0,0,0,0
142.3,1802,1,0,0,0,0,0,0
132.36,1983,3,2,2,0,0,0,0
423.52,1097,6,1,0,0,0,0,0
55.95,467,4,2,1,0,0,0,0
130.15,1295,6,0,1,0,0,0,0
73.56,1523,4,1,0,0,0,0,0
243.68,354,3,1,0,1,0,1,1
32.5,1258,3,0,1,0,0,0,0
140.47,1343,2,2,0,1,0,0,0
54.89,1043,4,0,0,0,0,0,0
62.54,625,2,2,0,0,0,1,0
73.09,1599,2,2,1,0,0,1,0
85.82,372,3,0,2,0,1,0,1
59.37,184,3,1,0,0,0,0,0
82.66,1301,5,1,0,1,0,1,1
323.15,674,2,0,0,0,0,0,0
178.65,755,7,0,1,0,0,2,1
159.04,1169,6,2,0,0,0,0,0
42.29,1682,7,1,1,0,0,0,0
27.41,1105,2,0,0,0,0,1,1
173.35,322,3,1,0,0,0,0,0
160.14,435,4,0,1,0,1,0,0
290.81,1857,3,0,1,0,0,0,0
36.45,1067,6,1,1,0,0,1,0
53.01,1337,5,0,2,0,1,1,0
12.94,1930,2,2,1,0,0,0,0
45.04,293,8,2,1,0,0,0,0
180.65,688,3,0,0,0,0,0,0
41.83,888,4,0,0,0,1,0,0
126.53,69,2,1,1,0,0,1,1
55.12,56,4,0,1,0,0,0,0
92.21,631,4,0,0,0,0,0,0
21.16,1228,6,0,0,0,0,0,0
72.62,420,3,0,1,0,0,0,0
3.35,1951,4,1,2,0,0,0,0
55.32,567,4,2,0,0,0,0,0
13.06,550,6,2,1,0,0,0,0
222.74,243,7,2,1,0,1,1,0
145.1,1225,2,1,0,0,0,1,0
106.34,748,4,1,1,0,0,0,0
305.21,1498,5,0,1,0,0,0,0
25.82,527,3,1,1,0,0,0,0
382.74,1680,0,1,0,0,0,0,0
169.39,77,5,0,0,0,0,0,0
52.64,1502,5,1,0,0,1,0,0
207.6,1845,4,0,1,0,0,0,0
22.06,440,2,2,0,0,0,0,0
29.24,1287,5,2,0,0,0,1,0
36.29,1209,7,1,2,0,0,0,0
39.29,1079,6,0,1,0,0,0,0
23.18,1332,3,0,1,1,0,0,0
226.58,516,2,0,0,0,1,0,0
51.48,1323,5,3,1,0,0,0,0
94.87,1576,6,1,0,0,0,0,0
37.7,1254,1,1,1,0,0,0,0
10.8,1401,2,0,0,0,0,0,0
87.36,1310,2,2,0,0,0,0,0
9.85,1162,5,1,1,0,0,0,0
62.26,1502,2,2,1,0,0,0,0
16.97,615,3,1,0,0,0,0,0
486.52,1031,7,0,0,0,0,0,0
165.9,676,1,0,0,0,0,0,0
74.13,1443,4,1,0,0,0,0,0
235.97,1496,4,0,0,1,0,1,0
28.61,1959,4,1,1,0,0,0,0
114.83,420,3,1,0,0,0,0,0
81.44,1901,4,0,1,0,0,0,0
86.84,276,1,2,1,0,0,0,0
238.02,1585,3,1,0,0,0,0,0
138.72,608,4,1,1,0,0,0,0
89.01,571,6,0,0,0,0,0,0
12.74,1767,3,0,0,0,0,0,0
25.53,1713,1,1,0,1,0,1,1
58.99,90,2,1,0,1,0,0,0
73.21,282,2,2,1,0,0,0,0
21.54,1572,2,0,0,1,0,0,1
743.73,1195,1,1,0,0,0,0,0
303.81,638,6,0,0,0,0,0,0
121.77,811,5,0,0,0,0,0,0
71.67,1379,4,0,0,0,0,0,0
53.94,1228,4,1,0,0,1,0,0
25.74,1313,5,0,1,0,0,0,1
72.06,868,3,0,0,0,1,0,0
86.29,462,2,2,2,0,0,1,1
19.26,1633,5,0,0,0,0,0,0
93.15,750,2,0,0,0,0,0,0
57.1,1197,5,0,1,0,1,0,0
9.9,301,5,2,0,0,0,0,0
28.21,600,6,2,0,1,0,0,0
44.1,1935,3,0,0,0,1,0,0
440.4,1887,3,1,0,1,0,0,0
116.34,529,1,1,0,0,0,0,0
17.54,140,4,0,0,0,0,0,0
108.42,1790,1,2,0,0,1,0,0
14.19,278,3,0,1,0,1,0,0
196.9,663,4,0,2,0,1,0,0
41.63,511,2,1,1,0,0,0,0
60.73,1370,3,0,0,0,0,0,0
251.09,1870,4,2,0,0,1,0,0
18.41,1164,5,0,0,0,1,0,0
16.49,114,7,1,0,0,0,0,0
37.2,580,11,1,1,0,0,0,0
188.36,1531,8,0,0,0,0,0,0
14.59,1390,6,1,2,0,0,0,0
3.93,691,4,0,1,0,0,1,1
42.47,637,7,0,1,1,0,0,0
115.79,1421,3,1,1,0,0,0,0
221.46,1849,2,3,0,1,0,0,0
41.97,823,4,0,0,0,0,0,0
44.19,1874,4,1,1,0,0,0,0
211.43,875,6,1,2,0,0,0,0
10.28,1948,6,0,1,1,0,0,0
45.22,1894,6,0,1,0,0,0,0
80.67,1769,2,1,1,0,0,0,0
104.5,940,4,0,0,0,0,0,0
40.05,1683,6,2,0,0,0,1,0
69.02,942,2,0,0,0,0,0,0
5.54,1135,3,1,1,0,0,0,0
34.53,1899,2,0,0,0,1,0,0
104.95,358,1,0,1,0,0,0,0
24.97,1262,1,1,1,0,0,0,1
70.74,3,3,2,1,0,0,0,1
104.26,1747,3,3,0,0,0,0,0
47.34,404,9,1,2,0,0,0,0
79.08,25,3,1,0,0,1,0,0
25.46,1867,8,0,0,1,0,0,0
54.24,509,6,0,1,0,0,0,0
122.76,696,3,0,1,0,0,0,0
78.02,1489,5,0,0,0,1,0,0
37.09,61,5,1,1,0,0,0,0
83.45,1532,2,0,1,0,0,0,0
136.27,123,5,0,0,0,0,0,0
8.59,1521,3,0,1,1,0,0,0
212.53,55,5,0,0,0,1,0,0
47.64,1187,5,1,1,0,0,1,0
102.05,974,3,0,2,0,0,0,0
220.8,1723,4,1,0,0,0,0,0
16.92,1063,5,2,0,0,1,0,0
32.8,1721,4,0,0,0,0,0,0
49.97,1107,7,1,1,0,1,0,0
30.45,1731,7,0,2,0,0,0,0
378.02,546,2,0,0,0,1,0,1
28.31,113,2,2,1,0,0,0,0
38.26,425,4,1,0,0,1,0,1
81.81,918,3,1,1,0,0,0,0
20.04,230,3,1,1,0,0,0,0
44.89,1307,10,1,1,0,0,0,0
91.6,917,4,0,0,0,1,0,1
47.81,1961,7,0,0,0,0,1,1
60.74,1311,1,1,0,0,0,0,1
39.28,155,4,0,0,0,0,1,1
14.67,165,3,5,2,0,0,1,0
91.98,962,2,2,0,0,1,0,0
385.65,1206,4,2,0,0,0,1,0
67.92,1263,7,1,0,0,0,0,0
83.53,649,2,1,0,1,0,0,0
133.32,1363,3,0,1,0,0,0,0
18.74,938,3,1,0,0,1,1,1
365.96,512,2,2,1,0,1,0,0
81.64,932,5,0,1,0,0,0,0
340.99,266,2,2,0,0,0,0,0
32.04,187,6,1,1,0,0,0,0
410.78,1064,6,0,0,0,0,1,0
144.77,1846,2,0,0,0,0,0,0
115.94,1517,2,4,0,0,0,0,1
84.27,1703,0,0,1,0,0,0,0
52.01,391,5,0,1,0,0,0,0
221.52,1284,4,0,2,0,0,0,0
76.74,655,4,0,1,0,1,0,0
9.33,1740,8,0,0,0,0,0,0
21.82,176,4,0,1,0,1,0,0
55.38,774,1,0,0,0,0,0,0
90.92,764,1,0,1,0,0,0,1
63.02,1353,2,0,2,0,0,2,1
225.65,931,4,0,0,0,0,0,0
9.48,1224,1,2,1,1,0,0,0
76.98,711,4,0,0,0,0,0,0
10.83,1220,4,2,1,0,0,0,0
142.55,826,3,1,0,0,0,0,0
60.68,589,4,1,0,1,1,1,0
101.45,531,6,1,1,1,1,0,1
28.11,1086,2,1,0,0,0,0,0
239.72,1351,5,0,1,0,0,0,0
189.0,1930,10,0,0,0,0,0,0
119.53,281,4,1,1,0,0,0,0
58.59,1964,2,0,0,0,1,0,0
119.09,1786,6,0,1,0,0,0,0
32.89,227,3,0,0,0,0,0,0
156.89,639,4,0,0,0,0,0,0
347.05,1082,2,0,1,0,0,0,0
194.53,921,4,1,0,0,0,1,1
32.15,477,5,1,0,0,0,0,0
95.72,1400,2,0,0,0,0,0,0
18.3,716,6,0,0,0,0,0,0
118.2,243,5,0,0,0,0,1,0
104.65,367,6,1,1,0,0,0,0
10.28,936,1,1,0,0,0,0,0
20.87,1868,6,3,1,0,0,0,0
50.24,1524,2,0,0,1,0,0,0
49.36,838,4,3,0,0,0,1,1
19.9,1276,2,0,0,0,0,0,0
98.39,906,4,1,1,0,0,0,0
85.75,1346,2,1,1,0,1,1,1
54.91,376,8,1,0,0,0,0,0
31.32,1433,2,2,1,1,0,0,0
190.32,711,2,1,0,0,0,0,0
349.12,1512,1,0,0,0,0,0,0
41.12,343,4,0,0,0,1,0,0
36.16,240,2,2,0,0,0,1,1
108.98,139,3,0,1,0,0,0,0
46.62,1146,2,0,1,0,0,0,0
58.01,420,4,0,2,0,0,0,0
139.72,1585,4,1,0,0,0,0,0
9.88,304,2,0,0,0,0,0,0
249.21,115,8,1,1,0,0,0,0
71.71,343,9,0,1,1,0,2,1
44.19,1275,1,2,0,0,0,1,1
60.99,7,2,1,2,0,0,1,1
64.23,731,3,1,0,0,0,0,0
11.81,1613,3,1,0,1,0,0,1
297.36,179,7,2,0,0,0,0,0
69.5,1169,3,2,0,0,0,0,0
103.86,416,2,0,1,0,0,0,0
172.7,666,2,1,0,0,0,0,0
24.02,1145,5,0,1,0,1,0,1
107.07,1148,3,0,0,0,0,0,0
51.03,150,4,2,0,0,1,1,1
155.52,397,5,1,0,0,0,0,0
7.95,381,4,0,0,0,0,0,0
60.39,1804,6,2,1,0,0,0,0
36.5,839,1,3,0,0,0,0,0
102.75,1,4,1,0,0,1,0,1
106.7,1697,5,3,0,0,1,0,0
32.86,244,4,1,1,0,0,0,0
32.71,1911,4,0,0,0,1,0,0
59.7,1422,7,2,0,0,0,1,0
27.2,1275,6,2,0,0,1,0,0
154.78,879,3,0,0,0,0,0,0
46.1,1600,3,1,0,0,1,0,1
3.64,1323,5,3,0,0,0,0,0
45.84,760,5,0,0,0,0,0,0
23.6,954,6,1,0,0,0,1,1
13.05,1321,3,1,0,0,0,0,1
19.35,977,0,1,1,0,0,0,0
74.4,1988,5,1,0,0,0,1,0
251.8,1524,4,0,0,0,0,1,0
91.21,1139,2,0,1,1,0,0,0
36.36,1831,4,4,0,0,0,1,0
105.2,1,5,0,0,0,0,1,1
42.14,553,8,0,1,0,0,0,0
33.29,1709,1,1,0,0,0,0,0
21.02,1624,5,2,0,0,0,0,0
11.57,482,4,0,1,0,1,0,0
45.15,1634,10,0,0,0,0,0,1
78.1,600,4,0,0,0,0,0,0
60.54,763,5,1,2,0,1,0,1
43.99,1534,5,1,0,0,0,0,0
25.9,335,3,0,0,0,0,0,0
122.52,465,6,0,0,1,0,0,0
17.87,1165,6,0,1,0,0,0,0
144.9,583,4,1,1,0,0,0,0
24.48,137,3,2,0,0,0,0,0
31.42,1004,6,0,0,0,0,0,0
15.38,1983,4,0,0,0,0,0,0
40.39,1635,0,0,0,0,1,1,1
176.85,1687,8,1,0,0,0,0,0
111.68,950,6,2,0,0,0,0,0
177.4,687,2,0,0,0,0,0,0
112.41,167,3,0,1,0,0,0,0
22.12,1367,4,1,0,0,1,0,0
47.9,1434,5,0,1,0,0,0,0
30.56,1793,3,0,0,0,0,0,0
252.29,910,3,0,1,0,0,0,0
20.15,1760,4,0,0,0,0,0,0
162.99,880,5,0,1,0,0,0,0
162.87,842,2,0,1,0,0,1,0
415.56,65,1,0,1,0,0,1,0
44.27,1605,7,2,1,0,0,0,0
135.95,1091,5,0,1,0,0,0,0
653.05,433,3,1,1,0,0,0,0
35.96,1074,3,2,1,1,0,0,0
14.37,1338,2,1,0,0,0,0,0
10.18,1333,2,1,0,1,0,0,0
136.01,1627,1,0,1,0,0,0,0
10.14,115,1,0,0,1,0,0,0
45.96,1910,6,1,0,0,0,0,0
103.27,569,3,2,1,0,0,0,0
80.25,1366,8,1,0,0,0,0,0
102.05,1554,5,2,0,0,0,1,1
83.29,1808,1,0,0,0,0,0,0
239.57,642,5,2,0,0,0,0,0
25.73,495,7,1,1,0,0,0,0
33.89,1293,4,0,2,0,0,0,1
30.79,941,3,0,0,0,0,0,0
152.96,1104,1,0,0,0,0,0,0
164.09,1480,8,0,1,0,0,1,1
104.71,1323,8,0,0,0,0,1,0
217.78,968,3,2,0,0,0,0,0
20.53,822,3,1,1,0,0,0,0
353.27,202,3,2,1,0,0,0,0
305.89,1527,4,1,0,0,1,0,0
139.16,1761,3,0,2,0,0,0,0
396.15,1695,3,2,0,0,0,0,0
12.72,1740,3,1,0,0,0,1,1
39.47,649,2,1,1,0,0,0,0
31.97,1509,4,2,0,0,0,0,0
137.21,1609,3,0,0,0,0,0,0
23.33,560,3,1,0,0,0,0,0
142.24,1042,2,0,0,1,1,0,0
262.57,478,2,0,3,0,0,0,0
133.65,488,0,2,0,0,0,0,0
88.57,983,2,0,0,0,1,0,0
24.83,779,4,0,1,1,0,1,1
28.59,1470,3,0,1,0,0,0,0
232.67,340,1,0,0,0,1,0,1
145.38,1555,2,2,0,0,0,0,0
64.13,612,1,1,1,1,0,0,0
43.91,116,4,1,0,0,0,0,0
8.8,1882,6,3,0,0,0,0,0
22.85,74,4,0,0,0,0,0,0
450.98,1816,3,0,0,0,0,0,0
18.53,1293,0,1,0,0,0,0,0
80.6,1661,3,0,1,0,0,0,0
182.63,116,4,0,0,0,0,0,0
19.01,1710,5,0,1,0,1,1,1
80.21,1717,4,0,0,0,1,1,1
170.36,1762,1,1,0,0,0,0,0
67.53,1693,4,0,0,0,0,0,0
1174.27,1188,9,1,0,0,0,0,0
12.57,1607,3,2,0,0,0,0,0
192.24,1246,2,2,0,0,0,0,0
56.1,126,5,1,0,0,1,1,0
144.3,657,9,0,1,0,0,0,0
103.68,1200,4,2,1,0,1,0,0
32.04,1997,3,2,1,0,0,0,0
83.85,664,3,0,0,0,1,0,0
10.4,1718,4,1,0,0,0,0,0
121.91,1399,3,0,0,0,0,0,0
89.85,991,3,1,1,0,0,0,0
126.3,1018,4,0,0,0,0,0,0
192.12,859,5,2,0,0,0,0,0
96.31,1522,4,1,1,0,0,0,0
77.33,85,5,0,1,0,0,0,0
27.63,1900,3,0,1,0,1,1,0
32.71,1407,6,2,0,0,1,1,1
218.49,633,3,1,1,0,0,0,0
280.43,1665,3,1,1,0,0,0,0
52.56,1487,3,0,1,0,0,0,0
69.83,451,4,2,1,0,0,1,1
26.99,518,3,1,1,0,0,0,0
215.46,846,4,1,0,0,0,0,0
129.72,695,6,1,0,0,0,0,0
464.62,550,5,2,1,0,0,0,0
27.71,929,7,0,0,0,0,0,0
45.7,116,2,0,0,0,1,0,0
84.05,1638,4,1,0,0,0,0,0
127.29,1032,2,0,2,0,0,0,1
53.75,1242,3,2,0,0,0,0,0
27.86,1743,4,0,0,0,0,0,0
161.0,1614,2,0,0,0,0,0,0
137.16,1904,4,1,1,0,1,0,0
26.67,404,5,1,0,0,0,0,0
258.64,1591,1,2,0,0,1,0,0
214.91,304,8,1,1,1,0,0,0
76.27,1491,1,0,0,0,0,0,0
72.21,1976,1,0,2,0,0,0,1
116.05,740,4,0,2,0,0,0,0
28.17,88,2,2,2,0,0,0,0
68.72,1034,8,3,1,0,0,1,1
7.75,308,3,1,0,0,0,0,0
160.21,434,2,0,1,1,0,0,0
13.99,802,5,1,0,0,0,0,0
299.89,164,3,0,0,0,0,0,0
47.94,1263,5,0,1,0,0,0,0
53.96,1341,4,3,0,0,0,0,1
35.6,996,3,0,0,0,0,0,1
50.0,656,5,1,1,0,0,0,1
275.48,1359,4,0,2,1,0,0,0
5.54,18,0,1,1,0,0,0,1
239.12,1095,3,1,1,0,0,0,0
93.51,1199,5,0,1,0,0,0,0
19.94,1878,3,0,0,0,0,0,0
22.75,1824,1,1,0,0,0,1,0
356.52,811,4,1,2,0,0,1,0
25.91,339,7,0,1,0,0,0,0
21.04,1960,3,0,0,0,0,0,0
207.95,248,4,1,0,1,0,0,1
93.56,1217,2,0,2,0,0,1,1
26.1,1443,3,1,0,0,0,0,0
82.82,1349,4,0,1,0,0,0,0
23.91,306,5,0,0,0,0,0,0
200.5,1804,3,0,2,0,0,1,1
192.75,204,6,0,0,0,1,0,0
113.52,853,1,0,0,0,0,0,0
95.74,1147,4,2,0,0,1,0,0
388.07,1594,1,0,0,0,1,0,0
66.67,1875,0,1,2,0,0,0,0
20.45,447,4,0,1,0,1,0,0
104.53,713,8,0,0,0,0,0,0
537.03,1515,6,1,1,1,0,0,0
24.17,433,2,2,0,1,0,0,0
46.46,1648,4,2,0,0,0,0,0
101.13,1152,4,0,0,0,0,0,0
63.19,1572,10,0,0,0,0,0,0
24.97,1770,6,0,0,0,0,0,0
204.76,822,1,0,0,0,1,0,0
678.61,1071,4,0,1,0,0,0,0
81.14,505,4,1,1,0,1,0,0
27.0,115,2,3,0,0,0,1,0
14.17,1440,3,0,0,1,0,0,0
86.31,1791,2,2,0,0,1,0,0
201.12,995,3,3,0,0,1,0,0
107.25,223,5,0,0,0,0,0,0
66.53,636,7,0,0,0,0,0,0
36.99,1973,3,2,0,0,0,1,1
22.37,1527,4,0,1,0,0,1,1
153.66,672,1,0,0,0,0,0,0
166.3,958,10,1,0,0,1,0,1
14.21,933,2,0,0,0,0,0,0
326.96,96,3,1,1,0,0,0,0
118.4,107,2,1,1,0,0,0,0
270.32,632,4,1,0,0,0,0,0
17.42,1637,2,1,1,0,0,0,0
17.02,1639,5,1,1,0,0,0,0
57.46,1702,5,1,0,0,0,0,0
110.25,1950,9,1,0,0,0,0,0
401.96,698,6,2,2,0,0,0,0
135.11,32,1,0,1,0,0,1,0
52.32,1517,6,0,0,0,0,2,1
23.89,66,3,0,0,0,1,1,1
228.15,1203,2,1,0,0,0,0,0
25.41,779,4,3,1,0,0,0,0
339.84,1467,4,0,0,0,0,1,1
50.18,916,1,0,0,0,0,0,0
327.2,549,4,0,1,0,0,1,0
131.49,201,3,1,0,0,0,0,0
58.15,1894,5,1,0,0,1,1,1
39.67,49,8,2,0,0,0,0,0
47.42,787,4,0,1,0,0,0,0
102.34,951,7,2,1,0,0,0,1
72.04,1704,6,1,0,0,0,0,0
36.83,263,6,0,0,0,1,0,0
56.51,1157,3,0,1,0,0,0,0
72.14,1834,6,0,1,0,0,0,0
7.93,344,6,2,0,0,0,0,0
105.44,1200,1,2,0,0,0,1,1
25.04,1415,6,0,1,0,1,0,0
21.05,11,4,4,0,0,1,0,1
12.34,201,6,1,0,0,0,1,1
11.09,945,3,1,0,0,0,1,1
17.19,926,7,1,0,0,0,0,0
32.82,1833,2,0,0,1,0,0,0
470.25,3,9,1,2,0,0,0,0
39.41,1238,8,0,0,0,0,0,0
79.66,808,2,0,0,0,0,1,1
99.53,1331,8,0,1,0,1,0,0
76.03,1568,3,0,0,0,0,0,0
61.72,560,4,0,0,0,1,0,0
20.18,1351,4,0,1,0,0,0,0
284.56,1788,3,0,1,0,0,0,0
406.34,199,6,3,0,0,0,0,1
12.4,1940,3,1,1,0,0,1,1
23.95,1625,3,1,0,0,0,0,0
50.41,109,5,0,0,0,0,0,0
25.42,1315,4,2,0,0,0,0,0
110.61,108,4,1,1,1,0,0,0
32.19,1432,4,3,0,0,0,0,0
581.18,552,3,1,0,1,0,1,1
219.32,973,4,0,0,0,0,0,0
82.48,52,6,1,2,0,0,0,0
186.23,112,3,0,1,0,0,0,0
201.52,295,1,1,0,0,0,0,0
37.94,1604,2,0,0,0,1,0,0
29.48,1213,5,0,0,0,0,1,0
72.11,1868,2,0,0,0,0,0,0
157.85,1745,4,1,1,0,0,1,0
76.64,65,3,3,1,0,0,0,0
13.78,574,2,2,1,0,0,0,0
29.88,465,1,1,1,1,0,0,0
61.93,258,2,0,0,0,0,0,0
61.83,1670,5,0,0,0,0,0,0
479.4,1004,7,2,0,0,0,0,0
16.68,634,2,1,1,0,1,0,0
110.56,1355,9,0,0,0,1,0,1
295.63,1525,4,2,0,0,0,0,0
646.42,1707,5,1,0,0,0,0,0
44.51,210,2,1,0,0,0,0,0
109.01,1832,2,1,0,0,0,1,0
117.89,89,5,1,0,0,0,0,0
81.08,1703,4,1,0,0,0,0,0
60.41,28,4,2,1,0,1,0,0
103.13,238,4,2,1,0,0,0,0
5.3,336,3,0,1,1,0,0,1
131.9,63,4,2,0,0,0,1,1
75.65,1984,5,1,0,0,0,0,0
53.38,1791,6,1,0,0,1,1,1
516.39,1932,3,0,0,0,0,0,0
33.96,1577,8,1,0,0,0,0,0
44.56,500,4,2,0,0,0,1,0
488.6,1565,4,1,0,0,0,0,0
29.02,791,3,0,2,0,0,0,0
38.47,1493,2,1,0,0,0,0,0
57.57,592,1,0,1,1,0,0,0
154.58,1075,7,0,1,0,1,0,1
82.09,1136,3,2,2,1,1,0,1
18.31,1897,4,1,0,0,0,0,0
39.17,301,5,0,1,1,0,0,0
36.33,1114,2,0,0,0,0,0,0
61.73,229,5,2,0,0,0,1,0
102.09,150,4,0,0,0,0,0,0
101.31,1779,5,0,0,0,0,0,0
11.29,1162,6,1,0,0,0,0,0
193.24,1159,4,0,1,0,0,0,0
85.85,1481,5,2,1,0,0,0,0
266.28,1625,7,1,0,0,0,0,0
103.98,1518,1,1,0,0,0,0,0
200.6,527,3,0,0,0,0,0,0
106.33,333,7,0,0,0,0,0,0
256.27,1386,5,1,0,0,0,0,0
112.42,174,2,1,1,0,0,0,0
60.47,1626,4,1,0,0,1,0,0
647.06,1237,4,0,1,0,0,0,0
162.23,1367,5,0,0,0,0,0,0
118.36,61,4,1,2,0,0,0,0
18.61,1900,5,1,0,0,0,0,0
18.39,1756,2,0,1,0,0,0,0
89.36,1085,7,0,0,0,0,1,0
77.13,819,1,0,0,0,0,0,0
36.09,1702,4,0,0,0,0,0,0
76.78,524,4,1,0,0,0,0,0
326.56,216,1,2,1,0,0,0,0
133.67,1613,3,1,1,0,0,0,0
21.31,1768,3,1,1,0,1,0,0
59.65,624,3,1,0,0,0,0,0
29.82,578,3,1,0,0,0,0,0
45.25,694,5,0,2,0,0,1,0
44.1,423,3,0,0,0,1,0,0
41.36,716,3,1,1,0,0,0,0
19.01,1447,3,0,0,0,1,0,0
58.69,1395,7,2,1,0,0,0,0
38.07,1230,3,1,0,0,0,0,0
3.56,1310,5,1,1,0,1,0,1
519.55,1129,1,0,0,0,0,0,0
198.1,754,2,1,0,0,0,0,0
45.77,747,2,0,0,0,0,0,0
67.95,688,5,0,2,0,0,1,0
20.66,723,6,2,0,1,1,0,0
363.48,1567,5,1,0,0,0,0,0
444.65,747,4,3,1,0,0,0,0
78.0,242,4,0,1,1,0,1,0
185.59,1515,3,1,0,0,0,0,0
79.46,665,4,0,0,0,0,0,0
17.52,708,4,2,0,0,0,0,0
44.18,1522,7,0,1,0,0,0,0
76.09,435,4,1,2,0,0,0,0
42.33,781,2,1,1,0,0,0,0
53.59,484,4,1,0,0,0,0,0
60.86,1471,5,0,0,0,0,0,0
61.51,384,5,0,0,1,0,0,1
70.26,1534,2,0,0,0,0,0,0
23.09,170,5,0,0,0,0,0,0
32.56,1021,6,1,0,0,0,0,1
18.46,950,6,0,1,0,0,0,0
177.3,869,4,2,0,0,0,0,0
8.12,323,6,0,0,0,0,0,1
211.37,848,3,2,0,0,0,0,0
266.76,1498,6,1,0,0,0,0,0
49.29,1256,0,1,0,0,0,0,0
4.94,696,2,3,0,0,1,0,1
46.46,359,4,2,0,0,0,0,1
62.54,1299,3,0,0,0,0,0,0
24.27,1966,6,0,1,0,0,0,0
39.84,1935,6,2,2,0,0,0,0
308.03,32,4,1,0,0,1,0,0
129.66,177,3,1,1,0,0,0,0
26.45,917,2,0,0,0,0,0,0
13.5,65,5,1,1,0,0,0,0
48.09,1734,4,0,0,0,0,0,0
53.87,27,3,0,0,0,0,0,0
109.53,1687,4,1,1,0,0,0,0
39.04,1839,5,2,0,0,0,0,0
111.22,1503,5,2,0,0,0,0,0
461.81,268,6,1,2,0,0,0,0
150.73,597,2,1,1,0,0,0,0
63.56,1012,6,0,3,0,0,0,0
55.53,66,4,0,1,0,0,0,0
46.68,133,4,0,2,1,1,1,1
217.16,1929,2,2,0,0,0,0,0
35.61,916,5,1,0,0,0,0,0
69.77,1390,7,1,1,0,0,0,0
70.19,82,3,0,0,0,0,0,0
40.38,1917,6,0,0,0,0,0,0
16.9,1855,1,1,1,0,1,0,0
92.11,982,1,2,0,0,0,0,0
62.74,1352,7,0,1,1,0,0,0
109.97,1122,3,3,0,0,0,0,0
39.11,585,4,0,0,0,0,1,0
226.06,327,4,0,2,0,0,0,1
27.75,542,1,1,0,0,0,0,0
369.46,1149,6,2,0,0,0,0,0
11.62,210,5,0,1,0,0,0,0
103.0,1808,5,0,0,0,0,0,0
107.28,1749,7,1,2,0,0,0,0
30.1,133,2,1,1,0,0,1,0
101.94,1527,5,2,0,0,0,0,0
239.73,157,6,1,1,0,0,0,0
7.27,1583,9,0,0,0,0,0,0
110.25,1893,3,0,0,0,0,1,0
5.51,875,11,3,0,0,0,0,0
25.39,382,3,2,0,0,1,1,0
340.08,1046,3,0,0,0,0,0,0
37.27,974,6,1,1,0,0,0,0
20.62,1977,5,0,0,0,0,0,0
54.71,595,4,0,0,0,1,0,0
527.37,1443,3,2,0,0,1,0,0
10.68,472,2,0,0,0,0,0,0
23.31,234,4,0,1,0,0,0,0
298.1,572,3,2,0,0,0,0,0
427.39,1478,3,0,0,0,0,0,0
60.13,1724,2,1,1,0,0,0,0
19.32,1594,2,1,0,0,1,0,1
542.31,771,1,1,1,0,0,0,0
328.47,1186,9,0,1,0,0,0,0
131.49,301,7,3,0,0,0,0,0
29.59,306,5,0,1,0,0,0,0
63.5,2,3,0,1,1,0,0,1
56.81,271,5,1,0,0,0,1,1
92.84,421,4,0,0,0,0,0,0
284.58,1167,4,0,0,0,0,0,0
160.68,700,5,1,2,1,0,0,0
22.71,864,3,0,0,0,0,0,0
264.14,1877,4,1,0,0,0,0,0
91.21,960,5,1,0,0,0,0,0
132.56,994,5,1,2,0,1,0,0
289.03,1760,4,1,0,0,1,1,1
21.94,1010,2,0,3,0,0,0,0
64.34,879,2,0,0,0,0,1,0
39.19,692,2,1,1,1,0,0,1
13.9,1559,3,1,0,0,0,0,0
94.32,867,6,0,0,0,0,1,0
821.85,1061,2,1,0,0,0,0,0
10.59,107,4,0,0,0,0,0,0
64.57,1321,5,0,1,0,0,0,0
126.54,1765,0,1,0,0,1,0,0
75.42,1849,3,2,1,0,1,1,1
59.55,1121,2,0,0,0,1,0,0
18.19,281,3,1,0,0,1,0,0
84.17,1134,6,0,0,0,0,1,0
31.29,549,6,1,1,0,0,0,0
7.46,552,7,2,1,0,0,0,0
220.21,1621,4,0,2,0,0,1,1
173.88,1838,3,2,1,0,0,0,0
70.22,188,2,0,1,0,0,0,0
83.85,752,2,2,0,0,0,0,0
195.26,870,6,1,1,0,1,0,0
83.46,1512,6,0,1,0,0,0,0
164.68,1378,6,0,1,0,0,0,0
49.53,19,4,1,1,0,0,0,0
247.64,859,4,3,1,0,0,0,0
91.91,1417,2,2,0,0,0,0,0
80.97,1861,2,0,0,0,1,0,0
18.73,1285,6,0,1,0,1,0,0
88.85,985,4,0,0,1,0,0,0
29.02,410,2,1,0,0,0,0,0
35.22,1427,3,1,1,0,0,0,0
29.51,1694,3,2,1,0,0,0,0
22.96,484,2,1,1,0,0,1,0
558.23,1328,4,2,0,0,0,0,0
252.48,624,2,0,0,0,1,0,1
455.03,656,3,0,1,0,0,0,0
19.63,768,2,0,0,0,0,0,0
71.61,1991,9,4,1,0,0,0,0
18.29,18,3,0,0,0,1,1,0
33.26,184,3,0,2,0,0,0,0
26.63,405,6,1,0,0,0,0,0
230.35,799,3,1,0,0,0,1,0
44.87,1921,8,2,1,0,0,1,0
194.1,1155,6,0,2,0,0,0,0
122.01,479,6,0,0,0,0,0,0
667.57,1817,9,0,0,0,0,0,0
15.19,1781,6,1,0,0,1,0,0
234.92,8,2,1,1,0,0,0,0
209.86,705,2,0,2,0,0,0,0
25.19,1342,2,1,0,0,0,0,0
182.57,1415,3,0,1,0,0,0,0
93.33,1543,2,0,1,0,1,0,0
53.12,1160,5,1,0,0,0,0,0
29.26,531,4,0,0,0,0,0,0
32.49,913,5,1,0,0,0,0,0
517.92,1675,4,0,1,0,0,0,0
66.73,1391,5,0,0,0,0,0,0
145.78,1513,4,0,0,1,0,0,0
30.24,689,1,1,0,0,0,0,0
30.57,1035,2,2,0,0,0,1,0
196.76,553,3,0,1,0,0,0,0
17.3,446,3,0,1,0,1,0,0
44.03,1138,2,0,0,0,0,0,0
68.99,1716,9,1,0,1,0,0,1
74.54,706,4,0,0,0,1,1,0
55.75,196,6,3,0,0,1,0,0
99.07,860,1,1,1,0,0,0,0
133.33,1761,0,1,0,0,0,0,0
139.02,1867,4,2,2,0,0,0,0
24.88,1347,5,1,1,0,0,0,0
50.19,1960,3,0,0,0,0,1,1
220.25,1797,1,1,2,0,0,0,0
163.15,1536,2,1,0,0,0,0,0
16.9,628,4,1,0,0,0,0,0
94.77,981,10,2,0,1,0,0,1
9.22,1686,6,2,0,0,0,0,0
69.89,630,3,0,1,0,1,2,0
444.86,1189,3,0,0,0,0,0,1
25.84,1276,5,1,0,0,1,0,0
28.95,1803,5,1,0,0,1,0,0
143.17,44,4,0,1,0,0,0,0
14.26,1494,6,1,1,0,0,0,0
35.42,489,5,0,0,0,1,0,0
121.08,181,4,1,0,0,1,0,0
35.36,1101,4,0,0,0,0,0,0
52.67,374,6,0,0,0,0,0,0
140.36,628,6,2,0,0,0,1,0
101.65,957,3,0,1,0,0,0,0
87.08,67,6,4,1,0,0,0,0
47.51,1549,3,2,1,0,0,0,0
96.55,1116,5,2,0,0,0,0,0
58.93,1782,4,2,1,1,1,0,0
105.4,779,7,0,0,1,0,0,0
40.57,651,4,1,0,0,0,0,0
55.56,1877,0,1,1,0,0,0,0
24.78,1268,5,0,1,0,1,0,1
64.39,341,0,0,1,0,0,0,0
29.64,903,1,0,0,0,0,0,1
21.89,1809,5,1,3,0,1,0,1
86.37,1328,2,2,0,0,0,1,1
82.5,398,5,1,0,0,0,0,0
145.89,703,3,2,0,0,0,1,0
43.33,1472,6,3,0,0,0,0,1
100.29,97,5,0,1,0,0,0,0
115.68,1355,4,2,0,0,1,0,0
104.04,1229,3,1,3,0,0,0,0
29.21,449,5,2,0,0,1,0,0
77.43,1442,4,0,1,0,1,0,0
95.98,1673,3,0,0,0,0,0,0
67.17,77,5,1,0,1,0,0,1
8.28,896,1,2,0,0,0,0,1
78.3,549,2,0,0,0,0,0,0
609.43,798,4,0,0,0,1,0,1
46.52,1449,4,1,0,0,0,1,0
32.2,1453,2,0,1,0,0,0,0
96.87,1509,3,0,1,0,0,0,0
91.14,815,2,2,1,0,0,0,0
219.8,1022,3,0,1,0,0,0,0
18.96,135,2,0,1,1,0,0,0
138.57,654,5,0,0,0,1,1,1
120.35,1278,5,1,1,0,0,0,0
57.85,1584,5,0,0,0,0,1,1
93.57,1279,5,0,0,0,0,0,0
186.69,646,3,0,2,0,0,0,0
159.54,1826,6,0,2,0,1,0,1
21.26,720,2,3,0,0,1,0,0
151.44,1523,4,2,0,0,1,0,0
62.51,613,1,1,1,0,0,0,0
71.73,484,3,0,0,0,0,0,0
71.75,1070,1,0,0,0,0,0,0
57.38,1467,5,1,1,0,0,0,0
219.58,1606,4,0,0,0,0,0,0
61.33,648,9,1,0,0,1,0,0
21.77,792,4,0,0,0,0,1,0
44.99,579,3,0,1,0,0,0,1
79.73,1028,5,0,1,0,0,0,0
227.97,1760,6,0,0,0,1,0,0
121.89,1,6,2,0,0,0,0,0
28.49,1314,4,1,1,0,0,0,0
800.46,109,3,0,0,0,1,1,1
86.9,1801,4,1,0,0,0,0,0
238.74,1599,5,2,0,0,0,0,0
57.3,460,5,0,1,0,0,0,0
113.68,266,7,1,3,0,0,0,0
154.39,1162,7,0,0,0,0,1,0
225.47,1458,2,1,0,1,0,0,0
191.98,44,6,0,1,0,0,0,0
159.52,886,6,0,0,0,0,0,0
48.66,1534,5,1,0,0,0,1,1
37.65,944,5,0,0,0,0,0,0
93.0,983,2,1,0,0,0,0,0
169.55,262,3,1,1,0,0,1,0
53.37,728,2,0,0,0,0,0,0
193.48,633,4,2,0,1,0,1,1
285.04,152,3,0,1,0,1,0,0
26.67,213,2,0,1,0,0,0,0
28.88,1016,2,0,0,0,1,0,0
57.95,1258,3,1,0,0,0,0,0
90.71,863,5,1,0,0,0,0,0
39.47,623,3,1,0,0,0,0,0
257.8,1978,6,2,0,0,0,2,0
101.91,361,3,1,1,0,0,0,0
69.37,320,4,2,0,0,0,1,0
15.86,222,1,1,0,0,0,0,0
17.89,1976,4,1,1,0,0,0,0
88.32,1762,2,3,0,0,0,0,0
7.9,210,2,1,0,0,0,0,0
183.58,1420,1,0,3,0,0,0,0
56.93,931,3,0,0,0,0,0,0
1708.02,1607,10,1,0,0,0,0,0
670.43,489,5,0,0,0,0,0,0
55.62,1896,3,1,0,0,1,0,0
59.96,601,4,2,1,0,1,0,0
180.47,774,6,1,0,0,1,0,1
366.2,1985,3,1,0,0,0,0,0
12.96,878,5,1,1,0,0,0,0
11.17,1488,2,0,1,0,0,0,0
35.8,700,1,1,0,0,0,1,0
119.43,1648,5,0,0,0,0,0,0
109.6,452,2,2,0,0,1,0,0
194.37,413,5,1,0,0,0,0,0
20.09,1958,2,1,1,0,1,0,0
6.58,1775,4,1,1,0,0,0,0
157.28,476,3,1,0,0,0,0,0
29.13,256,3,1,0,0,0,0,0
8.86,1174,5,1,1,0,1,0,0
77.1,127,4,0,0,0,0,0,0
147.4,392,5,0,1,0,0,0,0
59.02,1855,6,0,1,0,0,0,0
42.19,480,3,0,0,0,0,0,0
56.86,993,5,4,0,0,1,0,0
46.04,1421,0,0,0,1,0,0,1
17.32,923,1,2,0,0,0,1,0
32.63,402,6,2,2,0,0,0,0
112.31,274,6,1,0,0,0,0,0
91.99,845,2,0,0,1,0,0,1
78.89,1982,4,1,0,1,0,0,0
24.65,1934,3,0,1,0,0,0,0
55.62,139,8,0,0,0,1,0,0
7.56,103,2,1,0,0,0,1,1
79.72,1266,4,3,2,0,0,0,1
278.34,1141,5,0,1,0,0,0,0
15.27,1238,5,1,0,0,0,0,0
37.12,484,6,0,0,0,0,0,0
92.68,529,8,1,2,0,1,1,0
233.42,1715,4,2,1,0,0,0,0
42.6,224,3,1,0,0,0,0,0
33.37,1294,5,1,1,1,0,0,1
9.31,1849,6,0,1,1,0,0,0
73.95,1885,5,1,2,0,0,0,0
513.92,1158,6,1,0,0,0,0,0
88.0,114,0,1,1,0,0,0,0
65.22,1465,5,0,0,0,0,0,0
92.03,644,3,2,0,0,0,0,0
65.95,651,2,0,1,0,0,2,1
29.58,1389,3,1,0,0,0,0,0
151.91,1256,10,0,1,0,0,0,0
83.58,458,4,1,0,0,0,0,0
67.87,375,1,0,0,0,0,0,0
25.14,1628,1,0,1,1,0,1,1
245.55,1803,3,0,0,0,0,1,1
129.63,611,2,0,0,0,1,0,0
38.36,207,3,0,0,0,0,0,0
181.6,1544,6,0,1,0,0,0,0
40.55,1492,3,1,1,0,0,0,0
30.51,1906,3,2,0,0,0,0,0
31.2,1467,4,0,0,0,0,0,0
11.35,917,5,0,0,0,0,0,0
106.86,321,4,2,0,0,0,0,0
10.69,93,6,1,0,0,0,0,0
19.52,1432,5,3,0,0,0,0,1
8.37,1182,3,1,0,0,0,0,0
61.19,872,7,1,2,0,0,1,1
57.38,99,6,2,0,0,0,0,0
48.1,225,4,0,2,0,0,0,0
23.51,852,0,1,1,0,0,0,0
20.65,441,6,1,1,0,0,0,0
106.1,720,2,1,0,0,0,2,1
38.45,585,6,1,2,0,0,0,0
91.5,1425,4,0,1,0,1,1,1
27.52,1595,2,0,0,0,0,0,0
79.92,1823,8,0,1,0,1,0,0
245.5,64,3,0,0,0,0,0,0
119.84,768,3,2,0,0,0,0,1
44.15,560,4,1,2,0,0,0,1
86.25,1303,3,3,0,0,0,0,0
52.42,1734,3,0,1,0,1,0,0
67.21,670,3,1,1,0,0,0,0
48.15,1847,1,0,0,0,1,0,0
56.58,1543,5,0,0,0,0,0,0
82.44,1272,4,1,0,0,0,0,0
24.7,368,1,1,1,0,1,0,0
24.15,744,2,0,2,0,0,0,0
16.63,618,2,1,1,0,0,0,0
13.46,1006,6,0,1,0,0,1,1
19.74,1995,5,0,0,0,0,0,0
78.22,1122,3,0,2,0,0,0,0
27.31,1292,4,0,0,0,0,0,0
111.45,1084,6,0,1,0,0,1,1
69.04,500,4,0,1,0,0,0,0
9.31,1332,8,0,0,0,0,0,0
128.38,1517,3,2,0,0,0,0,0
150.02,1007,3,0,0,0,0,0,0
24.68,411,4,0,3,0,0,0,0
101.51,1018,3,1,2,0,0,0,0
28.32,1164,2,0,0,0,0,0,1
73.53,1933,6,2,1,0,1,0,1
18.83,1352,6,1,0,0,0,0,0
11.1,464,2,0,1,0,0,0,0
45.48,702,3,2,1,1,0,0,0
58.93,1661,2,1,1,0,0,0,0
44.81,1949,4,2,1,0,0,0,0
20.41,163,5,0,1,0,0,0,0
44.71,60,2,0,0,0,0,0,1
87.3,1949,3,0,1,0,0,0,0
63.76,1055,0,1,0,0,0,0,0
80.04,333,5,0,0,0,1,0,0
34.12,76,3,0,1,0,0,0,0
215.23,1779,5,0,2,0,0,0,1
20.57,317,3,1,0,0,0,0,0
108.59,1794,6,0,0,0,0,1,0
217.43,1441,4,0,0,0,0,0,0
107.87,1992,4,1,0,0,1,0,0
54.46,190,3,1,0,0,0,0,0
39.32,1513,2,0,1,0,0,0,0
187.93,1913,4,1,0,0,0,0,0
16.07,1339,4,1,0,0,0,0,0
25.28,296,7,0,1,0,0,0,0
44.81,501,2,2,1,0,0,0,0
229.9,177,4,1,0,0,0,0,0
97.49,800,4,1,0,0,0,0,0
25.33,806,6,0,0,0,0,0,0
48.9,860,1,0,0,0,0,0,0
36.08,1743,5,2,0,1,0,0,0
32.79,215,4,0,1,0,0,0,0
177.49,1880,2,0,1,0,1,0,0
16.92,653,2,0,0,0,0,1,0
333.21,597,3,0,1,1,0,0,1
152.66,1718,6,0,0,0,0,0,0
198.51,1356,2,2,0,0,0,0,0
41.97,128,4,2,1,0,0,1,1
57.4,1293,2,0,0,0,0,1,0
15.91,551,3,1,0,0,0,0,0
39.46,1559,4,0,1,0,1,0,0
109.25,1778,1,2,1,0,1,0,0
243.73,1390,3,1,1,0,1,0,0
22.04,619,4,0,0,0,0,0,0
46.27,348,5,0,0,0,0,0,0
57.32,142,3,2,1,0,0,0,0
16.51,1169,2,2,1,0,0,0,1
120.46,792,3,0,0,0,0,0,0
32.33,245,2,1,0,0,0,0,0
54.85,1466,5,0,1,0,0,0,0
42.44,703,6,1,0,0,1,0,0
30.29,1314,2,1,0,0,0,0,0
66.22,1715,2,0,0,0,0,0,1
53.75,1136,7,2,1,0,0,0,0
45.98,214,5,0,1,0,0,0,0
32.19,1674,5,0,0,0,0,0,1
91.79,1910,9,1,0,0,0,0,0
348.49,200,4,0,0,0,1,0,0
76.7,405,3,0,0,0,0,0,0
180.57,421,2,3,0,0,0,0,0
16.61,7,1,1,1,0,0,0,0
78.08,1882,3,1,0,0,1,0,0
22.26,1549,3,2,1,0,0,0,0
15.23,592,5,1,0,0,1,0,0
31.84,286,4,3,1,0,0,0,0
219.62,671,1,0,0,0,0,0,0
172.43,389,7,0,0,0,0,0,0
85.03,416,3,0,0,0,0,0,0
14.4,784,7,0,0,1,0,0,0
54.8,1007,3,1,0,0,0,0,0
90.17,1737,6,1,0,0,0,0,0
79.48,1174,3,0,3,0,0,0,1
10.55,1984,6,0,0,0,0,0,0
27.38,1015,4,2,0,0,0,0,0
62.55,428,1,0,0,0,1,0,0
114.01,1832,2,0,0,0,0,0,0
7.42,1005,6,3,3,0,0,1,0
56.71,1317,2,1,0,0,0,0,0
76.94,334,3,0,1,0,0,0,0
155.96,272,1,0,0,0,0,0,0
133.33,1067,5,0,2,0,0,0,0
119.41,1492,9,1,0,0,0,0,0
29.97,319,2,1,1,0,0,0,0
9.89,1516,1,0,0,1,0,0,0
45.01,527,5,0,0,0,0,0,0
181.57,760,1,1,0,0,0,0,0
268.66,1196,4,2,0,0,1,0,0
135.71,1754,7,1,0,1,0,1,0
102.45,1673,2,0,1,0,0,0,0
97.48,321,1,0,1,0,0,0,0
38.24,739,5,0,0,0,0,0,0
58.55,1068,4,0,0,0,0,0,0
353.92,1556,5,0,0,0,0,0,0
25.98,1655,6,0,0,0,0,0,0
335.22,454,7,2,1,0,0,0,0
48.33,746,6,1,1,0,0,0,0
250.99,1994,6,0,0,1,0,0,0
16.33,1904,3,2,1,1,0,0,0
119.81,1915,4,1,0,0,1,0,1
31.92,929,4,3,2,0,0,0,1
16.2,848,1,2,0,0,0,0,0
82.97,868,2,2,0,0,0,0,0
183.0,774,1,1,1,0,0,0,0
28.65,83,2,0,0,0,0,0,0
14.89,543,3,2,0,0,0,0,0
60.83,322,4,1,1,0,0,0,0
61.1,786,0,0,0,1,0,0,0
115.39,1258,4,2,0,0,0,0,0
172.36,540,3,0,0,0,0,0,0
62.84,252,3,0,1,0,1,1,0
426.45,836,4,0,0,0,1,0,0
83.45,1789,4,0,0,0,0,0,0
47.16,449,4,1,0,0,0,0,0
13.31,1263,2,0,0,1,0,0,1
51.28,490,1,0,1,0,0,0,0
47.64,1906,3,1,0,0,0,0,0
174.22,464,3,0,1,0,0,0,0
105.9,1965,3,1,0,0,0,0,0
20.5,314,0,2,0,0,0,0,0
79.22,1199,6,2,1,0,0,0,0
130.52,1730,3,0,0,0,0,0,0
307.36,1204,1,1,1,0,0,0,0
161.99,1956,6,0,0,0,0,0,0
142.71,385,7,1,0,0,1,0,0
70.82,295,5,1,2,0,1,0,1
98.33,1239,3,0,0,0,1,0,0
232.64,986,2,2,0,0,0,1,0
17.59,1739,4,2,0,0,0,0,0
47.02,762,2,1,0,0,0,0,0
30.8,1898,5,1,1,0,0,0,0
97.43,769,3,1,0,0,0,1,1
228.2,1099,5,0,0,0,0,0,0
36.71,344,3,0,0,0,0,0,0
6.11,1738,6,0,0,0,0,0,0
44.16,142,3,1,0,0,0,0,0
166.25,718,6,0,1,0,0,0,0
114.16,1223,5,1,1,0,0,1,0
102.33,1943,4,1,0,0,0,0,0
50.4,1195,3,1,1,0,0,3,1
18.56,406,6,0,0,1,0,0,0
111.64,1852,4,0,0,0,1,0,0
28.95,228,5,0,0,0,0,0,1
592.35,411,4,1,1,0,0,1,1
117.98,952,4,1,0,0,0,0,0
37.31,898,2,2,0,0,0,0,1
36.18,1959,8,0,0,0,0,0,0
60.77,691,5,1,0,0,0,0,1
52.48,878,1,2,2,1,0,0,1
203.74,787,5,0,0,0,0,0,0
80.35,62,3,1,2,0,1,1,1
32.08,1351,2,0,0,0,0,0,0
441.62,1740,8,1,0,0,0,0,0
70.06,1987,3,1,0,0,1,0,0
143.86,1983,6,2,1,0,0,1,1
36.3,879,6,0,1,0,0,0,0
95.88,1157,3,1,0,0,0,0,0
91.02,1608,6,0,0,0,0,1,0
10.08,1614,2,1,1,0,1,0,0
500.33,1213,2,1,0,0,0,0,0
242.41,356,5,2,0,0,0,0,0
44.83,71,1,2,2,0,0,0,0
22.15,263,6,0,1,0,0,0,0
94.4,306,1,2,2,1,1,0,1
72.73,558,4,0,0,0,0,0,0
95.17,1248,3,0,1,0,0,0,0
80.77,1352,2,1,1,0,0,0,0
110.64,762,2,0,0,0,0,0,0
283.53,588,5,1,0,1,1,0,1
117.7,74,7,2,1,0,0,0,0
23.34,1535,2,1,1,0,0,1,0
260.49,142,3,1,2,0,0,0,0
343.99,1609,4,2,1,0,0,0,0
1559.4,102,3,0,0,1,0,0,1
21.68,1630,3,0,0,0,0,0,0
85.02,1605,6,2,0,0,0,0,0
8.31,1089,6,1,0,0,0,1,0
115.95,193,8,0,0,0,0,0,0
38.54,953,4,0,0,0,0,1,0
456.43,1086,2,1,1,0,1,0,0
30.73,1556,1,1,0,0,0,0,0
12.31,1265,3,1,0,0,0,0,0
41.63,1739,6,0,0,0,0,0,0
9.25,410,1,1,0,0,0,0,0
141.33,300,3,1,0,0,0,0,0
8.46,1219,3,2,0,0,0,0,0
68.61,454,4,1,1,0,0,0,0
8.35,574,2,0,0,0,0,0,0
48.41,619,9,1,1,0,1,0,0
344.94,637,3,3,0,0,0,0,1
95.65,301,1,2,1,0,0,0,0
28.12,779,5,0,0,0,0,0,0
64.64,1480,1,0,0,0,1,1,0
67.9,989,6,0,1,1,0,0,1
106.98,202,4,0,1,0,0,0,0
17.0,674,4,4,0,0,1,0,0
120.61,1880,3,0,3,0,0,0,0
4.46,302,1,1,0,0,0,0,0
35.52,1648,2,1,2,0,1,0,0
40.92,337,6,1,0,0,0,1,1
125.63,32,5,1,0,0,0,0,0
68.21,1995,2,0,0,0,0,0,0
16.35,1122,4,0,0,0,0,0,1
24.9,1783,4,1,0,1,0,0,0
81.34,773,7,1,0,0,0,0,0
61.62,1215,7,1,2,0,1,1,0
37.37,1565,1,1,2,0,0,0,0
41.23,1072,3,0,0,0,1,0,0
133.78,1274,1,0,1,0,0,0,1
39.74,1250,3,1,1,0,0,0,0
61.06,1296,0,0,1,0,1,0,0
584.02,665,3,1,0,0,0,0,0
16.06,1509,2,1,1,0,1,1,0
10.47,328,6,0,0,0,0,0,0
146.0,797,8,0,1,0,1,1,0
33.83,1204,3,2,2,0,0,0,0
48.51,814,1,0,1,0,0,0,0
30.53,665,5,0,0,0,0,0,1
51.43,746,2,3,2,0,0,0,0
329.82,1047,7,1,1,0,0,0,0
148.73,930,6,3,3,0,0,0,1
157.94,963,5,2,0,0,0,0,0
16.18,1630,3,1,1,0,0,0,0
21.09,1394,2,0,0,0,0,1,0
3.9,1269,6,0,2,0,0,0,0
29.68,1826,2,0,0,0,0,0,0
173.59,1184,3,0,3,0,1,1,1
111.83,373,5,0,0,0,0,0,0
53.44,285,2,2,1,0,0,0,0
65.22,521,5,0,0,0,0,0,0
33.49,1474,5,1,0,0,0,0,0
81.84,697,7,0,0,0,0,0,0
143.43,807,4,1,0,0,0,1,0
13.25,647,6,0,1,0,0,0,0
89.99,1646,2,1,0,0,0,0,0
169.43,1605,2,0,0,0,0,0,0
44.03,136,4,1,1,0,0,0,0
134.38,96,7,1,1,0,0,1,1
1112.82,1143,6,3,0,0,0,1,1
60.08,1398,9,0,0,1,0,0,1
98.82,274,4,1,0,0,1,0,0
31.88,1894,2,3,1,0,0,1,1
79.94,878,7,0,0,0,1,0,0
105.66,850,4,0,2,0,0,0,0
81.03,1201,2,0,2,0,0,0,0
24.05,1897,1,0,0,0,0,0,0
81.97,1773,6,0,1,0,0,0,0
287.78,784,4,3,0,0,0,0,0
104.44,1301,5,1,0,0,0,0,0
174.51,1162,2,2,0,0,0,0,0
52.61,1898,4,0,1,0,0,0,0
141.16,132,1,0,1,0,0,0,0
88.17,1068,4,0,0,0,0,0,0
25.77,1147,4,0,0,0,0,0,0
91.7,1160,5,2,0,0,0,1,1
24.74,1391,7,1,1,0,0,0,0
35.41,373,6,0,1,0,0,0,0
80.59,1150,2,2,1,0,1,0,0
89.77,1463,1,0,1,0,0,0,0
20.3,1811,4,1,0,1,1,0,1
191.33,1600,3,0,2,0,1,0,1
118.16,808,3,0,0,1,0,0,1
32.96,744,5,2,0,1,0,0,1
14.33,51,1,0,1,0,0,0,0
57.69,1161,4,0,0,0,0,1,1
42.69,1182,5,1,1,0,0,0,0
74.67,56,8,0,0,0,0,0,0
46.38,1617,4,0,0,0,0,0,0
8.96,744,5,1,1,0,0,0,0
45.23,428,8,0,1,0,1,0,0
49.13,443,4,2,2,0,0,1,1
125.67,1935,4,1,2,0,0,1,0
33.18,1988,3,1,0,0,0,0,0
357.34,326,6,0,0,0,0,0,0
9.86,640,4,0,0,0,0,0,0
247.44,1662,7,0,0,0,0,0,0
53.29,829,5,0,0,0,0,0,0
157.53,80,2,0,1,0,0,0,0
72.23,474,5,0,1,0,1,0,0
208.42,377,3,0,0,0,0,0,0
45.27,1893,4,0,1,0,0,0,0
22.23,919,5,1,0,0,0,0,0
276.03,333,4,2,2,0,0,1,0
59.53,1199,3,1,0,0,0,0,0
83.23,1681,4,1,2,0,0,1,1
229.24,441,4,1,1,0,0,0,0
23.76,126,4,0,0,0,0,0,0
120.96,1718,3,2,1,0,0,0,0
36.97,219,2,2,0,0,0,0,0
58.43,948,5,0,0,0,0,0,0
71.68,278,6,0,0,0,0,1,0
14.88,1509,3,0,0,1,1,0,0
30.6,595,4,0,1,0,0,0,0
257.51,935,5,2,0,0,0,0,0
161.77,141,9,0,0,0,0,0,0
62.64,846,5,1,1,0,0,0,0
85.04,1008,3,1,1,0,0,0,0
49.69,1631,4,3,0,0,0,0,0
258.94,877,8,0,0,0,0,0,0
54.58,1730,4,0,0,0,0,0,0
84.09,110,2,0,0,0,0,0,0
209.77,1076,6,0,1,0,0,0,0
30.65,1639,3,1,0,0,0,0,0
316.96,613,4,1,0,0,0,0,0
14.43,1678,3,1,0,0,0,0,0
340.24,713,2,0,0,0,0,0,0
45.94,1994,2,1,0,0,0,0,0
52.32,1343,5,1,0,0,0,0,0
10.07,1223,4,0,0,0,1,0,0
42.32,796,1,0,0,0,0,1,0
23.58,729,4,0,0,0,0,1,0
36.32,1070,4,0,0,0,0,0,0
58.13,505,1,0,1,1,0,0,1
173.78,1564,4,0,0,0,1,0,0
82.07,1538,3,0,0,0,0,0,0
90.71,1919,5,1,0,0,0,0,0
22.3,1041,7,0,0,0,0,1,1
27.64,315,2,0,0,1,0,0,0
402.91,1460,5,1,1,0,0,0,0
31.97,1412,4,1,0,1,0,0,0
349.4,77,2,0,0,0,0,0,0
52.3,978,5,0,0,0,0,0,0
66.84,899,6,1,0,0,0,1,1
194.49,1395,2,0,3,0,0,0,0
237.91,1189,9,1,1,0,0,0,0
59.69,1633,1,0,0,0,0,0,0
45.23,1641,5,1,1,0,0,0,0
63.06,1048,5,0,0,0,0,0,0
93.5,712,2,1,0,0,1,0,0
162.6,1059,3,0,1,0,0,0,0
66.97,1538,2,0,0,0,0,0,0
123.83,1825,1,0,0,0,0,0,0
343.22,1868,6,2,0,0,0,0,1
97.64,854,7,1,0,0,0,0,1
91.07,1485,4,1,0,1,0,0,0
14.6,1162,6,2,3,0,0,0,0
4.8,1873,5,2,0,0,0,0,0
98.33,1598,0,2,1,0,1,0,0
60.65,1835,4,1,0,0,0,0,0
39.85,709,5,1,0,0,0,0,0
85.07,1913,5,1,0,1,0,0,0
62.78,1595,2,4,1,0,0,0,0
205.98,265,4,0,0,0,0,1,0
72.68,333,5,0,1,0,1,1,0
31.6,188,4,0,2,1,0,0,0
179.5,1087,5,0,1,0,1,0,0
53.67,820,3,0,0,0,0,0,0
112.9,1303,3,0,0,1,1,0,0
41.37,1566,3,0,1,0,0,0,0
34.82,1195,6,1,2,1,0,0,0
72.54,1527,4,1,0,0,0,0,0
67.55,1988,6,0,1,0,1,0,0
107.75,1557,3,1,0,0,0,0,0
50.98,299,5,1,0,0,1,0,0
10.63,201,5,0,1,0,0,0,0
43.26,1159,2,2,0,0,0,0,0
147.5,272,2,0,0,0,0,0,0
49.53,535,3,0,0,0,0,0,0
52.12,1466,5,1,0,0,0,0,0
178.82,1111,4,0,1,0,0,0,0
32.72,31,10,3,0,0,0,0,0
14.26,1145,4,0,0,0,0,0,0
56.79,69,5,0,1,0,0,0,0
41.09,1670,3,0,0,1,0,0,0
25.37,883,4,2,1,0,1,0,0
55.96,961,2,1,0,0,0,0,0
109.02,827,2,0,0,0,0,0,0
66.07,1520,7,1,0,0,0,0,0
90.65,924,5,1,1,0,0,0,0
408.87,1170,6,1,0,1,0,0,1
47.33,984,4,0,1,0,0,0,0
88.09,1357,2,3,0,1,0,1,1
40.08,481,5,0,1,1,1,0,1
28.61,1930,3,0,0,0,0,0,0
37.15,1287,4,0,0,0,1,0,0
41.32,293,8,2,1,0,0,0,0
95.53,1453,4,1,0,0,0,0,0
698.6,86,2,0,1,0,0,0,0
32.59,1040,4,0,0,0,0,0,0
43.96,728,3,1,0,0,1,0,0
62.61,628,5,1,0,1,0,1,0
99.07,118,5,0,2,0,0,0,0
86.8,270,9,1,0,0,0,0,0
240.83,1419,2,1,0,0,0,0,0
5.89,979,7,0,0,0,1,0,0
6.13,855,2,1,1,0,1,0,0
40.61,162,2,3,0,0,0,0,0
199.8,700,3,3,0,0,0,0,0
13.93,1128,4,1,0,1,0,1,1
3.29,1677,2,2,0,0,1,0,0
118.06,167,7,0,0,0,0,0,0
85.09,300,4,1,2,0,0,0,0
22.42,28,1,0,2,0,1,0,0
24.89,1448,6,1,1,0,0,0,0
25.29,1808,3,0,2,0,1,0,0
74.48,562,3,2,0,0,0,0,0
35.65,883,1,2,1,0,1,0,0
109.3,156,3,1,0,0,1,0,0
3.84,1348,2,0,1,0,0,0,0
28.31,1372,3,2,0,0,0,1,0
21.63,1145,7,1,1,0,0,0,0
51.61,1980,3,1,0,0,1,1,1
38.94,652,3,1,0,0,0,0,0
148.09,1552,4,1,0,0,0,0,0
10.39,821,6,0,0,0,0,1,1
69.79,1974,3,0,1,0,0,0,0
116.55,561,6,2,0,0,0,0,0
426.94,1188,4,0,0,0,0,0,0
41.19,1086,6,1,1,0,0,0,0
92.25,1364,4,1,0,0,1,0,0
10.98,1690,5,3,0,0,0,0,0
6.1,312,2,0,1,0,0,0,0
155.21,376,3,0,1,0,1,0,1
66.32,1370,6,1,0,0,0,0,0
216.7,150,5,2,0,0,0,1,0
16.89,1912,2,0,1,0,0,0,0
112.16,585,2,0,0,0,0,0,0
432.17,581,3,2,0,0,0,0,0
101.46,977,5,0,0,0,1,0,0
87.93,177,4,0,0,0,0,0,0
67.26,354,9,1,0,0,0,1,0
13.86,514,0,1,0,1,0,0,0
258.68,309,2,0,0,0,0,0,0
36.2,119,4,0,0,0,0,0,0
110.44,1543,4,1,0,1,1,0,0
13.97,767,3,0,0,0,0,0,0
20.5,996,4,0,0,0,0,0,0
280.08,973,3,0,0,0,0,0,0
47.12,916,5,1,0,0,0,0,0
285.22,478,5,1,0,0,0,0,0
61.67,1438,8,1,0,0,0,0,0
10.57,587,8,2,0,0,0,0,0
162.73,351,1,0,0,0,0,0,0
36.97,1530,2,0,0,0,0,0,0
134.11,195,7,0,0,0,0,0,0
68.39,1211,3,1,1,0,0,0,0
14.25,1474,2,1,0,0,0,0,0
78.59,496,3,0,2,0,0,0,0
599.58,515,3,1,0,0,0,0,0
109.18,696,4,1,0,0,0,0,0
62.96,1871,3,0,0,0,0,0,0
195.46,273,4,0,0,0,1,1,0
82.32,880,8,4,0,0,0,0,0
82.23,52,4,2,0,0,0,0,0
22.38,263,4,0,1,0,0,0,0
84.26,1392,1,1,0,0,0,0,0
187.81,133,3,2,0,0,0,0,0
28.9,994,4,3,1,0,0,0,1
277.13,1249,5,1,0,0,0,0,0
60.84,310,11,0,0,0,0,0,0
27.45,1597,6,0,2,0,0,0,0
180.84,1901,5,1,1,0,0,0,0
50.06,16,3,1,0,0,0,1,0
142.52,1765,6,2,0,0,0,0,0
49.81,195,2,0,0,1,0,0,0
62.81,1787,1,0,1,0,0,0,0
109.24,1467,4,2,0,0,0,0,0
89.2,303,4,1,0,0,0,1,0
9.07,1072,4,1,0,0,0,0,0
21.73,1771,0,2,0,0,0,0,0
168.92,1145,4,1,1,0,0,0,0
58.43,1523,3,0,0,0,0,0,0
39.5,832,0,0,1,0,0,0,0
17.14,562,2,0,0,0,1,0,0
22.65,1493,3,1,1,0,0,0,0
8.83,41,2,1,0,1,0,0,0
60.26,1480,3,0,0,0,0,0,0
36.66,534,2,1,1,0,0,0,0
25.37,371,4,0,0,0,0,1,0
62.29,1206,5,0,0,0,0,0,0
95.96,517,4,0,2,0,0,0,0
540.88,657,5,1,0,0,0,0,0
14.7,1893,5,1,0,0,0,0,0
212.59,590,7,1,2,0,0,0,0
176.46,231,4,3,1,0,1,1,0
30.6,809,4,0,0,0,0,1,0
81.71,1372,6,1,0,0,0,1,0
42.2,479,4,1,1,0,0,0,0
80.29,1233,4,2,1,0,0,0,0
301.61,675,6,0,0,0,0,0,0
122.19,1704,3,0,1,0,0,0,0
110.9,278,5,0,0,0,0,0,0
43.37,1773,5,1,1,0,0,0,0
15.12,1712,4,1,0,1,0,1,0
54.14,53,7,1,1,0,0,1,0
222.87,1885,2,0,0,0,1,0,0
14.48,1034,4,1,0,0,0,0,0
23.22,1682,5,0,1,0,1,0,0
75.66,1763,3,1,1,0,0,0,0
24.91,748,3,2,0,0,0,0,0
30.19,464,1,1,1,0,0,0,0
43.66,754,3,2,0,0,0,0,0
17.02,1841,3,0,0,0,0,0,0
25.18,583,6,0,0,1,0,0,0
134.75,158,3,0,1,0,0,0,0
18.04,19,5,0,0,0,0,0,1
13.49,55,7,0,1,0,1,0,0
35.52,1980,0,0,2,1,0,0,0
138.65,1751,5,0,0,1,0,0,0
54.77,1992,7,1,0,0,0,0,0
41.91,721,6,0,0,0,0,0,0
69.71,1045,2,2,0,0,0,0,0
11.64,1306,5,0,0,0,0,0,0
109.37,761,2,1,0,0,0,0,0
97.85,1564,4,1,0,0,0,0,0
44.29,1019,3,2,0,1,0,0,0
182.35,1959,1,1,0,0,0,0,0
21.6,1441,7,0,0,0,0,0,0
206.01,808,8,0,0,0,0,0,0
77.83,723,6,1,4,0,0,1,0
47.63,285,9,2,1,0,0,0,0
65.37,1556,7,0,1,0,0,0,0
59.9,1556,2,3,1,0,0,0,0
225.94,511,4,1,1,0,1,1,0
22.72,1866,3,0,0,0,0,0,0
31.11,1022,4,1,0,1,1,0,0
187.97,1420,4,1,0,0,0,0,0
36.76,120,3,0,0,0,0,0,0
164.11,97,4,0,0,0,0,0,0
364.83,120,5,1,2,0,0,1,0
44.62,1561,3,0,0,0,0,0,0
131.81,1177,2,1,0,0,0,0,0
21.04,1269,4,2,1,0,1,0,0
141.84,1796,5,0,0,0,1,1,0
81.4,1540,0,0,1,0,0,0,0
107.02,393,3,0,0,0,1,0,0
34.97,1167,3,1,0,0,0,1,0
12.67,1528,6,0,0,0,0,0,0
110.31,794,5,1,0,0,0,0,0
8.47,1871,2,1,0,0,1,0,0
48.55,1882,6,3,2,0,0,0,1
170.92,220,4,0,0,0,0,1,0
80.79,839,3,1,1,0,0,0,0
467.94,160,7,1,1,0,1,0,0
185.88,1100,3,1,1,0,0,0,0
34.68,611,5,0,0,0,0,0,0
68.53,1716,3,1,0,0,0,0,0
63.6,639,8,1,0,0,0,0,0
13.71,1056,1,0,1,0,1,0,0
26.04,777,1,1,0,0,1,0,0
38.06,334,4,1,0,0,0,1,0
8.7,1549,3,0,0,0,0,2,0
69.93,1464,4,1,0,0,0,0,0
51.98,892,6,1,0,0,0,0,0
12.52,940,1,1,0,0,0,1,0
99.9,352,4,1,0,0,0,0,0
136.44,1363,6,0,0,0,1,0,0
83.68,926,4,1,0,0,0,0,0
48.23,1424,2,1,1,0,0,0,0
120.47,396,2,2,0,0,1,1,0
131.66,1226,0,0,1,0,0,1,0
90.69,1986,4,1,3,0,0,0,1
29.24,530,4,1,0,0,0,0,0
87.94,1933,4,2,1,0,0,0,0
220.41,1117,2,0,1,0,0,1,1
36.72,1816,5,2,2,0,0,0,0
543.45,358,5,2,0,0,0,0,0
39.42,1420,8,0,0,0,0,0,0
68.88,828,3,0,1,0,0,0,0
34.04,60,5,2,1,0,0,0,0
83.37,477,3,2,0,1,0,0,0
11.68,1750,4,0,2,0,1,0,0
38.63,612,5,1,1,0,0,0,0
22.37,1,2,1,1,0,1,1,1
76.35,1579,7,1,1,0,0,1,0
180.27,311,3,3,1,0,1,0,0
127.23,168,4,0,1,0,0,0,0
6.22,192,4,1,1,0,0,0,0
513.92,1058,4,0,0,0,0,0,0
89.59,1058,7,1,0,0,0,0,1
30.68,1712,5,3,0,0,1,0,0
78.03,1441,3,0,0,0,0,0,0
79.53,708,1,0,0,0,0,0,0
34.23,1182,4,0,0,0,1,1,0
81.28,1781,5,1,0,0,0,0,0
36.33,1524,7,0,1,0,0,0,0
44.51,366,2,2,0,0,0,1,1
33.57,1364,0,1,1,1,0,0,1
15.92,858,6,0,0,0,0,0,0
77.16,1359,2,0,0,0,0,0,0
119.74,1607,5,3,0,0,0,0,0
111.6,327,3,1,1,0,0,0,0
151.4,114,6,1,2,0,0,0,0
92.24,797,5,1,2,0,0,0,0
39.15,919,8,0,1,0,0,0,0
154.42,1442,6,0,1,0,0,0,0
17.16,1492,4,0,0,0,0,1,1
27.09,1167,5,1,0,0,0,0,0
25.43,609,7,1,1,0,0,0,0
196.38,309,3,1,0,0,0,0,0
171.19,401,3,1,2,0,1,0,1
108.56,1344,3,0,0,0,0,0,0
194.79,212,5,2,0,0,0,0,0
27.68,317,6,1,0,0,0,0,0
94.5,185,9,2,0,0,0,0,0
58.84,1229,8,0,0,1,0,0,0
155.54,1388,2,0,1,1,0,0,0
59.43,1240,4,2,2,0,0,0,0
45.38,246,7,0,0,0,1,0,0
114.54,239,1,2,2,0,0,0,0
160.16,1829,8,1,1,0,0,0,0
34.18,1415,7,0,0,0,1,0,0
62.74,520,4,2,1,0,0,0,0
23.14,1614,2,2,0,0,0,0,0
5.48,1860,4,0,0,0,0,0,0
81.49,277,2,1,1,0,0,0,0
122.6,1981,6,1,0,0,0,0,0
86.67,1006,3,1,1,0,0,0,0
9.49,202,1,1,0,0,0,1,1
46.95,214,4,2,1,0,0,0,0
7.25,606,3,1,0,1,0,0,0
262.36,478,8,1,0,0,1,0,0
22.51,508,3,1,0,0,0,1,0
234.02,1099,5,1,1,0,0,0,0
171.72,669,4,1,2,0,0,0,0
27.1,665,6,0,0,0,0,0,0
21.48,1978,0,0,1,0,0,0,0
94.67,142,1,1,0,1,0,0,0
28.66,1614,6,1,1,1,0,0,0
73.88,322,1,0,1,0,0,0,0
41.15,1718,4,0,0,0,0,0,0
11.23,461,5,0,0,0,0,0,0
7.17,707,9,1,0,0,0,0,0
83.65,670,6,1,1,0,0,0,0
38.03,1170,5,1,0,0,0,0,0
38.36,54,5,1,0,0,1,0,0
133.74,1380,3,0,0,0,0,0,0
215.6,277,1,0,0,0,0,0,0
50.78,1845,2,0,1,0,0,0,0
47.44,1619,6,1,1,0,0,1,1
109.96,400,4,0,1,0,0,0,0
17.17,668,2,0,0,0,0,0,0
83.36,516,4,2,1,0,0,0,0
115.8,1523,4,3,1,0,1,0,1
131.66,1335,5,0,1,0,1,0,0
9.61,1295,3,0,0,0,0,0,0
31.14,576,3,0,0,0,0,0,0
27.71,1473,3,0,1,0,0,0,0
73.69,112,2,0,0,1,0,0,0
107.85,239,1,0,1,0,0,0,0
297.89,1168,3,0,1,0,0,0,0
40.65,1398,6,0,0,0,0,0,0
40.55,1044,2,1,0,0,0,0,0
210.54,1600,3,2,0,0,0,0,0
89.71,1313,6,0,0,0,0,0,0
236.9,1617,5,0,0,0,0,1,0
89.01,197,4,0,1,0,0,0,0
20.97,382,4,0,0,0,0,0,0
17.58,1605,2,0,0,0,0,1,0
14.13,1722,5,1,2,0,1,0,0
129.29,1703,6,1,0,0,0,0,0
218.9,1741,5,0,0,0,0,0,0
423.84,1516,3,0,1,0,0,0,0
154.95,164,2,0,1,0,0,0,0
213.33,606,2,1,1,0,0,0,0
37.34,1273,7,0,1,0,0,0,0
20.98,1092,2,2,1,0,0,0,0
156.03,855,2,0,2,0,0,0,0
101.26,1045,5,1,1,0,0,0,0
74.25,831,7,2,0,0,0,0,0
98.24,1536,2,1,0,0,0,0,0
92.13,597,4,2,0,0,0,0,0
240.76,1414,4,1,0,0,0,0,0
243.47,536,2,0,1,0,0,0,0
114.92,111,1,1,2,0,1,0,0
155.37,949,3,1,0,0,0,0,0
111.5,863,8,1,0,0,0,0,0
42.05,595,7,1,2,0,0,0,0
142.1,1894,5,1,0,1,0,0,1
16.54,1022,4,0,0,0,0,0,0
191.31,460,3,2,1,0,0,0,0
20.2,1102,9,2,1,0,0,0,0
88.75,434,1,1,0,0,0,0,0
28.64,1404,1,0,0,0,0,0,0
115.98,1676,7,0,1,0,0,0,0
64.46,1464,3,2,1,1,0,0,0
13.53,888,2,0,0,0,0,1,0
101.57,783,8,0,0,0,0,0,0
37.42,1363,5,1,0,0,0,0,0
160.96,988,2,1,2,0,0,0,0
66.77,1448,1,2,0,0,0,0,0
99.03,169,4,0,1,0,0,0,0
25.6,709,4,0,0,0,0,0,1
36.99,965,3,1,1,0,0,0,0
42.16,1286,6,0,0,0,0,0,0
157.07,727,2,0,0,0,0,1,0
356.87,1603,3,0,1,0,0,0,0
29.81,229,5,0,0,0,0,0,0
195.75,1185,0,0,0,0,1,0,0
7.62,427,1,1,0,0,0,0,0
20.2,122,1,0,1,0,0,0,0
25.56,149,1,1,1,0,0,0,0
17.24,852,6,0,0,0,0,0,0
13.69,705,8,1,0,0,0,1,0
100.79,1767,2,0,0,0,0,0,0
53.84,111,6,0,0,1,0,0,1
97.46,1681,2,0,0,0,0,0,0
133.02,1245,4,0,0,0,0,0,0
86.97,1928,1,1,1,0,0,0,0
128.74,64,4,0,1,0,0,0,0
62.21,638,9,2,0,0,0,0,0
20.35,1754,3,0,0,0,0,1,1
192.06,1820,3,2,1,0,0,0,0
37.0,1378,4,1,1,1,0,0,0
26.16,1498,5,0,0,0,0,0,0
55.82,909,3,0,0,0,0,0,0
26.77,1772,4,1,0,0,0,0,0
43.93,1509,1,0,0,0,0,0,0
94.07,13,6,0,0,0,0,0,0
94.48,934,2,1,1,0,0,0,0
27.17,1177,6,0,0,0,1,0,0
40.95,239,3,1,1,0,0,0,0
195.26,1214,1,1,0,0,0,0,0
109.55,663,5,3,0,0,0,0,0
531.16,1110,2,0,0,0,0,0,0
217.05,1045,5,0,0,0,0,0,0
209.41,694,9,1,1,0,0,0,0
16.65,1343,4,1,0,0,0,0,0
143.15,1182,4,1,0,0,0,0,0
63.24,971,5,1,0,0,0,0,0
38.44,964,4,0,1,0,0,2,0
78.89,1505,6,1,1,0,1,0,0
171.61,1903,3,2,2,0,0,0,0
110.04,76,3,0,2,0,0,0,0
27.7,329,5,1,1,0,0,0,0
140.11,1440,6,1,1,0,0,0,0
35.25,1227,4,1,1,0,0,0,0
82.82,1253,5,3,0,0,1,0,1
49.24,152,7,3,1,0,0,0,1
53.58,1799,2,3,1,0,0,0,0
143.49,72,8,1,0,0,0,0,0
23.57,225,3,1,1,1,0,1,1
466.47,473,4,2,0,1,0,0,0
10.79,1921,4,1,1,0,0,0,0
36.68,1667,8,0,2,0,0,0,0
96.56,360,6,1,0,0,1,0,0
119.62,540,3,0,1,0,1,0,0
60.31,811,2,1,1,0,0,0,0
62.97,609,5,0,1,0,0,0,0
100.54,1070,4,0,0,0,1,0,0
52.93,1,2,0,2,0,0,0,0
268.59,678,6,0,1,0,0,0,0
154.37,1269,2,0,1,0,1,0,0
159.62,1243,2,1,0,0,1,0,0
25.38,1638,2,0,0,0,0,1,0
61.6,291,7,1,0,0,0,0,0
49.38,1482,5,0,0,0,0,1,0
24.4,204,3,1,2,0,0,0,0
95.6,1226,4,0,0,0,0,0,0
38.95,566,2,2,2,0,0,0,1
128.43,482,8,3,0,0,0,0,0
22.87,1816,2,0,0,0,1,0,0
372.05,511,6,0,1,0,0,0,0
27.21,924,2,1,0,0,1,0,0
83.04,278,7,3,0,0,0,1,1
147.21,1005,3,2,0,0,0,0,1
37.69,16,4,1,0,0,0,1,1
156.41,1549,3,0,1,0,0,1,0
19.51,356,10,0,1,0,0,0,1
284.89,356,3,0,0,0,0,0,0
67.64,830,4,1,0,0,0,0,0
36.73,1963,3,1,0,0,0,0,0
49.44,599,6,0,1,0,0,0,0
149.74,1102,8,0,0,0,0,0,0
37.17,928,1,0,1,0,0,0,0
31.52,1091,2,0,0,0,0,0,0
53.43,859,2,0,2,0,1,0,0
20.55,1747,4,1,0,0,0,0,0
411.8,214,1,0,0,0,0,0,0
37.85,1721,7,0,0,0,0,0,0
153.18,449,2,0,1,0,0,0,0
82.23,965,3,0,1,0,0,0,0
24.91,1457,2,0,0,0,0,0,0
66.29,1569,2,3,0,0,0,1,1
146.06,1139,2,0,0,0,0,0,0
55.24,787,6,1,0,0,1,0,1
219.89,1444,5,1,0,0,1,0,1
185.21,499,5,1,1,1,0,0,0
167.15,710,5,0,2,0,0,0,1
42.11,380,1,0,0,0,0,0,0
22.65,1167,3,2,0,0,0,0,0
36.1,740,3,0,0,0,0,0,0
81.15,632,4,3,1,0,0,0,0
115.1,1889,5,2,0,0,0,1,0
7.6,1048,5,1,0,0,0,0,0
66.15,539,2,0,0,0,0,0,0
78.11,945,3,0,0,0,0,0,0
50.52,1099,5,1,0,0,0,0,0
242.57,753,12,0,0,0,1,1,1
101.67,535,3,1,0,1,1,1,1
247.2,673,4,0,0,0,0,1,0
53.73,1065,5,3,0,0,0,0,1
170.29,1774,2,0,0,0,0,1,0
342.09,1775,2,0,1,0,0,0,0
247.57,568,3,2,0,0,0,1,0
22.37,1437,4,0,0,0,1,0,0
51.74,415,4,2,0,0,0,1,1
47.22,449,4,1,0,1,0,0,1
108.77,610,6,0,0,0,1,0,0
132.47,658,4,1,2,0,0,0,0
28.82,1798,3,0,0,1,0,0,0
71.37,436,3,0,0,0,0,0,0
8.85,1576,3,1,0,0,0,0,0
282.01,705,4,0,1,0,0,0,0
39.95,239,5,0,0,0,0,0,0
70.52,1066,7,2,0,0,0,0,1
48.93,734,7,1,0,0,0,0,0
209.77,1732,6,1,1,0,0,0,0
3.91,800,3,0,0,0,0,0,0
65.59,10,4,0,1,0,0,0,1
59.99,747,6,0,0,0,0,0,0
42.37,1861,4,2,1,0,0,0,0
374.74,1289,2,1,0,0,0,0,0
27.46,1605,6,0,1,0,1,0,0
144.29,1469,4,0,0,0,0,0,0
95.23,139,2,0,1,0,0,0,0
235.45,1891,5,0,1,0,0,1,1
34.22,731,4,2,0,0,0,0,0
32.04,196,4,0,0,0,0,0,0
199.55,1098,2,1,0,0,0,0,0
102.04,1639,5,1,0,1,0,0,1
14.23,1249,3,0,0,0,0,1,0
38.89,1659,5,0,0,1,0,0,0
98.14,1126,4,1,0,0,0,1,0
154.13,264,6,0,2,0,0,0,0
33.81,945,5,1,1,0,0,0,0
3.62,920,2,0,0,0,1,0,0
112.53,161,4,1,0,0,0,0,0
19.68,1257,3,2,1,0,0,0,0
8.87,491,7,0,0,0,0,0,0
3.93,1811,5,1,1,0,0,0,0
150.5,770,4,0,0,0,0,0,0
75.84,311,4,0,1,0,0,1,0
53.22,1675,4,0,0,0,0,0,0
267.47,227,6,0,0,0,0,0,0
126.13,273,4,1,1,0,1,0,0
335.73,938,3,0,0,0,0,0,0
16.56,317,2,0,0,0,1,0,0
64.42,1923,4,0,1,0,0,1,0
13.24,1110,6,2,1,0,0,0,0
53.02,291,6,0,1,0,0,0,0
52.01,1493,3,1,1,0,0,0,0
124.79,729,6,1,1,0,0,0,0
69.8,1895,2,2,0,0,0,0,0
124.39,1602,3,0,0,0,0,0,1
134.75,1793,1,0,0,0,0,0,0
575.32,1671,8,0,0,0,0,0,0
48.65,1428,3,1,0,0,0,0,0
26.02,1451,2,0,0,0,0,0,0
85.29,375,4,1,1,1,0,0,0
29.9,1926,2,0,0,0,0,0,0
293.52,567,4,2,0,0,0,0,0
50.24,868,4,1,0,0,0,0,0
37.88,755,3,0,0,0,0,1,0
41.62,252,3,1,0,0,1,0,0
136.79,1557,4,1,0,0,0,0,1
56.95,307,3,1,2,0,0,1,1
35.1,1454,5,0,1,0,0,1,0
352.61,675,3,0,1,0,0,0,0
28.33,868,3,0,0,0,0,0,0
69.1,264,3,1,2,0,0,1,0
128.04,68,4,0,0,0,0,0,0
13.05,1131,3,1,1,0,0,0,0
107.8,1424,2,1,1,0,1,0,0
23.22,1603,4,0,0,0,0,0,0
151.83,1223,1,0,0,1,0,0,1
25.47,1216,2,0,1,0,0,0,0
133.32,514,3,0,0,0,0,0,0
201.51,769,5,3,0,0,0,2,1
157.82,442,1,1,1,0,0,0,0
85.74,1,5,0,0,0,0,0,0
52.92,358,4,1,0,0,0,0,0
37.47,1139,1,1,1,0,0,0,0
290.33,903,3,0,0,0,0,0,0
33.13,1624,1,2,1,0,0,0,0
23.64,1221,3,1,0,0,0,0,0
129.72,1628,5,1,2,0,0,1,0
30.08,274,4,1,0,0,1,0,0
25.79,856,3,1,0,1,1,0,1
15.74,1018,5,0,0,0,1,0,0
41.14,1184,4,0,1,0,0,0,0
61.39,173,5,3,0,0,0,0,0
85.04,1569,5,0,0,0,1,0,1
172.66,1482,2,1,0,0,1,1,0
112.94,585,5,0,0,0,0,0,0
55.1,1457,8,1,0,0,0,1,1
54.7,929,6,2,0,0,0,0,0
111.07,481,4,1,1,0,1,0,0
238.07,455,10,0,0,1,0,1,1
75.66,196,3,3,0,0,0,0,0
41.72,796,1,1,1,0,0,0,0
24.71,599,7,1,0,0,0,0,0
15.72,1333,8,0,0,0,0,0,0
129.84,1760,9,0,0,0,0,0,0
118.86,556,3,0,0,0,0,0,0
118.79,848,4,2,0,0,0,0,0
58.64,1518,3,0,3,0,0,1,1
272.31,439,6,0,2,0,0,0,0
41.09,650,4,0,0,0,0,0,0
173.34,1806,4,1,0,0,0,0,0
64.15,359,2,4,0,0,0,1,1
36.29,1060,3,0,1,0,0,1,0
120.61,1058,6,1,0,0,0,1,0
100.45,1112,1,0,0,0,0,1,0
95.29,658,5,0,0,0,0,1,0
72.33,16,6,0,2,0,0,0,1
64.21,745,5,1,0,1,0,1,1
726.6,421,4,0,0,0,0,0,1
217.95,553,2,1,0,0,0,0,0
137.39,767,3,1,0,0,0,0,0
74.57,793,4,1,1,0,0,0,0
182.57,1150,5,2,0,0,0,0,0
111.94,1032,3,1,0,0,0,0,0
68.46,1496,3,1,0,0,0,0,0
49.23,1492,4,1,0,0,1,1,1
61.5,880,4,3,0,0,0,0,0
2.8,1886,7,3,0,0,0,0,0
82.32,852,7,0,0,0,0,0,0
40.92,510,6,0,2,0,0,0,1
327.89,1426,5,1,0,0,0,0,0
67.99,1860,3,2,0,0,0,0,0
20.31,1200,6,1,0,0,0,1,1
63.44,1764,3,1,1,0,0,0,0
23.43,966,2,0,0,0,0,1,0
107.06,1859,4,2,0,0,0,0,0
89.21,914,3,1,0,0,0,0,0
173.79,1391,4,0,0,0,0,1,1
30.24,1512,5,3,0,0,0,0,0
68.99,18,5,0,0,0,0,0,0
17.03,56,3,0,0,0,0,0,0
134.49,919,7,3,0,0,0,0,0
112.04,1059,7,0,0,0,0,0,0
109.49,902,7,2,0,0,0,1,0
66.79,630,9,2,0,0,0,0,0
100.96,794,3,1,0,0,0,0,0
331.74,1790,4,0,3,0,1,0,1
50.14,1749,1,0,0,1,0,0,0
76.6,1597,2,1,0,0,0,0,0
22.51,1624,4,0,1,0,1,0,0
27.99,1807,0,1,0,0,0,0,0
73.54,347,4,1,0,0,1,0,0
201.13,1056,5,2,0,0,0,0,0
51.61,908,4,1,0,0,0,0,0
52.67,1024,6,0,0,0,0,0,0
44.39,1157,5,1,0,0,0,1,0
39.07,576,5,0,0,0,0,1,1
89.57,199,6,1,1,0,0,1,0
14.92,1280,4,1,1,1,0,0,1
240.07,1366,7,0,2,0,0,0,1
34.28,1691,8,3,2,0,1,0,1
137.26,1999,6,2,0,0,0,0,0
18.73,1255,3,0,0,0,0,0,0
130.17,301,7,0,0,1,0,0,0
130.57,1017,2,2,0,0,0,0,0
97.93,1571,4,0,0,1,0,0,1
24.67,26,6,1,0,1,0,0,0
85.59,1559,2,1,0,0,1,0,1
20.43,1677,5,0,0,0,0,0,0
51.79,1498,7,0,1,0,0,0,0
186.68,1411,2,0,0,0,0,0,0
147.92,1309,3,1,1,0,0,0,0
67.71,450,5,0,0,0,0,0,0
25.16,320,3,1,1,0,0,0,0
127.18,156,5,0,0,0,0,0,0
67.99,471,1,1,0,0,0,0,0
6.55,420,5,0,1,0,0,0,0
145.86,1137,1,0,0,0,1,0,1
65.09,1926,1,0,1,0,1,0,0
221.95,651,2,0,0,0,0,0,0
22.3,1446,2,1,0,0,1,0,1
2.78,886,3,1,0,0,0,0,0
88.15,930,3,1,0,0,0,0,0
89.26,1745,6,1,1,0,0,0,0
12.3,835,5,1,0,0,0,0,0
25.07,876,1,1,2,0,0,0,0
1048.61,942,4,1,0,0,0,1,1
49.13,994,2,0,1,0,0,0,0
138.51,1622,1,1,0,0,0,0,0
34.79,1309,5,0,0,0,0,0,0
8.25,572,2,0,0,0,0,0,0
56.25,54,3,0,0,0,0,0,0
51.13,605,2,1,0,0,0,0,0
44.71,325,7,2,1,0,0,0,0
59.46,970,4,0,0,0,0,0,1
86.86,1482,2,1,1,0,1,1,0
57.39,885,5,0,0,0,0,0,0
18.84,265,5,2,0,0,1,0,0
108.44,382,4,0,1,0,0,0,0
9.49,1237,5,0,0,0,0,0,0
8.58,333,3,0,0,0,0,0,0
139.66,1034,7,0,1,0,1,0,1
110.72,1382,4,1,1,0,0,0,0
62.97,203,4,0,0,0,0,0,0
16.52,1732,6,1,1,0,0,0,0
32.85,58,0,2,1,0,0,0,0
51.28,1518,5,1,0,0,0,0,0
13.52,1534,2,1,0,0,0,0,0
31.85,1792,3,0,1,0,1,0,0
128.04,1247,5,1,1,0,0,0,0
277.91,1393,3,1,0,0,0,0,0
43.84,1716,5,0,1,0,0,0,0
142.09,1442,4,3,0,0,1,0,0
9.83,1898,3,1,3,0,0,0,0
128.95,547,4,3,0,0,0,0,0
29.85,871,2,0,1,0,1,1,1
90.68,103,3,0,1,0,0,0,0
52.05,1185,8,0,0,0,1,0,1
249.74,1224,1,0,1,0,0,0,0
27.81,1184,3,0,0,1,0,0,0
124.91,1719,6,0,0,0,0,0,0
50.43,865,2,1,0,0,1,0,0
56.92,1160,6,0,1,0,0,0,0
55.49,1966,5,0,0,0,0,0,0
28.63,398,4,0,0,0,0,0,0
65.75,1762,7,1,0,0,0,0,0
62.64,392,2,3,0,0,0,0,0
84.88,1779,2,0,0,1,0,0,0
72.57,106,4,1,2,1,0,0,1
148.12,1607,4,0,1,0,0,0,0
167.92,1613,10,0,0,1,1,0,1
23.32,1078,3,0,1,0,0,0,0
158.98,1301,7,0,1,0,1,0,0
20.36,111,2,1,1,0,0,0,1
120.04,224,2,2,0,0,0,0,0
123.93,75,4,1,0,0,0,0,0
9.86,506,3,0,0,0,0,0,0
73.18,1038,3,0,2,0,0,0,0
41.74,1995,4,1,0,0,0,0,0
31.23,770,6,0,1,0,0,0,0
257.46,482,3,1,0,0,0,0,0
34.69,1213,5,0,0,0,0,0,0
29.77,364,2,0,0,0,0,0,0
71.93,239,3,0,1,0,0,0,0
132.37,1425,3,1,1,0,0,0,0
57.88,846,4,0,1,0,0,0,0
214.08,985,5,1,0,0,0,0,0
113.41,1328,5,1,0,0,1,0,0
7.55,1115,3,1,1,0,0,0,0
39.27,392,4,0,0,0,0,0,0
38.02,1208,5,1,0,0,0,0,0
107.7,1041,3,1,2,0,0,0,1
4.83,965,3,1,0,0,0,0,0
853.21,12,4,2,0,0,0,0,0
113.41,1190,4,2,0,0,1,0,0
77.39,146,2,0,0,0,1,0,0
217.36,1306,3,1,0,0,1,0,0
694.82,1573,1,0,0,0,0,0,0
159.29,1606,5,1,1,0,0,0,0
172.23,169,4,1,1,0,1,0,0
76.0,847,7,1,1,0,0,0,0
57.89,170,4,0,0,0,0,1,0
41.44,765,1,3,0,0,0,0,0
29.19,1370,6,0,0,0,0,0,0
33.55,499,1,1,1,0,0,1,0
17.28,1484,9,0,1,0,0,0,0
61.81,1321,4,3,0,0,0,0,0
12.37,1967,7,2,0,1,0,0,0
80.71,1166,3,0,0,0,0,1,0
64.31,897,5,0,1,0,0,0,0
77.24,1809,2,1,0,0,0,0,0
39.56,1761,4,0,1,0,0,0,0
1446.44,1719,2,0,0,0,0,0,1
259.85,1757,4,0,0,0,0,0,0
19.21,1077,6,5,1,0,0,0,1
84.17,118,5,1,1,0,0,0,0
36.31,365,3,2,0,0,0,0,0
24.18,1695,4,2,0,0,0,0,0
17.46,1982,7,0,0,0,0,0,0
102.74,136,4,0,0,0,0,0,0
33.74,1438,4,2,1,0,0,0,0
175.53,1101,2,1,0,0,0,0,0
180.15,1872,4,3,0,0,0,0,0
263.46,1986,9,1,1,0,0,0,0
28.43,557,6,0,0,0,0,0,0
107.27,18,7,1,0,0,0,0,0
125.52,1891,3,1,1,0,0,0,0
41.51,1965,3,1,2,0,1,0,1
30.82,403,5,1,0,0,1,0,0
333.46,205,6,3,1,0,0,0,0
83.72,499,5,1,1,0,0,0,1
125.96,324,2,0,1,0,1,1,1
29.31,595,3,1,0,0,1,0,0
19.7,562,7,0,0,0,0,0,0
37.73,1305,3,0,2,0,1,0,0
58.91,1190,1,1,0,0,0,1,0
23.01,1267,3,0,0,0,0,0,0
66.03,1913,4,0,1,0,0,0,0
12.32,479,8,2,1,0,0,0,0
21.76,164,4,0,0,0,0,0,0
130.44,324,6,0,0,0,0,0,0
121.97,1592,2,0,0,0,1,0,0
45.07,551,7,1,1,1,0,0,0
24.1,831,2,0,0,0,0,0,0
23.87,640,7,0,0,0,0,0,1
45.91,1927,6,2,0,0,1,0,0
127.04,634,6,1,0,0,0,1,0
168.72,759,2,0,1,0,0,0,0
40.59,1722,5,1,0,0,0,0,0
21.04,208,4,1,0,0,0,0,0
87.17,315,6,2,1,0,0,0,0
29.27,304,4,3,1,0,0,1,1
39.72,901,2,0,0,0,0,0,0
250.96,239,2,2,0,0,0,0,0
152.49,1751,7,0,0,0,0,0,0
78.1,804,2,3,0,0,0,0,0
18.69,1248,9,0,0,0,0,0,1
82.38,1112,4,0,0,0,1,0,0
192.99,1561,1,0,0,0,0,0,0
45.8,1453,8,0,0,0,1,0,1
257.52,1244,7,0,1,0,0,0,0
242.92,275,3,2,0,0,0,0,0
352.04,1671,2,0,1,0,0,0,1
90.49,954,5,0,1,0,0,0,0
119.99,1769,3,0,0,0,0,0,1
274.29,1090,2,1,0,0,0,0,0
104.31,1616,1,0,0,0,0,0,0
40.4,1447,3,3,0,0,0,0,0
42.58,255,8,1,2,0,1,0,1
84.65,125,4,1,1,0,0,0,0
18.35,1170,3,1,0,1,0,0,1
57.79,615,3,0,0,0,0,0,0
199.65,385,1,0,0,0,0,0,1
7.45,447,3,2,1,0,0,0,0
309.35,387,2,1,0,0,0,0,0
204.87,383,8,2,0,0,0,0,0
42.11,1301,3,1,1,0,0,0,1
114.82,1406,5,1,1,0,1,1,0
66.9,124,6,3,1,0,0,0,1
228.15,1950,2,0,0,0,0,0,0
178.16,1291,7,1,2,0,0,0,1
16.44,1814,7,0,0,0,0,0,0
119.97,1135,4,1,0,0,0,1,0
54.29,1405,3,1,1,0,0,0,0
72.45,1849,5,0,1,0,1,0,1
32.2,1625,1,0,0,0,0,0,0
383.04,1923,2,0,0,0,0,0,0
188.68,1182,4,1,2,0,0,0,1
31.82,728,6,1,1,0,0,0,0
17.56,896,3,1,1,0,0,0,0
45.35,1837,6,1,0,0,0,0,0
102.98,1572,5,0,0,0,0,0,0
84.79,1623,5,2,0,1,0,0,1
233.49,1142,4,1,0,0,1,0,0
146.92,328,7,1,1,0,0,1,0
175.84,1984,6,1,1,0,0,0,0
92.47,694,1,0,0,0,0,1,0
16.62,1092,6,1,0,0,0,1,1
54.83,1458,4,2,0,0,0,0,0
192.5,359,8,0,1,0,0,0,0
63.34,1003,3,0,0,0,1,0,0
110.29,1695,5,2,0,0,0,0,0
48.48,797,2,2,1,0,0,1,0
23.81,443,3,1,1,0,0,0,0
58.95,164,1,1,2,0,0,0,1
90.84,973,7,0,1,0,0,0,0
34.62,361,3,2,0,0,1,0,0
52.68,585,2,0,0,1,0,0,0
26.06,1143,4,0,1,0,0,1,1
204.23,853,5,0,1,0,1,0,0
49.68,1011,4,1,0,0,0,0,0
285.08,1219,5,1,2,1,0,0,1
307.58,1625,4,1,1,0,0,0,0
61.49,1881,6,1,1,0,0,0,0
24.33,1612,5,2,0,0,0,0,0
8.28,1757,3,0,0,0,1,0,0
15.3,1675,7,0,0,0,0,0,0
16.88,1024,1,0,1,0,0,0,0
264.67,1908,6,0,3,0,0,2,1
74.88,1931,7,0,0,0,0,1,0
98.46,241,1,2,0,0,1,0,0
7.24,1533,8,1,0,0,0,0,0
20.13,666,2,0,0,1,0,0,0
161.92,565,0,0,0,0,0,0,0
88.83,1166,4,0,0,0,1,1,0
57.56,832,4,2,0,0,0,0,0
117.31,976,11,1,0,1,1,0,0
342.34,1930,2,0,3,0,0,1,1
53.46,31,2,0,1,0,1,0,0
71.48,223,3,1,1,0,0,0,0
80.85,1828,8,0,1,0,0,0,0
729.32,266,1,1,0,1,0,0,0
8.17,1306,3,0,0,0,0,0,0
132.06,788,3,1,0,1,0,0,0
59.45,381,4,0,1,0,0,1,1
117.54,556,3,2,0,0,0,1,0
34.56,62,2,1,3,0,0,0,0
63.5,713,4,1,0,0,0,0,0
135.83,847,4,0,0,0,0,0,0
1499.53,521,2,3,0,0,0,1,1
149.61,1095,4,2,2,0,0,0,0
28.56,602,6,1,0,0,0,0,0
43.65,1560,7,0,1,0,0,0,0
42.38,140,3,3,0,0,0,0,0
11.07,1340,5,1,0,1,0,0,1
47.94,1364,3,0,1,0,0,1,1
138.77,1912,3,1,1,0,0,0,0
18.65,590,2,1,1,1,0,0,1
190.28,1750,1,1,0,0,0,0,0
108.61,528,6,1,0,0,1,0,0
32.0,541,6,1,1,0,0,1,0
57.89,1440,2,2,1,0,0,0,0
329.75,1491,5,0,1,0,0,0,0
138.87,375,0,0,1,0,0,0,0
67.27,291,6,1,1,0,0,0,0
52.58,43,4,0,1,0,0,0,0
72.0,1888,4,0,0,0,1,0,0
39.97,1911,3,0,0,0,1,0,0
8.13,1077,2,1,1,0,0,0,0
513.98,1812,2,1,0,1,0,0,1
77.89,1907,9,0,1,0,0,0,0
99.3,1256,11,1,0,0,0,0,0
62.93,1236,5,0,1,0,0,0,0
31.97,8,2,1,0,0,0,0,0
55.37,1658,7,1,0,0,0,0,0
13.47,483,4,0,0,0,0,0,0
650.07,42,7,2,1,0,0,0,0
19.4,333,2,1,1,0,0,1,0
23.76,1257,6,3,0,0,0,1,0
42.94,1094,4,1,0,0,0,0,0
241.79,1903,7,1,1,0,0,0,0
67.66,1040,1,0,1,0,0,0,0
19.37,69,6,0,0,0,0,0,0
233.77,53,4,0,2,0,0,0,0
138.52,685,6,0,1,0,0,0,0
114.26,1971,6,1,0,1,0,0,1
136.42,994,0,1,1,0,0,0,0
730.96,1798,6,0,1,0,0,1,1
592.94,1403,1,1,1,0,0,0,0
33.56,1825,2,0,1,0,0,0,1
338.28,1487,4,4,0,0,0,1,1
97.82,527,9,2,2,0,1,0,0
109.85,1806,5,0,0,0,0,0,0
12.28,1703,6,0,0,0,0,0,0
56.24,63,1,1,1,0,0,1,0
29.58,261,3,1,0,0,0,0,0
152.64,1524,3,2,1,0,0,0,0
194.63,1145,2,2,0,0,0,0,0
8.38,858,6,1,0,0,0,0,0
65.23,1264,3,1,2,0,0,1,1
204.76,1489,4,0,0,1,0,0,0
55.33,1131,4,0,0,0,0,0,0
138.25,180,6,1,0,0,0,0,0
94.74,1040,8,1,0,0,0,0,0
93.85,355,4,1,0,1,0,0,0
50.84,934,7,0,1,0,0,0,0
19.76,1333,4,0,0,0,0,0,0
21.73,727,6,1,0,1,0,0,0
135.55,589,4,1,0,0,0,0,0
68.0,1761,6,0,0,0,0,0,0
58.06,605,1,1,0,0,0,0,0
43.65,181,7,1,1,1,0,0,0
49.15,174,3,0,1,0,0,0,0
189.98,354,2,1,0,0,0,0,0
47.69,354,4,1,0,0,0,0,0
17.44,1243,6,0,1,0,0,0,0
140.28,1679,4,0,0,0,0,0,0
54.33,1339,4,2,0,0,0,0,0
68.81,434,3,0,1,0,0,0,0
332.81,905,5,0,1,0,0,0,0
65.33,282,5,0,0,0,0,0,0
89.05,259,3,2,2,0,0,0,0
20.51,868,4,2,0,0,0,1,0
53.53,559,6,1,1,0,0,0,0
122.67,5,5,0,0,0,0,1,0
14.08,1598,10,3,0,0,0,0,0
81.52,596,3,1,0,0,0,0,0
73.76,1669,5,1,0,0,0,0,0
69.5,394,3,0,0,0,1,0,0
188.13,336,2,0,2,0,0,0,1
93.17,63,3,1,0,0,0,0,0
292.39,1817,6,1,0,0,1,0,0
24.69,44,6,1,0,0,0,0,0
76.4,153,6,0,0,0,0,0,0
72.56,1950,3,0,1,0,0,1,0
22.89,1806,5,0,1,0,0,0,0
173.52,854,2,0,0,1,0,0,0
681.76,1707,2,0,0,0,0,0,1
65.56,1180,7,2,0,0,0,0,1
110.5,1502,1,2,0,0,0,0,0
72.57,275,4,3,0,0,1,0,0
32.67,1382,1,0,1,0,0,0,0
10.8,426,3,1,2,0,0,0,1
32.92,1556,8,1,0,0,1,0,0
16.58,483,4,1,0,0,0,0,0
366.54,214,3,1,0,0,0,0,0
59.44,79,5,0,0,0,0,1,0
47.19,139,5,3,0,0,1,0,0
162.25,950,4,0,0,0,0,0,0
21.72,98,2,1,0,0,1,0,0
30.97,1913,7,0,0,0,0,1,0
71.38,664,5,1,0,0,1,0,0
186.56,198,3,1,1,0,0,0,0
110.13,785,2,2,0,1,0,0,0
85.48,156,7,0,1,0,0,0,0
72.1,1074,4,1,0,0,1,0,0
99.51,479,0,1,0,0,0,0,0
81.59,228,2,0,0,0,0,0,0
23.81,1975,6,0,0,0,1,1,1
69.83,1481,3,1,0,0,1,0,0
22.79,522,5,2,0,1,0,0,0
72.32,149,3,0,0,0,0,0,0
41.24,1082,3,1,0,0,0,0,0
845.04,162,4,1,1,0,0,0,0
64.08,863,3,0,2,0,0,1,0
16.38,1501,1,0,0,0,1,0,1
58.31,1131,2,2,2,0,0,0,0
112.1,1451,0,0,1,0,0,0,0
355.44,395,2,2,1,0,0,0,0
36.99,801,3,0,1,0,0,0,0
13.7,186,3,0,0,0,0,1,0
150.93,558,3,2,0,0,0,0,0
16.77,1981,3,0,0,0,0,0,0
43.11,446,8,0,1,0,0,0,0
51.54,1665,4,0,1,0,0,0,0
62.2,1941,4,0,0,1,0,0,0
132.84,830,6,0,0,0,0,1,0
33.66,1472,5,0,1,0,0,0,0
50.72,87,3,2,1,0,0,0,0
65.74,1273,2,0,0,0,0,1,0
77.45,1865,4,0,0,0,0,1,0
73.54,1464,2,0,0,0,0,0,0
103.13,1281,2,0,0,0,0,0,0
155.06,1301,5,1,2,0,0,0,1
98.75,1814,6,1,0,0,0,1,0
104.96,438,4,3,0,0,0,0,0
13.71,516,6,1,1,0,0,0,0
70.12,1601,2,1,1,0,0,0,0
107.72,947,5,0,2,0,1,0,1
138.23,1226,5,0,0,0,0,0,0
33.37,1599,7,0,0,0,1,1,1
34.5,1679,2,0,0,1,0,0,1
37.56,756,3,2,0,0,0,0,0
114.02,1828,1,1,0,0,1,0,0
187.52,797,6,1,0,0,0,0,0
44.37,1204,2,2,0,0,0,0,0
165.33,686,2,1,0,0,0,0,0
75.45,325,3,1,1,0,0,0,0
58.89,1949,8,0,1,0,0,0,0
53.98,623,3,2,1,0,0,0,0
140.7,687,5,0,2,0,0,0,0
92.35,1499,2,0,0,0,0,0,0
649.25,1689,3,4,1,0,1,0,0
28.44,400,1,2,0,0,1,0,0
111.96,868,2,0,0,0,0,1,0
39.28,217,2,1,2,0,0,0,0
27.96,809,6,0,0,0,0,0,0
65.97,961,6,2,1,0,0,1,0
76.5,1477,2,0,1,0,1,0,0
1234.19,1001,4,0,0,0,0,0,1
55.47,1428,6,1,1,0,0,1,0
21.54,1989,1,2,1,0,0,0,0
87.62,932,5,0,0,0,0,0,0
8.38,240,5,0,0,0,0,0,0
60.83,1762,5,1,0,0,1,0,1
67.76,1210,2,2,1,0,0,0,0
147.61,48,6,2,0,0,0,0,1
176.55,1410,5,0,0,0,0,0,0
40.3,1232,2,2,0,0,1,0,0
57.36,1181,6,2,1,0,0,0,0
31.0,1249,3,2,0,0,1,0,1
21.58,1168,4,0,0,0,0,0,0
90.91,1443,2,1,0,0,0,0,1
18.66,1135,6,3,2,0,0,0,1
44.05,1854,2,2,1,0,0,1,1
24.65,875,3,0,2,0,1,0,1
115.55,1898,10,1,0,0,0,0,0
404.01,1489,3,1,2,0,0,0,0
18.15,132,4,1,2,0,0,0,0
10.45,625,4,1,0,1,0,0,0
58.86,1860,0,2,0,0,1,0,0
67.74,1971,4,0,0,0,0,0,0
82.98,601,3,0,1,0,1,1,1
42.68,673,5,1,0,0,0,0,0
54.56,334,2,0,0,0,0,0,0
96.3,1944,1,1,1,0,1,0,0
188.75,1099,4,1,0,0,0,0,0
9.44,1817,2,1,0,0,0,1,0
46.11,1436,6,3,0,0,0,0,0
82.58,1543,6,0,0,0,1,1,0
26.63,1649,2,1,1,0,0,0,0
376.59,36,6,4,0,0,0,0,0
35.32,778,7,1,0,0,0,0,0
63.99,1649,5,0,0,0,0,0,0
116.28,1828,7,3,0,0,1,0,1
36.92,223,3,0,0,0,0,0,0
10.52,1747,4,1,0,0,0,0,0
43.44,530,6,0,1,0,0,0,0
186.69,241,6,1,0,0,1,0,0
47.61,134,4,1,0,0,0,0,0
28.6,1756,6,0,1,0,0,0,0
168.29,391,5,1,1,0,0,0,0
47.91,102,5,2,0,0,0,0,0
40.04,1676,9,0,0,0,1,0,0
77.44,681,1,0,1,0,0,0,0
144.13,498,5,2,3,0,0,0,1
721.78,511,8,0,0,0,0,0,0
152.51,703,9,0,0,0,0,1,0
212.69,994,6,2,0,0,0,0,0
40.21,1561,3,1,0,0,0,0,0
23.91,949,6,1,2,0,0,0,1
70.98,1569,5,1,1,0,0,0,0
74.23,1367,4,0,1,0,0,0,0
22.68,841,4,2,0,0,1,1,1
55.96,6,5,2,0,0,1,0,0
99.42,958,2,0,1,0,0,0,0
95.62,194,7,0,1,0,0,0,0
110.42,742,3,1,1,0,0,0,0
89.21,1161,6,2,0,0,0,0,1
40.16,1859,5,0,0,0,1,0,0
39.89,912,5,0,0,0,1,0,0
20.11,473,3,3,0,0,0,0,1
397.33,216,2,2,1,0,1,0,0
67.59,1373,7,0,1,0,0,0,0
53.26,876,5,1,0,0,0,0,0
26.34,1207,3,0,0,1,0,0,1
1255.96,1192,10,0,1,1,0,0,0
22.8,1818,3,1,0,0,1,0,0
43.43,38,3,0,2,0,0,1,1
101.07,1699,3,1,1,0,0,0,0
121.54,471,2,1,0,0,0,2,0
173.8,452,4,2,0,0,0,0,0
406.51,1979,3,0,2,0,0,0,1
110.63,1514,3,0,0,0,0,0,0
23.2,1166,4,2,0,0,0,1,1
51.58,1013,5,1,0,0,0,0,0
90.72,1784,7,2,0,0,0,0,0
527.54,1967,6,1,2,0,0,0,0
16.48,103,1,0,0,0,0,1,0
221.98,1735,6,0,1,0,0,0,0
79.83,1736,2,0,0,1,0,0,0
154.14,42,0,3,1,0,0,0,0
60.22,947,2,0,0,0,0,0,0
28.72,1171,2,0,4,0,0,0,0
141.3,66,6,0,0,0,0,0,0
128.31,943,4,2,1,1,0,0,0
176.28,193,5,1,1,0,1,0,0
65.8,1322,3,2,1,0,0,0,0
36.6,1062,4,0,2,0,0,0,0
14.03,502,9,1,0,1,0,0,0
151.32,1677,6,1,2,0,0,0,1
101.89,1642,4,1,1,0,0,0,1
25.39,1452,3,0,1,0,0,0,0
38.92,664,2,0,0,0,0,0,0
41.81,352,2,1,1,0,0,1,1
15.14,1950,5,1,0,0,0,0,0
29.44,326,7,0,2,0,0,0,0
21.46,1062,7,2,0,1,0,0,0
44.15,1121,4,0,0,0,0,0,0
31.86,108,5,0,0,0,0,0,0
13.11,631,4,3,2,0,0,0,0
504.01,151,1,0,0,0,0,2,0
233.35,1098,6,0,1,1,0,0,0
30.6,1081,5,0,2,0,0,0,0
87.57,878,1,3,0,0,0,0,1
101.24,335,2,4,0,0,0,0,1
219.44,1276,4,3,0,0,0,1,1
29.41,1943,4,0,0,0,0,0,0
198.76,804,3,1,0,0,0,0,0
38.56,1849,2,0,0,0,0,0,0
17.53,767,2,2,1,0,0,0,0
137.57,1278,3,0,0,0,1,0,0
242.44,1409,4,0,0,0,1,0,0
887.06,1480,8,0,2,0,0,0,1
20.09,259,4,0,2,0,0,0,0
134.14,782,3,1,1,0,0,0,0
44.27,1489,4,1,0,0,0,1,1
145.96,34,2,0,0,0,1,0,0
15.33,1519,7,0,1,1,0,1,1
18.86,326,2,0,1,0,0,0,0
30.7,837,3,0,0,0,0,0,0
72.17,1262,4,1,0,0,0,0,0
35.13,691,0,0,1,0,0,1,1
128.9,1640,3,1,0,0,0,0,0
186.21,1565,4,1,0,0,0,0,0
121.46,739,7,1,2,0,0,0,1
336.56,1490,4,1,0,0,0,0,0
101.07,744,2,0,0,0,0,0,0
19.75,1328,3,1,0,0,0,0,0
260.7,1886,3,0,0,0,0,1,0
36.41,847,1,0,0,0,0,0,0
165.74,117,4,0,1,0,0,0,0
321.74,1231,4,1,1,0,0,1,0
105.29,1936,3,1,0,0,0,0,0
14.94,1721,5,0,0,0,0,0,0
26.62,1505,4,1,0,0,0,0,0
250.32,650,5,0,0,0,0,0,0
56.31,403,1,2,0,0,0,0,0
72.21,997,2,0,1,0,0,0,0
142.43,1859,6,0,1,0,0,0,0
133.8,1700,5,1,0,0,0,0,0
88.13,1924,4,0,0,0,0,0,0
54.13,1611,0,0,0,0,0,0,0
48.78,233,6,1,1,0,0,0,0
157.26,929,4,0,1,1,0,0,1
116.0,1308,5,0,1,0,0,0,0
51.56,480,1,2,0,0,0,1,1
196.79,1913,6,1,0,0,0,0,0
58.61,1791,11,1,0,0,0,0,0
28.46,976,5,2,0,0,0,0,1
31.22,9,2,3,0,0,0,1,1
25.06,715,3,2,2,0,0,0,0
50.78,1926,2,3,2,0,1,0,0
229.0,379,7,0,1,0,0,1,0
29.81,1841,4,1,1,0,0,0,1
80.52,1627,5,1,1,0,0,0,0
34.58,381,4,1,1,0,1,1,1
51.4,844,4,2,1,0,0,0,0
14.73,1686,2,0,3,0,1,1,1
53.49,360,2,0,0,0,0,0,1
54.94,176,5,1,1,0,0,0,0
114.47,485,8,2,0,0,0,0,0
83.37,1429,2,2,0,0,0,0,0
20.12,33,3,0,0,0,0,0,0
197.2,1489,4,0,1,0,0,1,1
82.29,696,4,0,0,0,0,1,1
81.32,157,5,1,3,0,1,0,0
66.08,565,3,0,0,0,0,0,0
39.74,1832,2,1,0,0,0,0,0
82.91,202,2,2,0,0,0,0,0
107.3,1810,3,2,0,0,1,0,0
11.62,1199,2,1,0,0,0,0,0
38.91,1268,2,0,0,0,0,0,0
51.68,1293,4,1,2,0,0,0,0
86.16,923,2,0,1,0,0,0,0
219.93,1470,4,2,0,0,0,0,0
30.82,74,6,2,2,0,0,1,1
40.53,96,4,1,0,0,0,1,1
39.94,1897,9,1,0,0,0,0,0
29.92,173,2,1,0,0,0,0,0
47.13,1923,4,0,1,0,0,0,0
144.14,1430,8,2,1,0,0,0,0
23.25,155,7,1,1,0,0,0,0
102.29,1207,6,0,0,0,0,1,0
12.16,1347,4,1,0,0,0,0,0
38.04,289,6,2,0,0,0,0,0
47.97,258,3,0,1,0,0,0,0
355.97,1611,3,0,1,0,0,0,0
50.66,174,5,2,1,1,0,1,1
7.38,330,9,0,0,0,0,0,0
9.04,1255,6,1,3,0,1,0,0
68.99,759,3,0,0,0,0,0,0
123.2,1020,3,0,0,0,1,0,0
97.07,161,5,0,2,1,0,0,1
78.85,186,3,0,0,0,0,0,0
213.21,1927,2,0,1,0,0,0,0
38.88,143,3,1,1,0,0,0,0
163.19,1306,6,0,0,0,0,0,0
13.04,907,2,2,1,0,0,0,0
26.98,640,6,0,0,0,0,1,0
10.95,1702,7,0,0,0,0,0,0
50.66,27,7,0,0,0,0,0,0
63.67,1270,2,0,0,0,0,1,0
74.75,1511,3,0,1,0,0,0,0
70.94,1671,1,0,0,0,0,3,0
26.38,1921,3,0,0,0,0,0,0
55.13,202,6,1,0,0,0,0,0
14.92,1045,4,0,2,0,0,1,1
260.66,1615,2,0,0,0,1,0,0
49.22,670,2,1,1,0,0,0,0
40.9,1118,3,0,2,0,0,0,0
326.67,1032,4,3,0,0,1,1,0
19.25,472,3,2,0,0,0,0,0
21.64,1363,1,3,0,0,1,1,1
22.28,259,4,3,0,1,0,0,0
62.31,55,3,0,0,0,0,0,0
102.68,911,3,0,1,0,0,1,0
139.72,1572,7,3,0,0,0,0,0
873.05,1030,4,0,1,0,0,0,0
7.03,1401,4,0,0,1,0,0,0
122.58,554,2,2,1,0,0,1,0
38.2,1074,1,0,0,0,0,0,0
37.1,112,3,0,0,0,0,0,0
35.88,146,5,2,1,0,0,0,0
26.88,230,6,1,0,0,0,0,0
359.43,1747,7,1,1,0,1,2,0
154.83,497,3,0,1,0,0,0,0
68.25,1330,8,1,1,0,1,0,0
257.5,1566,11,0,1,0,0,0,1
14.69,461,3,0,0,0,0,0,0
17.62,807,6,2,2,0,0,0,0
7.55,1652,4,1,0,0,0,2,1
33.13,1932,8,0,0,0,0,0,0
78.39,226,6,1,0,0,0,0,0
73.91,59,3,0,0,1,0,1,1
77.43,1100,4,0,1,1,0,0,1
16.26,428,5,2,0,0,0,2,0
148.88,728,4,2,0,0,0,0,0
84.74,1156,6,1,1,0,0,0,0
138.8,932,4,2,0,0,0,0,0
10.05,498,2,1,1,0,0,0,0
91.06,816,2,0,3,0,0,0,0
20.33,910,6,0,0,0,0,0,0
44.82,1617,3,0,0,0,0,0,0
113.79,1329,6,1,1,0,0,0,0
73.05,67,5,1,0,0,0,0,0
28.46,230,3,0,0,0,0,0,0
67.11,983,5,2,1,0,0,0,0
14.42,333,2,0,0,0,0,0,0
210.66,1929,3,1,0,0,1,0,0
54.31,277,1,2,0,0,0,0,0
204.09,1897,6,0,0,0,0,0,0
39.39,1608,6,2,0,0,0,0,0
39.5,721,6,1,0,0,0,1,1
31.06,1808,1,0,0,0,0,1,0
160.16,144,2,0,0,0,0,0,0
32.8,1275,4,0,1,0,1,0,0
127.05,1820,4,1,1,0,0,0,0
45.49,691,5,0,0,0,0,0,0
9.24,1976,3,1,1,0,1,0,0
37.7,1104,1,1,1,0,0,0,0
20.51,57,7,0,0,0,0,0,0
68.99,1390,4,0,1,0,0,0,0
20.28,308,4,0,0,1,0,0,0
168.34,174,1,0,0,0,0,0,0
60.88,1486,3,0,0,0,0,0,0
55.84,750,4,2,1,0,0,0,0
128.5,1004,5,1,1,1,0,0,0
174.85,678,5,3,0,0,0,0,0
65.36,1620,4,0,0,0,0,0,1
30.84,1517,1,2,1,0,0,0,0
11.31,560,4,1,0,0,0,0,0
33.58,1663,7,0,0,0,0,0,0
35.97,1705,8,1,0,0,0,0,0
74.22,1890,7,3,1,0,0,0,0
47.22,1398,2,0,0,0,0,0,0
132.68,1979,5,1,3,0,0,0,0
36.13,349,5,0,0,0,0,0,0
62.99,1091,3,2,0,0,0,0,0
217.89,330,6,1,0,0,0,0,0
93.86,1876,4,0,0,1,0,0,1
62.8,194,3,0,2,1,0,0,1
36.53,1179,2,0,0,0,0,0,0
35.4,1184,4,1,0,0,0,0,0
28.49,1720,5,2,0,0,0,0,0
38.82,266,6,1,1,0,0,0,0
141.98,168,10,0,0,0,0,0,0
53.42,145,3,2,2,0,0,0,0
17.29,186,8,0,0,0,0,0,0
390.79,886,3,1,1,0,0,0,0
91.83,865,5,1,0,0,0,0,0
16.33,774,8,1,1,0,0,0,0
42.87,1447,3,0,0,0,0,0,0
74.51,1007,5,0,0,0,1,0,0
366.72,786,5,0,0,0,0,0,0
22.02,457,5,0,0,0,0,0,0
176.98,1864,4,1,0,0,0,0,0
270.29,345,1,1,1,0,0,0,0
35.56,735,6,1,0,0,0,1,0
50.53,554,2,3,0,0,0,0,0
23.66,1021,2,0,1,0,0,1,0
54.41,1540,4,0,0,0,0,0,0
64.29,788,5,0,1,0,1,0,0
128.98,1820,4,1,0,0,0,0,0
198.38,936,4,1,0,0,1,2,0
31.56,705,3,2,0,0,0,2,0
9.32,1128,2,0,0,0,0,0,0
65.28,247,5,3,0,0,0,0,0
89.44,812,6,1,0,0,0,0,0
85.58,1047,6,0,0,0,0,0,0
48.1,953,2,1,1,0,0,0,0
75.55,815,6,0,1,0,0,0,0
303.52,1549,6,0,0,0,0,2,0
97.68,144,3,1,0,0,1,0,0
45.91,730,5,0,0,1,0,0,0
40.44,1719,8,0,3,0,0,0,0
56.27,863,2,2,0,0,0,0,0
342.66,1778,5,0,0,0,0,0,0
55.52,1217,2,1,0,0,1,0,0
65.38,465,5,1,1,1,0,0,0
41.17,1808,4,3,1,0,0,0,0
200.13,375,4,0,1,0,0,0,0
473.35,677,3,2,0,0,0,0,1
104.65,692,3,0,0,0,0,0,0
72.44,629,2,2,0,0,0,0,0
69.18,1290,3,1,1,0,0,0,0
6.15,1402,4,1,0,0,0,0,0
140.49,1574,4,0,1,0,0,0,1
76.26,556,2,1,0,0,0,0,0
102.34,863,4,0,0,0,0,0,0
32.74,74,3,2,1,0,0,0,1
45.4,438,1,1,0,0,0,0,0
44.21,881,5,2,0,0,0,0,0
185.23,226,5,0,1,0,0,1,0
45.66,1843,6,0,0,0,0,0,0
535.21,308,2,3,0,0,1,0,1
102.6,966,0,2,2,0,0,0,0
18.62,348,6,0,0,0,0,0,0
58.64,476,4,1,0,0,0,0,0
34.76,1339,5,0,0,0,0,0,1
7.43,525,2,0,0,0,0,0,0
330.12,1449,9,1,2,0,1,0,0
134.71,524,2,0,1,0,0,0,0
113.66,562,3,1,0,0,0,0,0
78.68,1849,3,0,0,0,0,0,0
16.74,1970,3,1,0,0,0,0,0
41.12,1273,1,1,0,0,1,0,0
154.75,1655,4,0,0,0,1,0,0
23.31,569,1,0,1,0,0,0,0
5.3,1206,6,0,1,0,0,0,0
53.14,1986,6,0,1,0,0,0,0
57.87,1800,6,2,0,0,0,1,0
76.37,106,2,2,2,0,0,0,0
138.17,191,4,2,0,0,1,0,1
126.17,1161,3,3,1,0,0,1,1
86.38,700,4,0,0,0,0,0,0
220.42,1144,3,0,0,0,1,0,0
14.6,1778,1,3,1,0,1,0,0
110.45,831,7,2,0,0,0,0,0
124.78,72,4,1,2,0,1,0,0
19.31,755,4,0,0,0,0,0,0
14.84,1155,3,0,0,0,0,0,1
31.63,457,2,5,0,0,0,0,0
34.41,1805,2,1,2,0,0,0,0
141.66,905,3,0,0,1,0,1,1
36.07,479,7,0,0,0,0,0,0
28.32,52,3,0,0,0,0,0,0
36.17,1004,3,1,0,0,0,0,0
204.1,574,4,0,1,0,0,0,1
67.56,1143,5,1,1,0,0,0,0
55.74,1901,3,1,0,0,0,0,0
59.74,1288,2,1,1,1,0,0,0
242.76,1263,3,3,0,0,0,0,1
31.53,1375,3,1,0,0,1,0,0
248.52,893,6,0,0,0,0,1,0
82.31,255,2,1,0,0,0,1,0
56.8,685,3,2,1,0,1,1,0
813.14,1333,6,1,1,0,1,0,0
23.2,1773,5,1,0,1,1,0,0
46.82,1855,9,1,0,0,0,0,0
19.44,1631,1,2,0,0,0,0,0
172.86,1873,7,0,0,0,0,0,0
361.11,1519,4,1,0,1,0,0,0
354.22,57,3,1,1,0,0,0,0
226.77,950,3,0,1,0,1,0,0
54.73,1427,3,0,1,0,0,1,0
46.28,1091,1,1,2,0,0,0,1
12.54,1070,5,1,1,0,0,0,0
510.75,606,4,3,0,0,0,0,0
106.59,1674,3,0,1,0,0,0,0
40.77,369,0,1,4,0,0,0,0
251.65,1629,6,1,0,0,0,1,0
25.21,232,5,0,0,0,0,0,0
100.15,1426,8,1,0,0,0,0,0
56.11,908,5,0,0,0,0,0,0
126.3,1585,2,0,0,0,1,0,0
62.58,1047,6,2,1,0,0,1,0
15.63,574,2,1,1,0,0,0,1
71.92,1291,5,0,0,0,0,0,0
190.35,841,4,1,0,0,1,0,0
64.77,118,4,0,1,1,0,0,0
144.77,1976,6,0,0,1,0,0,0
23.44,1624,4,0,2,1,0,0,1
64.96,1625,7,0,1,0,1,0,0
35.71,1079,5,0,0,0,0,0,0
140.75,1177,3,0,1,0,0,0,1
68.82,1263,4,1,0,0,0,0,0
132.96,1289,4,2,1,0,1,0,0
197.89,268,5,0,0,0,0,0,0
133.17,1931,4,0,1,0,1,1,1
87.63,113,4,0,0,0,0,0,0
24.58,166,6,2,0,1,0,0,1
66.5,668,4,0,0,0,0,0,1
39.13,1032,5,1,2,0,0,0,1
47.27,714,3,1,1,0,0,0,0
45.85,1241,4,1,0,0,0,0,0
25.03,431,2,1,0,0,0,0,0
9.42,1316,5,0,1,0,0,0,1
34.19,893,6,1,0,0,0,0,0
80.91,1074,4,0,0,0,0,0,0
17.32,107,3,1,2,0,0,0,0
67.74,1033,5,0,0,0,0,0,0
445.98,745,10,1,1,0,0,0,0
185.5,700,4,1,0,0,0,0,0
345.0,1480,3,2,1,0,1,0,1
98.61,323,5,1,0,0,0,0,0
214.33,309,1,0,0,0,0,0,0
32.33,850,6,1,0,0,0,0,0
35.01,622,5,0,1,0,0,1,0
4.31,995,3,0,0,0,0,0,0
218.36,145,2,2,0,0,0,0,0
311.17,740,2,0,0,0,1,0,0
38.35,821,0,0,2,0,0,0,0
51.73,412,4,1,0,0,0,0,0
31.38,114,5,2,1,1,0,0,0
97.77,575,4,0,0,0,0,0,0
205.39,399,1,1,0,0,0,0,0
11.67,1299,8,0,3,0,0,0,1
100.43,124,2,0,0,1,0,0,1
50.57,86,6,0,1,0,1,0,0
74.69,1606,4,1,1,0,0,0,0
105.53,47,3,1,1,0,1,1,1
55.25,1735,4,0,0,0,0,0,0
60.12,1900,6,0,0,1,0,2,0
53.85,944,5,1,0,0,0,0,0
175.97,1225,3,2,1,0,0,1,0
101.37,1300,1,1,0,0,0,0,0
83.14,1573,3,0,0,0,0,0,0
18.71,1739,3,0,0,0,1,0,0
45.67,1154,3,2,1,0,0,0,0
163.8,1472,3,3,0,0,0,0,0
69.25,804,3,0,0,0,1,0,0
128.96,389,8,1,1,0,0,0,0
390.14,576,7,2,1,1,0,0,0
188.41,1287,7,1,1,0,0,0,0
73.2,1990,5,0,0,0,0,1,1
40.01,632,4,0,1,1,0,0,1
5.19,1302,5,2,0,0,0,0,0
56.35,714,6,0,0,0,1,0,0
48.13,1070,2,0,0,0,0,0,0
98.53,1192,6,2,0,0,0,0,1
57.17,1469,5,0,1,0,0,0,0
48.41,622,8,0,0,0,0,0,0
11.25,46,5,0,0,0,1,0,1
26.05,724,4,1,0,1,0,0,0
107.41,540,7,1,2,0,0,1,1
370.89,87,5,0,0,0,1,0,0
60.49,803,2,2,1,0,0,0,0
92.56,1409,3,0,2,0,0,0,0
172.86,1693,2,1,0,0,0,0,0
29.64,265,8,1,1,0,0,0,0
96.24,1801,3,0,0,0,1,0,0
31.8,1046,3,0,0,1,0,0,0
158.35,1792,1,0,0,0,1,0,0
77.59,703,7,1,2,0,0,0,1
89.88,1474,3,1,0,0,1,0,1
30.49,232,4,0,1,0,0,0,0
135.24,186,5,1,0,0,0,0,0
536.31,326,5,0,2,0,0,0,0
24.34,1207,3,1,0,1,0,0,0
47.48,397,5,0,0,0,1,1,0
84.07,1505,2,1,0,0,0,0,0
146.41,1427,2,0,0,0,0,0,0
38.11,1487,2,1,3,0,0,0,0
3.92,1441,3,0,1,0,1,0,0
259.61,1226,2,1,0,0,0,0,0
142.67,1089,7,1,0,0,0,0,0
11.67,956,4,2,0,0,0,0,0
36.32,1932,4,2,0,1,0,0,0
319.96,555,5,2,0,0,0,1,0
283.67,733,3,1,0,0,0,0,0
170.48,1041,5,1,0,0,0,0,0
55.92,1860,8,0,0,0,0,0,0
72.46,797,6,3,0,0,0,0,0
58.5,1207,3,2,0,1,0,1,0
206.07,391,5,0,2,0,1,0,0
27.78,44,5,2,2,0,0,0,0
29.79,1997,1,1,0,0,0,0,0
183.14,901,7,1,1,0,0,0,0
63.79,1724,5,1,0,0,0,0,0
264.67,1926,9,0,1,0,0,0,0
34.07,482,4,1,0,0,0,0,0
63.13,1287,3,0,0,0,0,0,0
26.51,1198,2,0,0,0,0,0,0
67.18,1465,2,1,1,0,1,0,0
15.2,566,3,0,1,0,0,0,0
40.95,220,0,0,0,0,0,0,0
15.86,1582,5,1,0,0,0,0,0
133.48,1418,5,1,2,0,0,0,0
136.54,772,4,0,0,0,0,0,0
11.82,1219,4,2,0,0,1,0,0
253.13,409,6,0,2,0,0,0,0
810.31,471,0,0,0,0,0,0,0
69.83,1371,4,2,1,0,0,0,0
35.12,1486,3,0,0,0,0,0,1
1123.64,1085,7,1,0,0,0,0,0
17.83,166,3,2,0,0,0,0,0
68.04,672,4,4,1,0,0,0,1
79.81,1175,4,0,0,0,0,1,0
255.99,111,3,3,0,0,0,0,0
95.56,1512,3,0,0,0,0,2,1
40.5,549,3,0,0,0,0,0,0
25.76,1027,3,1,0,0,0,0,0
47.38,1507,6,1,0,0,0,0,0
24.36,1037,4,2,0,0,1,0,0
69.95,1186,4,2,0,0,0,0,0
37.93,344,6,1,0,0,0,0,0
14.97,1473,10,1,0,0,0,1,1
233.96,332,4,1,1,0,0,0,0
40.54,264,4,2,0,0,0,0,0
18.76,83,4,0,0,0,0,0,0
56.36,777,1,0,1,0,0,0,0
71.41,924,2,0,0,0,0,0,0
11.63,334,4,0,1,0,0,0,0
92.91,1404,2,3,1,0,0,0,0
23.4,1243,7,0,0,0,0,1,0
369.09,658,5,1,0,0,0,0,0
112.61,1834,2,0,0,1,0,0,0
44.71,1833,3,1,1,0,0,1,0
31.65,454,2,0,0,0,0,0,0
60.04,673,6,0,1,0,0,0,0
123.07,741,3,0,0,0,0,0,0
65.01,1770,3,1,0,0,0,0,0
53.67,1113,3,1,0,0,0,0,0
70.69,333,3,0,0,0,0,0,0
36.46,310,3,3,0,0,0,0,0
47.31,727,6,0,0,0,0,1,0
8.28,1444,7,0,0,0,0,1,0
176.57,1633,4,0,1,0,0,0,0
89.91,1749,2,0,0,0,0,0,0
30.77,354,8,0,2,0,0,0,0
445.29,824,5,0,1,0,0,0,0
72.75,1124,3,1,0,0,0,0,0
23.66,145,7,0,1,0,0,0,0
157.08,1034,1,0,1,0,0,0,0
99.29,1068,3,1,0,0,0,1,0
98.95,1787,4,0,2,0,0,1,1
43.56,1410,3,2,0,0,0,0,0
104.64,1763,5,1,0,1,0,0,1
51.33,910,4,1,0,0,0,0,0
116.27,761,4,0,2,0,0,0,0
9.92,495,5,0,0,0,0,0,0
43.21,1517,2,0,1,0,0,0,1
373.22,1193,4,0,0,1,0,0,0
30.97,642,4,0,1,0,0,0,0
36.46,531,0,2,0,0,0,0,0
42.61,1360,5,0,2,0,0,0,0
19.79,1771,5,0,0,1,0,0,0
7.33,1881,3,0,0,0,1,0,0
52.95,513,3,1,0,1,0,0,0
76.39,130,5,2,0,0,0,0,0
63.28,1008,4,0,1,0,0,0,0
57.69,1563,3,1,1,0,0,0,0
69.62,1538,1,0,0,0,0,0,0
185.46,1274,5,1,1,0,0,0,1
55.12,734,7,0,2,1,0,0,1
37.56,947,2,0,0,0,0,0,0
50.34,1162,6,1,3,0,0,0,1
119.03,1299,4,0,1,0,0,0,0
273.7,1002,4,0,0,0,0,0,0
35.58,464,7,1,0,0,0,0,0
73.62,141,4,1,1,0,0,0,0
93.54,1968,2,1,1,0,0,0,0
24.72,1280,0,1,1,0,0,0,0
68.06,882,3,2,1,0,0,0,0
15.4,1848,7,2,0,1,0,0,0
11.37,456,3,1,0,0,0,0,0
96.23,1976,3,1,0,0,0,1,0
45.43,434,3,0,0,0,0,1,0
81.64,1631,3,0,1,1,1,0,0
65.5,173,3,2,0,0,0,0,0
25.12,473,1,0,1,1,1,0,0
63.74,1979,5,2,0,0,0,0,0
19.43,1447,3,2,0,0,0,0,0
268.0,1020,6,1,1,0,0,0,0
17.18,917,3,0,0,0,0,0,0
54.83,439,5,1,1,0,0,1,1
23.52,1016,6,1,0,0,0,0,0
117.97,1081,2,1,0,0,0,0,0
47.87,498,4,0,0,0,0,0,0
39.7,1638,3,1,1,0,0,1,1
156.52,169,4,1,0,0,0,0,0
68.68,989,6,2,1,1,0,1,1
111.79,1606,5,0,1,0,0,0,0
24.99,1874,5,0,1,0,0,0,0
16.37,561,6,0,1,0,0,0,0
74.23,428,0,1,1,0,0,0,0
48.48,419,1,1,0,0,0,0,0
124.77,1371,1,0,0,0,0,0,0
61.56,1541,5,1,0,0,0,0,0
81.87,455,7,1,0,0,0,0,0
13.15,714,8,2,0,0,0,0,0
440.73,202,4,0,0,0,0,0,0
56.59,179,4,2,0,0,0,0,0
133.97,57,7,1,2,0,0,0,1
28.9,1722,2,0,2,1,0,0,0
90.74,1628,3,1,1,0,0,0,0
18.12,1828,2,1,0,0,0,0,0
104.8,1930,6,1,0,0,0,1,0
46.71,946,3,3,1,0,0,0,0
68.66,501,4,2,0,0,0,0,0
134.02,739,4,3,1,0,0,0,0
19.44,1957,4,4,0,0,0,0,0
33.63,112,4,1,1,0,0,0,0
105.35,1172,5,1,1,0,0,0,0
543.6,1805,7,0,0,0,0,0,0
58.09,715,5,0,2,0,0,0,1
120.44,1402,10,1,0,0,1,0,1
59.92,877,3,0,1,0,0,1,1
465.1,1939,2,0,0,0,0,0,0
11.62,1372,6,3,1,0,0,0,0
73.3,1382,1,1,1,0,0,0,0
13.12,1080,8,2,1,0,0,0,1
5.44,813,2,1,0,0,0,0,0
89.79,1340,8,0,1,0,0,0,0
76.67,964,3,3,1,0,0,0,0
50.16,1209,9,0,0,0,1,1,1
59.97,1078,4,0,0,0,0,0,0
1477.78,37,3,0,0,0,0,0,0
51.51,1747,6,0,0,0,0,1,1
111.07,1829,6,0,0,0,0,0,0
34.84,1013,4,3,1,0,0,0,0
89.59,1294,2,1,0,0,0,0,0
52.55,863,3,1,1,0,0,0,0
44.23,732,3,0,0,0,0,1,0
411.13,1532,3,1,1,0,0,0,0
216.41,1252,3,0,1,0,0,0,0
76.46,1452,3,2,2,0,0,0,1
6.66,1894,1,2,0,0,0,1,0
46.48,1747,2,0,0,0,0,0,0
995.28,810,6,3,1,0,0,2,1
52.95,1025,2,0,0,0,0,1,0
200.98,23,7,1,0,0,0,0,0
282.01,1527,6,1,1,0,1,0,0
83.01,1472,2,4,0,0,0,1,1
28.74,796,8,1,0,0,0,0,1
5.84,496,2,0,0,0,0,2,1
132.18,900,6,1,1,1,0,0,0
29.53,425,4,3,0,0,1,0,0
79.53,700,3,0,1,0,0,0,0
19.11,18,9,3,1,1,0,0,1
51.15,1983,4,1,1,0,0,0,0
68.97,1469,6,1,0,0,0,0,0
87.23,1585,3,0,1,0,1,1,0
21.87,1583,8,1,0,0,0,0,0
220.72,627,3,0,0,0,0,0,0
36.71,1063,4,0,0,0,0,0,1
12.5,1753,2,1,0,0,0,0,0
59.8,1234,5,1,1,0,0,0,0
69.02,1798,4,0,2,0,0,0,0
78.3,211,5,0,0,0,0,1,0
260.38,565,2,0,0,0,0,1,0
52.64,972,7,1,0,0,0,0,0
59.17,1305,3,3,0,0,0,0,0
22.13,1891,1,1,1,0,1,0,0
151.5,1857,2,0,0,0,0,0,0
80.18,133,2,0,0,0,0,0,0
43.81,449,6,0,0,0,1,0,0
9.93,264,6,1,0,0,0,0,0
282.71,1831,3,2,1,0,0,0,0
19.54,111,1,1,0,0,0,0,0
36.92,1579,5,1,0,0,1,0,0
95.43,850,6,0,0,0,0,0,0
20.15,1262,2,1,0,0,0,0,0
14.98,1915,2,1,2,0,0,0,0
7.97,1481,2,1,0,0,0,0,0
137.14,901,6,3,1,1,0,0,0
38.66,759,3,2,0,0,0,0,0
1245.47,1540,5,0,0,0,0,1,1
24.67,1900,5,0,0,1,0,0,0
26.54,861,3,2,0,0,0,0,0
37.89,897,6,0,1,0,0,0,0
85.04,862,3,2,0,0,0,0,0
41.67,1848,4,2,0,0,0,0,0
123.02,1197,2,1,0,0,0,1,0
25.06,193,5,1,0,0,0,0,0
16.75,515,4,0,0,0,1,0,0
11.04,790,4,0,0,0,0,1,0
7.22,968,6,3,0,0,0,0,0
39.72,1592,3,3,0,0,0,0,1
49.35,1810,3,1,0,0,0,0,0
35.47,1433,7,3,0,0,0,0,0
231.23,1712,5,0,0,0,0,0,0
227.7,1652,7,1,0,0,0,0,0
47.71,84,6,0,0,0,0,0,0
11.09,1695,2,0,0,0,0,1,0
37.84,798,5,0,1,0,0,0,0
36.6,80,4,0,1,0,0,0,0
34.57,1602,2,2,0,0,0,0,0
33.19,1233,4,1,0,0,1,0,0
34.69,522,6,1,2,0,0,1,0
45.31,1223,5,1,0,0,0,0,0
35.32,1595,4,0,0,0,0,0,1
82.13,234,1,0,1,0,0,1,0
95.62,1843,4,1,0,1,0,0,1
26.83,244,4,2,0,0,0,0,0
237.71,1915,5,0,0,0,0,1,0
25.03,1417,3,1,1,0,0,0,0
13.23,1590,3,1,0,0,0,0,0
97.59,1470,3,0,0,1,1,0,0
29.45,849,5,2,0,0,0,0,0
91.95,393,2,0,0,0,0,0,0
6.03,9,7,0,0,0,0,0,0
268.39,613,2,1,2,1,0,1,1
130.62,1944,4,1,1,0,0,0,0
14.87,807,2,0,1,0,0,0,0
15.2,715,8,0,0,1,0,0,0
355.05,1928,3,1,1,0,1,0,0
31.9,1177,5,1,1,0,1,0,0
28.96,110,5,0,0,1,0,1,0
6.92,834,3,0,0,0,0,1,0
46.96,266,3,1,0,0,0,0,0
53.11,1397,4,2,2,0,0,0,0
136.39,1176,6,2,0,0,0,0,0
16.46,976,4,0,0,0,0,1,0
14.58,1619,4,0,1,0,0,0,0
104.69,955,6,0,1,0,0,0,0
182.5,1439,2,1,0,0,0,0,1
13.86,907,8,0,2,0,0,0,1
196.67,1670,7,0,2,0,0,0,0
69.24,1350,3,1,0,0,0,1,0
198.7,672,4,0,2,0,0,0,0
62.16,1575,3,0,0,0,0,0,0
5.35,176,5,1,1,0,0,0,0
57.28,525,2,2,2,0,0,0,0
192.51,1339,2,1,1,0,0,1,0
27.28,1091,3,0,0,0,0,0,0
45.24,952,5,0,0,0,0,0,0
55.92,1784,3,2,0,0,0,2,1
3.67,1577,2,0,1,0,0,0,0
354.73,1208,1,2,0,0,0,1,0
27.08,1059,0,1,0,0,0,0,0
110.58,1958,2,0,0,0,0,0,0
61.15,505,2,3,1,0,0,1,0
234.54,849,5,1,3,0,0,0,0
100.09,963,2,1,0,1,0,0,0
52.72,1826,3,2,0,0,0,0,0
27.29,1100,2,2,1,0,0,0,0
148.09,472,4,1,0,0,0,0,0
10.24,1606,4,2,2,0,0,0,0
127.22,1770,2,0,0,0,0,0,0
22.22,523,5,0,1,0,0,1,0
233.29,880,4,0,2,0,0,1,0
78.36,1307,4,0,1,0,0,0,0
126.99,1840,2,0,1,1,0,0,0
72.38,1560,7,0,1,0,0,1,0
11.56,274,4,0,0,0,1,1,0
28.2,1563,1,1,0,0,1,0,0
130.63,54,2,3,1,0,0,0,0
78.78,1079,1,0,0,0,0,0,0
217.24,888,5,1,1,0,0,0,0
99.81,745,4,0,0,0,0,0,0
25.36,277,3,1,0,0,0,2,1
30.08,1467,3,1,1,0,1,0,0
73.92,883,6,0,1,0,0,0,0
6.59,1442,6,1,1,0,0,0,0
355.47,632,5,2,0,0,0,0,0
103.73,1249,3,0,0,0,0,0,0
227.47,570,5,1,0,0,0,0,1
13.73,1279,6,2,0,0,0,0,0
231.5,176,3,1,0,0,0,0,0
621.1,566,5,1,1,0,0,0,0
17.8,1170,2,2,0,0,1,0,0
144.23,771,3,1,0,0,0,0,0
66.76,1688,5,0,0,0,0,0,1
14.23,1409,3,1,2,0,1,0,1
109.17,262,3,0,1,0,0,0,1
153.49,531,6,0,0,1,0,0,0
36.56,1878,4,2,0,0,0,0,0
213.99,1395,5,0,1,0,0,0,0
12.59,1707,6,2,1,0,0,0,0
14.96,891,3,0,0,0,1,0,0
76.45,1928,4,0,1,0,0,0,0
68.4,1221,5,0,0,0,0,1,0
32.57,948,3,2,0,0,1,0,0
149.84,585,3,0,0,0,1,1,0
113.4,815,1,1,0,0,0,0,0
157.3,1621,5,0,0,0,0,0,0
58.96,1308,6,1,0,0,0,1,0
121.82,302,9,0,1,0,0,0,0
42.71,1156,3,0,1,0,0,0,0
519.99,1144,5,1,1,0,0,0,1
29.59,1752,4,0,2,0,0,1,0
547.46,1160,4,2,1,0,0,0,0
69.05,628,2,1,0,0,1,0,0
16.85,573,3,2,0,0,0,0,0
261.93,529,5,2,0,0,0,0,0
75.63,34,7,1,0,0,0,0,0
156.2,532,2,2,1,0,0,0,0
226.75,1232,5,0,0,0,0,0,0
93.5,1994,1,2,0,0,0,0,0
36.88,1698,3,1,0,0,0,0,0
176.92,1323,6,1,1,0,1,0,0
66.74,1546,7,0,1,0,0,0,0
132.4,1118,5,0,1,0,0,0,0
7.74,1438,9,0,0,0,0,0,0
104.27,371,5,2,0,0,0,0,0
35.21,409,0,1,1,1,0,0,0
348.39,1407,5,1,0,1,0,0,0
124.35,1465,4,2,1,0,0,0,0
84.76,1902,5,0,0,0,0,0,0
108.45,1471,2,2,0,0,0,0,1
24.57,1643,9,0,0,0,0,0,0
338.07,617,2,0,0,0,0,0,0
488.52,71,5,0,0,0,1,0,0
98.78,1967,4,0,0,0,0,0,0
327.15,84,4,0,0,0,0,1,0
37.74,209,3,0,0,0,0,1,0
30.05,259,2,0,0,0,0,1,0
69.47,1263,1,0,1,0,0,0,0
103.02,1326,3,0,0,1,0,0,0
44.97,1256,6,1,0,0,0,0,0
114.18,932,3,2,1,0,1,0,0
90.59,282,7,1,0,0,0,0,0
24.57,394,1,2,2,0,0,0,0
112.03,418,7,1,0,0,0,1,0
158.15,1230,6,1,1,0,0,0,0
79.16,1288,3,0,0,0,0,0,0
211.17,1335,4,1,0,1,0,0,0
19.74,859,7,2,0,0,0,0,0
106.48,1930,4,0,0,0,0,0,0
20.69,1721,3,0,0,0,1,0,0
21.89,626,5,1,0,0,0,0,0
35.48,1103,1,2,3,0,0,0,0
26.0,1893,7,0,0,0,0,0,0
38.55,1366,9,4,0,0,0,0,0
53.83,1837,4,1,1,0,1,0,0
154.03,562,6,0,0,0,0,0,0
48.37,832,2,0,0,0,0,0,0
13.66,1119,3,2,1,1,0,1,1
208.53,1794,8,0,1,0,0,1,0
28.87,941,1,2,2,0,0,0,0
62.88,1375,2,0,1,0,0,1,1
104.22,62,7,0,0,1,0,0,0
81.42,1166,5,0,0,1,0,0,0
199.17,1866,2,0,0,0,0,0,0
107.66,734,4,1,1,0,1,0,0
28.18,1892,0,3,0,0,1,0,0
589.08,1135,3,1,1,1,0,0,0
80.99,1640,4,0,1,0,0,0,0
57.55,1551,7,0,0,0,1,0,0
174.85,782,8,0,1,0,1,0,0
85.58,1695,5,0,1,0,0,0,0
99.41,1181,4,0,0,0,0,1,0
806.08,539,6,0,0,0,0,0,0
50.65,597,5,0,0,0,0,0,0
48.53,9,4,0,0,0,0,0,0
74.93,276,2,0,1,0,1,0,0
194.71,227,1,2,0,0,0,0,0
14.78,186,4,0,0,0,0,0,0
9.34,591,2,0,0,0,0,0,0
37.07,1240,3,0,1,0,0,0,0
13.01,433,0,0,0,0,0,0,0
43.6,569,5,2,0,0,0,0,0
110.22,656,4,1,0,0,0,0,0
27.36,356,4,0,0,0,1,0,0
16.01,843,6,0,0,0,0,0,0
71.47,392,2,1,1,0,0,0,0
157.99,579,7,1,3,0,0,0,0
12.24,1299,4,1,1,1,1,0,0
151.45,1518,1,0,0,0,0,0,0
151.0,1641,9,3,0,0,0,0,0
173.14,1475,6,0,2,0,0,0,0
225.54,420,5,0,1,0,0,0,0
603.06,1724,1,0,1,0,0,0,0
46.71,164,11,1,0,0,0,0,0
74.41,779,2,1,0,0,0,0,0
43.97,1587,9,3,0,0,0,0,0
66.82,638,4,2,0,0,0,0,0
308.86,1616,6,1,0,1,0,0,0
17.37,1207,5,1,1,0,0,0,0
28.19,1334,5,0,2,0,0,1,1
264.33,17,3,5,2,0,1,0,1
184.94,446,6,1,0,0,0,0,0
46.38,170,4,0,1,0,0,0,0
156.71,1304,4,1,0,0,1,0,0
93.8,1937,6,1,2,0,0,0,1
298.95,1840,2,1,0,0,0,0,1
71.84,340,4,0,3,0,0,1,0
185.98,726,5,4,1,1,0,0,1
936.37,1734,1,1,2,1,0,0,1
121.28,1543,2,0,0,0,0,1,0
70.06,1934,5,0,0,0,0,0,0
137.34,1035,4,1,2,0,0,0,0
46.28,1548,6,1,0,0,0,0,0
726.3,1646,5,1,0,0,0,0,0
79.84,133,5,0,0,0,0,0,0
50.76,901,3,0,0,0,0,0,0
28.91,640,9,0,0,0,0,0,0
199.78,1172,5,1,1,1,0,0,0
158.73,1590,2,0,1,0,0,0,0
40.55,823,6,1,0,1,0,0,0
118.68,954,2,2,1,0,0,0,0
14.75,79,1,0,0,0,0,1,0
80.24,346,3,1,1,1,0,0,0
104.87,609,4,1,1,0,0,1,0
367.72,1273,4,1,1,1,1,0,0
30.85,639,1,1,1,1,0,0,1
18.57,1566,2,1,1,0,0,0,0
27.24,1048,2,1,0,0,0,0,0
17.52,1495,6,1,1,0,0,0,0
253.83,1225,3,0,0,0,0,0,0
313.76,131,5,1,0,0,0,0,0
91.86,1658,2,1,0,0,0,0,0
226.17,356,5,2,2,0,0,0,0
76.25,944,6,0,0,0,0,0,1
60.64,1863,3,0,0,0,0,0,0
47.8,150,5,2,0,0,0,0,0
48.89,1550,2,0,0,0,0,0,0
14.19,1328,2,0,0,0,0,1,0
86.86,1565,5,0,1,0,0,0,0
64.05,50,5,0,0,0,0,0,0
140.52,464,6,0,0,0,0,0,0
73.22,1264,3,1,3,0,0,0,0
56.67,1506,8,1,1,1,1,0,1
27.91,1930,4,0,0,0,1,0,0
71.68,455,2,1,2,0,0,0,0
139.52,1307,5,0,0,0,0,0,0
21.26,335,4,0,0,1,0,0,1
72.78,1376,2,3,0,0,0,0,1
84.19,668,6,0,1,0,0,0,0
32.52,1673,6,0,2,0,0,0,1
37.05,327,2,0,0,0,1,0,0
83.98,1016,3,1,1,0,0,0,0
21.47,336,4,1,0,1,0,0,1
94.63,666,4,0,0,0,0,0,0
27.24,995,5,0,1,0,0,0,0
193.03,81,6,1,0,0,0,0,0
690.78,87,4,1,0,0,1,1,1
28.2,1800,4,2,1,0,0,0,0
113.77,258,2,0,1,0,0,0,0
32.24,991,3,0,0,0,0,0,0
188.85,185,4,0,0,0,0,0,0
18.82,1716,3,0,0,0,0,0,0
107.83,698,0,1,2,0,0,0,0
27.85,123,1,1,0,0,0,0,0
54.22,1913,3,3,1,0,0,1,0
23.78,1120,2,0,0,0,0,0,0
151.77,605,0,1,2,0,0,0,0
28.88,515,4,0,1,1,0,0,0
115.81,904,2,1,2,0,0,0,0
47.27,1467,6,1,1,0,0,0,0
59.47,1538,2,2,0,1,1,1,1
77.3,1982,3,1,0,0,0,0,0
31.13,1395,3,1,2,0,0,0,0
82.3,305,3,3,0,1,1,0,1
308.07,1381,5,1,0,1,0,0,1
30.63,1172,3,0,1,0,1,2,0
215.25,1309,7,1,1,0,0,0,0
298.3,657,1,1,0,1,0,0,0
29.48,1866,2,0,0,0,0,0,0
15.56,1897,4,0,1,0,0,0,0
90.19,1942,2,0,0,0,0,0,0
38.57,262,2,1,3,0,0,0,0
432.08,1598,4,1,1,0,0,0,0
69.05,491,1,2,0,0,0,0,0
29.9,738,2,0,2,0,0,0,0
21.18,1055,6,1,0,0,1,0,0
198.32,702,3,0,0,0,0,0,0
37.67,887,7,0,0,0,1,0,0
69.67,1292,3,2,0,1,0,0,1
173.43,12,6,1,1,0,0,1,0
41.09,1215,6,1,0,0,0,0,0
63.69,1424,4,4,1,0,0,0,0
65.59,1561,5,0,0,1,0,2,0
132.07,1942,3,0,2,1,1,0,0
120.39,91,5,1,1,0,1,0,1
53.51,600,2,1,0,0,1,0,0
71.07,1868,8,0,1,0,0,0,0
45.98,1525,6,0,0,0,0,0,0
15.22,1810,7,0,0,0,1,0,0
86.28,301,1,0,2,0,1,0,0
442.39,1135,4,1,0,0,0,0,0
27.56,80,2,1,1,0,0,0,0
30.78,836,6,0,0,0,0,0,1
27.92,652,3,0,0,0,1,0,0
137.63,433,3,0,0,1,0,0,1
104.43,417,3,2,1,0,0,0,1
56.91,1238,5,2,1,0,0,0,0
26.63,1471,5,2,0,0,0,0,0
73.14,18,2,2,0,0,0,0,0
13.95,1078,3,0,0,0,0,0,0
76.97,1904,6,1,1,0,1,0,0
159.42,1633,4,1,0,0,0,0,1
19.08,1819,1,2,0,0,0,1,0
14.4,746,4,1,0,0,0,0,0
323.58,240,5,1,0,0,0,0,0
36.17,846,3,0,0,0,0,1,0
207.67,1945,5,1,1,0,1,0,0
57.17,418,4,0,0,0,0,0,0
56.72,856,1,1,0,0,0,0,0
103.38,1510,4,0,0,0,0,0,0
27.55,1468,4,0,0,0,0,0,1
76.13,1590,4,1,0,0,1,0,0
45.54,599,5,1,0,0,0,0,0
17.81,1797,4,2,2,0,0,2,1
93.46,1772,7,1,1,0,0,0,0
51.25,1147,5,1,0,0,0,0,0
57.0,420,1,2,1,0,1,0,0
19.88,1590,4,0,1,0,0,0,0
327.47,216,2,0,0,0,1,0,0
160.25,1444,3,0,0,0,1,0,0
174.89,709,3,2,0,0,0,0,0
49.13,551,4,1,0,0,0,0,0
11.83,966,3,0,0,0,0,0,0
470.09,1901,2,1,1,0,0,0,0
62.73,1252,3,2,1,0,0,0,0
31.54,1261,2,2,0,0,1,0,0
101.17,1668,8,0,1,1,0,0,0
214.25,1354,7,2,0,0,0,0,0
65.17,833,7,0,0,0,0,0,0
239.51,1493,4,0,0,1,0,0,0
196.96,680,3,1,0,0,0,0,0
22.73,487,3,1,1,0,0,1,1
33.99,1573,3,0,1,0,0,1,1
173.74,1603,4,0,1,0,0,0,0
4.43,623,5,0,0,0,0,0,0
57.43,1439,3,1,0,0,0,0,0
15.95,219,5,1,0,0,1,0,0
41.41,721,5,1,0,0,0,0,1
49.46,381,7,1,1,0,0,0,0
46.61,87,5,0,1,0,0,0,0
38.39,1485,4,0,0,0,1,0,0
22.26,815,2,0,0,0,0,0,0
659.78,411,5,0,1,0,0,0,0
431.58,691,3,0,0,0,0,0,0
20.86,1940,2,1,1,0,0,0,0
324.45,1013,4,0,3,0,0,0,0
44.73,525,10,0,0,0,1,1,1
75.88,447,3,1,2,0,0,0,0
62.6,300,2,1,0,1,0,0,0
34.48,408,6,0,1,1,0,1,1
178.37,1661,4,0,0,0,0,0,0
75.63,375,1,0,1,0,0,0,0
41.41,233,1,0,0,0,0,0,0
18.09,1787,8,0,0,0,0,0,0
27.29,1923,3,1,1,0,0,0,0
12.92,638,3,1,0,0,0,2,0
67.51,1771,8,0,0,0,0,0,0
20.15,650,1,2,0,0,0,0,0
51.13,961,6,0,0,0,0,1,0
262.46,1073,3,0,0,1,0,0,1
221.25,1916,2,0,0,0,1,1,0
64.57,186,6,0,1,0,0,0,0
61.12,1229,7,0,0,0,0,0,0
436.97,78,4,1,0,0,0,0,0
112.25,1505,5,1,0,0,0,0,0
48.05,1410,5,3,1,0,0,0,1
16.02,194,4,0,1,0,0,0,0
98.88,1127,4,1,1,0,0,1,0
152.83,1641,7,1,1,0,0,0,0
35.46,1400,6,0,0,0,1,0,0
89.23,287,2,0,0,0,0,0,0
46.36,1860,6,0,0,0,0,1,1
55.48,1506,6,1,0,0,0,0,0
5.54,1747,4,0,1,0,0,0,0
53.42,250,4,0,0,0,0,0,1
175.8,1829,4,1,0,0,0,0,0
35.47,1225,3,0,1,0,0,1,1
70.28,536,5,1,0,0,0,0,0
31.31,1485,4,0,0,0,0,0,0
95.63,300,2,0,0,0,0,0,0
53.7,1502,2,1,1,0,0,0,0
26.07,1107,4,1,0,0,0,0,0
252.79,809,1,0,0,0,0,0,0
168.84,458,8,2,2,1,0,0,1
36.42,691,5,1,2,0,1,0,0
109.7,1322,1,0,0,0,0,0,0
114.14,1388,3,0,0,0,0,0,0
126.76,718,2,1,1,0,0,0,0
12.25,40,4,1,0,0,0,0,0
182.47,1840,2,0,0,0,0,0,0
37.72,1649,5,1,1,0,0,0,0
46.63,1364,4,0,3,0,1,0,1
932.51,1540,5,0,1,0,0,0,1
90.19,108,4,1,0,0,1,0,0
45.32,1340,4,1,0,0,0,0,0
7.35,1138,2,3,0,0,1,0,0
267.67,1191,5,0,3,0,0,0,0
17.37,261,2,1,0,1,0,0,0
24.45,1642,7,0,1,1,0,0,1
47.88,1248,3,1,1,0,1,0,0
274.9,1286,4,0,0,0,0,0,0
144.49,1275,3,2,1,0,0,0,0
56.95,526,5,1,1,0,1,1,1
90.77,710,5,1,0,0,1,0,0
36.58,126,4,0,2,0,0,0,0
76.68,1230,7,2,0,0,0,0,0
71.76,1164,4,1,0,0,0,0,0
175.7,1086,5,1,0,0,0,0,0
175.42,1307,9,1,1,0,0,0,0
109.29,54,3,0,1,0,0,0,0
46.42,346,2,0,0,0,0,0,0
140.03,1548,6,0,0,0,1,0,0
60.83,136,3,1,2,1,0,0,1
22.6,330,5,0,0,1,0,0,0
44.55,1168,2,1,0,0,1,0,0
72.57,1460,6,2,0,0,0,0,0
165.71,1306,2,1,0,0,0,0,1
55.5,136,6,0,1,0,0,0,0
19.9,1513,3,0,0,0,0,0,0
70.58,813,2,0,1,0,1,0,0
74.7,1757,3,2,1,0,0,0,1
80.31,852,4,0,2,0,0,0,0
167.31,1745,3,5,0,0,1,1,1
184.74,1939,0,1,0,0,0,1,0
36.81,1425,4,4,1,0,1,0,1
36.01,871,3,2,1,0,0,0,0
23.57,892,3,2,0,0,0,0,0
134.13,1473,1,0,0,0,1,0,0
283.96,635,6,2,0,0,0,0,0
48.66,1652,5,1,1,0,0,0,0
52.38,669,3,0,0,0,0,0,0
289.1,1294,6,3,0,0,0,0,0
110.56,1041,6,1,1,0,0,0,0
103.16,269,4,1,1,0,0,0,0
20.27,861,2,2,0,0,0,0,0
131.46,482,3,0,0,0,0,0,0
26.33,1243,3,0,1,0,0,0,0
21.46,1343,5,0,0,0,0,1,0
47.15,1262,2,1,0,0,1,0,1
37.12,1569,7,0,0,0,0,0,0
53.43,285,4,1,0,1,0,0,0
15.78,1061,7,2,1,0,1,0,0
173.96,103,6,2,0,0,0,0,0
205.96,1747,3,1,0,0,0,1,0
9.51,1454,7,0,0,1,0,0,0
177.41,792,3,0,0,0,0,0,0
29.65,1678,5,0,0,0,0,0,0
157.11,239,3,2,0,0,1,0,0
62.27,741,2,0,0,0,0,0,0
68.63,645,2,2,0,0,1,0,0
55.42,1149,3,2,0,0,0,0,0
224.11,1589,5,0,0,0,1,0,0
19.31,1624,1,1,1,0,0,1,0
122.47,1634,4,2,1,0,0,0,0
200.6,882,5,0,0,0,1,0,1
136.5,607,3,1,1,0,1,1,1
681.77,1950,5,0,1,0,0,0,0
39.29,188,2,0,1,0,0,0,0
173.7,888,5,0,1,0,0,0,0
59.97,1280,5,0,0,0,0,1,0
228.93,1609,6,0,1,0,0,0,0
66.18,987,5,0,0,0,0,0,0
45.25,924,3,1,0,0,0,1,0
246.18,1898,3,0,0,0,0,0,0
40.79,794,1,1,1,0,1,0,0
16.24,530,8,2,2,0,0,0,0
39.77,676,2,1,0,0,0,0,0
123.85,392,8,1,0,0,0,0,0
268.28,1682,5,0,0,0,1,1,0
74.52,1492,0,0,0,0,0,0,0
249.19,1850,4,0,0,0,0,0,0
17.15,1277,0,1,0,0,0,1,1
42.81,672,0,1,0,1,0,0,0
49.97,861,6,1,0,0,0,0,0
59.47,1585,5,1,0,0,0,0,0
72.54,1200,3,2,1,0,0,1,0
133.07,466,6,1,0,0,0,1,0
42.74,839,4,0,2,0,0,0,0
76.63,1601,5,0,0,0,0,1,1
63.74,988,4,0,0,1,0,0,0
26.42,1313,5,1,0,1,0,0,0
59.52,1074,6,1,0,0,0,0,0
57.76,4,5,2,0,0,1,0,0
56.54,1655,5,1,0,0,0,0,0
68.84,852,6,0,1,0,1,0,0
71.93,1909,5,1,0,0,0,1,0
43.28,1524,6,0,0,0,0,0,0
238.11,1700,4,0,1,0,0,0,0
20.71,1247,5,2,0,0,0,0,0
32.43,1894,6,0,0,0,0,0,0
1074.88,1692,3,1,1,0,0,2,1
23.62,1923,2,0,0,0,0,0,0
17.22,1286,5,0,0,0,1,0,0
139.0,1709,2,1,1,0,0,0,0
8.36,535,4,0,2,0,0,1,1
52.71,903,5,1,0,0,1,0,0
570.11,1400,4,1,1,0,0,0,0
14.23,1085,3,1,0,0,0,0,0
9.19,1380,3,1,0,1,0,1,1
14.89,1857,6,2,1,0,0,0,1
163.75,646,5,2,0,0,0,0,0
205.36,24,4,1,0,0,1,0,0
39.94,1317,4,2,1,0,0,1,1
132.05,557,1,1,0,0,0,0,0
267.8,691,11,0,3,0,0,0,1
398.36,356,5,1,0,0,0,0,0
52.13,870,5,2,1,0,0,0,0
6.68,941,4,1,0,0,1,0,0
29.34,575,4,2,1,1,0,0,1
43.52,29,6,3,0,0,0,0,0
51.47,357,6,0,0,0,0,0,0
55.27,365,2,1,0,0,0,0,0
204.16,608,5,1,0,0,0,0,0
238.51,409,6,0,0,0,0,0,0
56.17,1290,2,0,0,0,0,0,0
200.03,1315,2,5,0,0,0,0,0
95.36,567,2,0,0,0,1,0,0
71.13,1177,2,0,1,1,0,0,0
165.1,219,5,3,0,0,0,0,0
71.68,173,8,1,0,0,0,0,0
522.07,608,4,0,1,0,0,0,0
15.82,1659,6,1,0,0,0,1,0
39.84,1036,5,0,0,0,0,0,0
58.76,1540,5,1,1,0,0,0,0
103.49,1386,5,2,0,0,0,0,0
236.98,858,8,2,1,0,0,0,0
65.08,1603,2,0,0,0,0,0,0
16.08,657,4,0,0,0,0,1,1
154.86,969,6,1,1,0,0,1,1
141.88,1501,6,1,0,0,0,0,0
9.57,1601,3,0,1,0,0,0,0
66.43,1106,1,1,0,0,0,0,0
13.6,1641,6,0,0,0,1,0,0
34.31,1717,7,0,0,1,0,0,0
27.04,1364,4,0,0,0,0,0,0
149.79,441,2,1,0,0,1,1,0
74.95,617,5,1,0,0,0,0,0
18.44,226,2,1,0,0,1,0,0
160.78,371,2,1,0,0,0,0,0
15.9,28,4,1,0,0,0,0,0
92.77,1008,2,2,0,0,0,0,0
29.55,995,5,1,0,0,0,0,0
46.26,16,5,1,1,0,0,0,1
110.42,1301,3,0,1,0,0,0,0
112.33,333,7,0,0,0,0,0,0
253.91,483,4,0,1,0,1,0,0
61.42,1834,4,4,0,0,1,0,0
90.6,566,4,3,1,1,0,0,1
43.05,1312,5,3,0,1,0,0,1
80.0,114,5,0,0,0,0,0,0
103.49,38,3,0,1,0,0,0,0
60.44,454,6,1,0,0,1,0,0
10.98,1906,3,1,0,0,0,0,0
92.9,742,5,0,2,1,0,0,0
96.02,166,4,0,1,0,0,0,0
33.78,694,2,0,0,0,0,0,0
18.46,1980,3,0,2,0,0,1,0
291.74,205,7,2,0,0,0,0,0
109.01,878,8,1,0,0,0,0,0
53.03,245,7,3,0,0,0,0,1
21.39,1895,2,0,1,0,0,0,0
29.32,1357,8,0,2,1,0,0,0
245.33,943,6,0,0,0,0,0,0
76.53,1420,3,0,0,0,0,0,0
38.45,821,3,2,0,0,1,1,1
111.02,507,4,2,1,0,0,0,0
29.54,1953,4,1,0,0,0,0,0
299.12,924,1,0,0,0,0,0,0
257.96,1145,3,0,0,0,0,0,0
41.82,1283,3,1,1,0,0,0,0
35.56,1746,2,0,0,0,0,0,0
4.86,410,5,1,2,1,0,0,0
15.16,310,3,1,2,0,0,0,0
17.47,1832,6,0,0,0,0,1,0
76.34,1730,3,0,1,0,0,1,0
48.12,68,3,1,0,0,0,0,0
17.37,114,3,2,2,0,1,0,1
50.34,220,2,2,1,0,1,0,0
110.54,220,4,2,0,0,0,0,0
113.05,1497,1,3,0,0,0,0,0
9.98,730,7,1,1,1,1,0,0
58.66,749,4,0,0,0,0,0,0
16.72,943,5,3,0,0,1,0,0
164.31,386,9,0,0,0,0,0,0
146.08,1322,2,1,0,0,0,0,0
27.17,930,5,0,0,0,0,0,0
31.0,1630,5,0,3,0,1,0,1
42.04,1277,4,0,1,0,0,0,0
7.01,405,3,1,1,0,0,0,0
93.31,492,4,1,0,0,0,0,0
50.76,357,6,0,0,0,0,0,0
175.95,1452,4,0,1,0,0,0,0
22.23,215,5,0,0,0,0,1,0
35.91,1404,3,0,0,0,0,1,1
14.78,1794,3,0,1,0,0,0,0
24.43,1883,3,0,0,0,0,2,0
20.45,752,5,1,0,0,0,0,0
180.54,827,7,1,0,0,0,0,0
33.17,1238,2,0,0,1,0,1,1
75.5,1122,7,0,1,0,0,0,0
45.57,528,3,2,0,0,0,1,0
18.74,916,4,0,0,0,0,0,0
56.36,666,5,0,1,0,0,0,0
121.4,1552,6,0,0,0,0,0,0
19.93,710,4,0,0,0,0,0,0
149.77,1644,1,0,0,0,0,0,0
28.51,535,2,0,1,0,0,0,0
41.14,554,3,1,1,0,0,0,0
113.37,1573,3,2,0,0,0,0,0
34.35,328,1,1,0,0,0,0,0
69.24,902,5,0,0,0,1,0,0
48.68,1189,6,3,1,0,0,1,1
75.9,1140,4,1,0,1,0,1,1
6.17,150,1,0,0,0,0,0,0
10.7,1542,2,0,1,0,1,2,0
123.47,1056,1,0,0,0,0,0,0
188.14,657,4,0,2,0,0,0,1
26.83,806,2,1,1,0,0,0,0
52.25,1937,8,0,0,0,0,0,0
89.54,293,3,1,1,0,0,0,0
133.38,919,3,1,0,0,0,0,0
8.78,689,4,1,1,0,0,0,0
27.49,957,3,0,2,0,1,0,0
47.82,1201,1,2,0,0,0,0,0
134.71,1085,7,1,2,0,0,0,1
811.13,1613,2,0,0,0,0,0,0
53.09,416,5,1,0,0,0,0,0
16.33,1407,2,1,0,0,0,0,0
99.71,598,9,0,1,0,0,0,0
249.88,1727,6,1,1,0,0,0,0
74.29,7,5,0,0,0,0,0,0
26.93,918,5,1,1,1,0,0,0
173.82,85,3,0,0,0,0,1,0
129.48,774,3,1,0,0,1,0,0
23.9,957,1,0,0,0,0,0,0
97.65,1422,3,2,0,0,0,0,0
180.78,1936,3,2,0,0,0,1,0
217.43,1795,3,2,0,0,0,0,0
62.4,1417,1,2,1,0,0,0,0
46.61,1071,3,2,1,1,0,0,0
227.53,1365,2,2,0,0,0,1,1
19.88,1522,5,1,0,0,0,0,0
103.4,606,2,0,0,0,0,0,1
16.95,1502,4,0,0,1,0,0,0
193.52,426,5,0,0,0,1,0,1
51.52,426,2,1,2,0,0,0,0
237.12,736,4,0,0,0,0,1,1
109.01,791,6,2,1,0,0,0,0
19.62,515,0,0,1,0,0,0,0
277.17,1153,5,0,2,0,0,0,0
314.58,1859,3,2,0,0,0,0,0
161.14,1273,2,1,0,0,0,0,0
31.14,741,3,1,1,0,0,1,0
49.11,1863,4,1,0,0,0,0,0
77.12,131,0,1,0,0,0,1,0
32.99,1764,3,0,0,0,0,0,0
362.25,1713,2,1,0,0,1,1,1
77.04,323,0,0,0,0,0,0,0
4.47,823,1,0,0,0,0,0,0
93.63,1924,3,0,1,0,0,0,0
47.08,543,4,4,0,0,0,1,0
61.87,66,1,0,0,1,0,0,1
46.13,718,7,1,2,1,0,0,1
149.46,1125,3,0,1,0,1,0,0
204.32,1856,4,0,0,0,1,0,0
88.5,31,5,0,0,0,0,1,0
47.5,885,5,0,0,0,1,0,0
63.99,191,6,0,0,0,0,0,0
68.01,1602,3,2,0,0,0,0,0
29.89,415,11,1,0,0,0,0,0
118.98,1839,3,1,1,0,0,0,0
105.64,747,1,0,0,0,0,0,0
311.2,1814,2,2,0,0,1,0,0
234.01,1738,3,0,2,1,0,0,0
33.59,1524,4,1,0,0,1,1,1
151.46,1886,6,0,0,0,0,0,0
25.77,1761,5,2,1,0,0,1,1
133.74,1619,4,1,1,0,0,0,0
39.78,1070,4,1,0,0,0,0,0
23.97,1113,3,2,0,0,0,0,0
88.24,1722,7,0,0,0,0,0,0
4.6,375,5,0,0,0,0,0,0
11.58,1725,2,0,0,0,0,0,0
55.84,1270,6,2,1,0,1,0,0
72.42,558,2,0,1,0,0,0,1
46.09,1281,4,0,0,0,0,0,0
13.74,1376,0,1,0,0,0,0,0
29.43,1945,2,3,0,0,0,0,0
98.61,1597,1,1,0,0,1,1,1
119.32,1129,5,0,0,0,1,1,1
65.61,1361,7,1,0,0,0,0,0
212.05,1550,1,0,0,0,0,0,0
99.23,1325,6,1,0,0,1,0,0
31.58,1101,6,0,2,0,0,0,0
50.38,1535,1,2,0,0,0,0,0
16.4,1254,3,0,1,1,0,1,1
59.85,1703,3,1,0,0,1,0,0
202.78,578,5,2,0,0,0,0,0
132.33,32,7,1,0,0,0,0,0
270.97,1632,4,0,0,0,0,0,0
49.26,58,1,1,1,0,0,0,0
256.24,1128,5,0,0,0,0,0,0
54.96,312,0,0,1,0,0,0,0
290.49,1670,1,1,1,0,0,0,0
65.24,1753,3,0,0,0,0,1,0
135.26,1091,4,0,0,0,0,0,0
291.52,690,5,1,2,0,0,0,0
54.96,1398,2,0,0,0,0,0,0
82.96,1783,4,2,0,0,0,0,0
241.98,1830,10,0,0,0,0,1,1
58.38,235,5,3,0,0,0,0,0
17.8,643,6,0,2,0,0,0,0
568.5,1136,2,1,1,0,0,0,0
41.69,1413,7,1,0,0,0,0,0
78.16,1432,2,0,0,0,0,0,0
211.88,1078,6,0,2,0,0,0,0
36.29,802,3,3,2,0,0,2,1
24.34,239,3,2,0,0,0,0,0
85.95,1776,4,0,1,0,0,1,1
11.1,1319,4,3,2,0,0,1,1
50.0,112,6,0,0,0,0,0,0
85.2,1112,6,0,0,1,0,0,0
50.91,1764,4,0,0,1,0,0,1
14.25,476,4,0,2,0,0,0,0
328.38,304,6,0,0,0,0,0,1
73.96,1329,3,1,0,0,1,0,0
278.98,290,5,0,0,0,1,0,0
51.42,208,3,1,0,0,0,0,1
27.66,868,9,2,0,0,0,0,0
87.29,1927,5,0,0,0,0,0,0
53.74,1810,2,1,0,0,0,1,1
20.54,582,3,0,1,0,0,0,0
289.97,370,8,1,0,1,0,0,0
35.79,220,5,0,1,0,0,0,0
10.59,1255,6,1,1,1,0,0,1
251.68,802,4,1,0,0,0,0,0
40.27,819,2,1,0,0,0,0,0
36.31,1897,6,1,0,1,1,0,0
11.41,349,4,0,0,0,1,0,1
380.29,255,4,0,0,0,0,1,0
18.37,452,2,1,0,0,0,0,0
70.7,142,7,2,0,0,0,3,0
166.11,1093,7,0,0,0,0,0,0
101.67,89,2,0,1,0,0,0,0
62.82,871,4,1,0,0,0,0,0
12.16,1160,6,0,0,0,0,0,0
29.67,1679,4,2,0,0,0,0,0
80.46,1875,7,1,0,0,0,0,0
30.35,1723,4,0,3,0,0,0,0
81.72,523,2,1,0,0,0,0,0
131.86,660,5,1,1,0,0,2,0
174.6,951,3,0,0,0,0,0,0
19.57,1828,3,2,2,0,0,0,0
599.83,1874,3,0,1,0,0,0,0
143.66,910,9,1,0,0,0,0,0
66.57,442,2,0,1,1,1,0,0
198.25,38,4,1,0,0,0,0,0
710.1,1881,5,0,0,0,0,0,0
15.82,1232,4,1,0,0,0,0,0
53.24,210,2,0,1,0,0,0,0
6.18,513,4,1,2,0,0,0,0
80.85,1384,3,0,0,0,0,0,0
96.1,1601,1,0,0,0,0,0,0
64.13,1025,6,2,0,0,0,0,0
34.66,1779,3,2,0,0,0,0,0
8.59,981,4,1,1,0,0,0,0
96.89,381,3,3,0,0,1,0,1
285.84,828,6,0,0,0,0,1,1
36.93,1561,7,0,0,0,0,0,0
103.55,859,2,2,0,0,1,0,0
13.9,394,4,0,0,0,1,0,0
105.34,1074,2,0,1,0,0,0,0
45.0,396,1,0,0,0,0,0,0
31.11,1884,7,1,0,0,0,0,0
31.18,1777,3,0,0,0,0,0,0
44.99,32,3,0,2,0,0,0,0
97.75,545,7,1,2,0,0,1,0
17.95,712,3,1,1,0,0,0,0
44.83,1258,8,0,1,0,0,0,0
63.98,1050,3,1,0,0,0,0,0
22.22,1578,7,0,0,0,1,0,0
402.09,1458,8,0,1,1,1,0,1
28.4,1085,5,0,1,0,0,0,0
34.14,553,3,1,1,0,1,1,0
25.07,1465,1,2,0,0,0,1,0
402.82,1154,5,1,0,0,0,0,0
115.92,1891,3,1,2,0,0,0,0
26.14,1378,0,1,0,0,0,0,0
201.59,198,3,0,0,0,0,0,1
81.51,799,3,1,0,0,0,0,0
86.25,1687,6,0,1,0,1,0,0
47.25,1740,1,0,1,0,0,0,0
31.52,694,3,2,0,1,0,0,0
93.48,1395,2,1,1,0,0,0,0
38.66,1948,2,2,1,0,0,0,0
410.25,1743,3,1,0,0,0,0,0
18.74,147,4,0,0,0,0,0,0
309.87,1740,1,1,1,0,1,0,1
59.66,498,3,2,3,0,0,0,0
89.93,48,2,2,1,0,0,0,0
153.42,770,6,0,0,0,1,0,0
35.51,651,5,1,1,0,0,0,0
158.26,1196,5,1,0,0,0,0,0
4.45,613,5,0,3,0,0,0,0
32.46,699,6,0,0,0,0,0,0
26.47,1920,6,0,1,0,0,0,1
19.04,1339,4,2,0,0,0,0,0
53.79,376,6,1,0,0,1,0,0
98.08,806,3,0,0,0,0,0,0
134.65,921,3,1,0,0,1,1,1
84.85,875,6,2,0,0,1,0,0
34.27,1557,4,1,1,1,0,0,0
96.45,810,3,0,1,1,0,0,0
75.51,1444,6,0,0,0,0,0,1
170.04,905,3,1,0,1,0,0,0
145.03,1420,5,1,0,0,0,0,0
68.75,1546,5,3,2,0,0,0,0
27.19,1211,2,3,1,0,0,0,0
34.71,1006,2,0,0,0,0,0,0
38.48,1669,5,0,2,0,0,0,0
48.65,33,1,0,0,0,0,0,0
87.19,69,3,0,0,1,0,0,0
136.34,592,8,3,0,0,0,0,0
63.36,1215,0,1,0,0,0,0,0
67.77,101,3,0,0,0,0,0,0
76.96,1509,6,0,0,0,0,0,1
39.81,1309,3,0,0,0,1,0,0
26.43,914,4,2,0,0,0,0,0
11.53,733,3,1,0,0,0,0,0
33.28,390,6,2,0,0,0,0,0
107.03,1589,3,0,1,0,0,1,0
33.02,160,8,3,1,0,0,0,0
52.57,892,3,0,1,0,0,1,0
106.32,1578,5,2,1,0,0,0,0
112.25,1071,3,1,1,0,0,1,0
22.66,1183,4,1,0,0,1,0,0
180.74,1470,6,1,1,0,0,0,0
205.89,696,4,0,0,0,1,0,0
21.55,758,2,0,0,0,0,0,0
29.26,523,9,0,0,0,0,0,0
219.44,1690,9,0,0,0,0,0,0
57.58,732,3,2,1,0,0,1,1
7.24,155,1,1,1,0,0,1,0
16.45,339,1,1,0,0,0,0,0
51.97,1977,6,1,0,0,0,1,0
20.84,1389,4,1,0,0,0,0,0
44.11,795,5,1,0,0,0,0,0
68.88,1723,4,0,0,0,0,0,0
287.8,1598,3,0,0,1,1,0,0
49.88,1172,4,2,1,1,0,0,1
194.91,899,4,1,1,1,1,0,1
278.32,1168,9,1,0,0,0,0,0
279.87,103,3,1,2,0,0,0,0
88.66,812,3,1,0,0,0,0,0
9.36,93,2,0,1,0,0,1,0
105.72,975,3,0,0,0,0,0,0
190.26,1310,3,1,0,0,0,0,0
61.49,1448,8,1,0,0,0,0,0
381.68,119,4,1,2,0,0,0,0
157.56,1985,5,2,1,0,0,1,1
117.72,29,6,1,0,1,0,0,0
197.63,1013,5,0,0,0,0,0,0
93.07,1535,2,3,2,0,1,0,1
5.51,1054,4,2,1,0,0,0,0
40.48,872,4,0,0,0,1,0,0
220.78,1390,8,0,2,0,0,0,0
29.74,800,6,1,0,0,0,0,0
53.33,1162,2,0,1,0,0,1,0
23.46,475,8,0,0,0,0,1,1
396.99,563,4,0,0,0,0,0,0
358.34,1416,0,1,0,0,0,0,0
27.55,435,3,2,0,0,1,0,0
77.27,804,2,1,0,0,0,0,0
33.77,1258,7,0,1,0,0,0,1
123.34,55,3,0,1,1,0,0,0
111.02,931,9,1,1,0,0,0,0
150.16,1316,3,1,2,0,0,0,0
92.94,752,4,0,0,1,0,0,1
1255.65,312,7,0,0,0,0,0,0
23.86,1572,6,1,0,0,0,1,0
12.05,1113,6,2,1,0,1,0,0
45.01,1236,0,0,1,0,0,0,0
13.9,957,2,0,0,0,0,0,0
14.99,318,5,1,0,1,0,0,0
24.5,1901,1,0,0,1,0,0,1
26.52,757,5,1,2,1,0,0,1
25.67,465,4,1,1,0,1,0,0
111.97,1111,4,1,0,0,0,0,0
40.2,1433,3,0,1,0,0,0,0
55.73,1264,8,1,2,0,0,0,0
163.08,1856,1,1,0,0,0,0,0
30.99,700,8,0,1,1,0,0,0
51.19,1081,2,3,1,0,0,0,1
96.14,1137,3,0,0,0,0,4,0
9.57,735,2,1,0,0,1,0,0
6.14,1094,2,1,0,0,0,0,0
94.27,739,3,0,0,0,0,0,0
109.07,768,4,2,1,0,0,0,0
525.43,1716,1,1,1,0,0,0,0
78.11,1208,1,0,0,0,0,0,0
151.37,1727,3,0,2,0,0,0,0
54.85,1988,6,3,1,0,0,0,0
89.77,744,7,1,0,0,1,0,0
353.28,276,5,2,1,0,0,0,0
7.97,233,2,0,0,0,0,0,0
100.85,54,8,0,0,0,0,0,0
564.3,257,1,1,0,0,0,0,1
88.41,90,4,1,1,0,1,0,0
347.43,1762,5,2,0,0,0,0,0
35.54,1783,4,1,0,0,1,0,0
64.58,1930,4,0,1,0,0,0,0
68.96,1687,4,3,1,0,0,0,0
7.26,1459,1,1,1,0,0,0,1
20.73,1649,1,0,1,0,0,0,0
22.27,408,6,0,1,1,0,0,0
151.72,1293,1,0,1,0,0,0,0
159.52,1693,3,0,0,0,0,0,0
92.21,1978,3,0,1,0,0,1,0
152.03,366,2,1,0,0,0,0,0
56.59,1883,6,0,1,0,0,0,0
221.83,351,7,2,0,1,0,0,0
67.27,1323,7,1,0,0,0,0,0
70.66,1930,3,0,0,0,1,0,0
51.13,1183,5,0,1,0,0,0,1
132.22,487,6,0,0,0,0,0,0
43.76,842,3,2,0,0,0,0,0
177.05,984,2,3,0,0,0,0,1
21.5,1761,4,3,0,0,0,0,0
22.22,1550,4,0,0,0,0,1,1
132.61,1379,0,1,0,0,0,0,0
61.04,621,4,0,1,0,0,0,0
42.36,930,1,0,1,0,0,0,0
162.4,401,4,1,0,0,1,0,0
36.33,1429,6,0,0,0,0,1,0
54.59,1120,5,0,0,0,0,0,0
270.22,1731,4,0,1,0,0,0,0
310.8,570,3,4,0,0,0,0,0
321.31,975,6,2,3,0,0,0,0
50.29,392,3,1,0,0,0,0,0
228.31,352,2,2,1,1,1,0,1
25.82,806,5,0,1,0,0,0,0
26.93,1690,8,1,1,1,0,0,0
6.36,576,5,0,0,0,1,0,0
355.27,1694,6,0,2,0,0,0,0
28.11,777,2,1,0,0,1,0,0
58.76,633,3,0,0,0,0,1,0
26.83,1312,5,1,0,0,0,0,0
133.64,523,2,1,2,0,0,0,0
45.8,726,3,1,0,0,0,0,0
18.09,162,4,0,1,0,0,0,0
103.72,1641,2,1,0,0,0,0,0
15.9,1938,4,2,2,0,0,0,0
28.86,659,4,0,0,0,1,0,0
8.11,1206,2,1,0,0,0,0,0
16.06,850,4,0,1,0,0,0,0
79.72,1573,4,2,0,1,0,0,0
9.35,82,4,0,1,0,0,1,1
15.16,524,5,0,0,0,0,0,0
66.53,4,4,0,1,0,0,1,0
38.72,495,4,2,1,0,0,0,0
488.84,1579,4,2,0,0,1,0,0
417.34,1947,4,4,2,0,0,0,1
28.0,1075,2,0,1,0,0,0,0
116.41,1285,7,0,0,0,0,0,0
141.07,1158,4,1,1,0,0,1,1
36.69,1997,4,3,0,0,0,0,0
14.95,1623,4,2,0,1,0,1,1
65.87,1386,5,1,0,0,0,0,0
56.1,568,4,1,0,0,0,0,0
43.13,1241,5,0,1,0,0,0,0
103.78,878,3,0,0,0,1,0,0
31.48,1092,3,0,0,0,0,1,0
21.07,1012,0,4,0,0,0,0,0
74.37,1015,3,2,2,0,0,0,0
98.1,864,6,0,0,0,0,0,0
20.56,1580,1,1,0,0,1,0,0
168.69,1167,5,0,0,0,0,0,1
11.35,1370,4,2,0,0,0,0,1
37.41,1578,5,0,0,1,0,0,0
51.52,1675,3,0,1,0,0,0,0
35.3,1609,5,0,0,0,1,0,0
37.9,779,4,2,0,0,0,0,0
433.15,1218,4,1,0,1,0,0,0
28.48,1005,4,1,0,0,0,0,0
766.03,1691,9,1,1,0,0,0,0
103.25,1270,6,4,0,0,0,0,0
73.12,314,4,1,1,0,0,0,0
107.37,730,2,1,0,0,0,0,0
837.09,1992,3,3,0,0,0,0,0
24.69,384,3,0,0,0,0,1,0
21.75,1789,2,0,0,0,0,0,0
31.35,1813,2,2,0,0,0,0,0
68.86,277,4,0,2,0,0,0,1
11.87,1096,3,0,0,0,0,0,0
68.19,1153,7,1,0,0,0,0,0
362.69,1382,6,0,0,0,0,0,0
77.59,698,3,6,0,0,0,0,0
49.77,1549,8,0,0,0,0,0,0
35.94,1865,3,0,1,0,0,0,0
163.78,1244,5,1,1,1,0,0,0
29.2,1030,3,0,0,0,0,0,1
422.59,751,4,1,0,0,0,1,0
460.98,983,3,0,2,0,1,0,0
86.21,624,3,1,1,0,1,0,0
65.92,228,6,2,0,1,0,1,1
186.92,1978,6,0,0,0,0,0,0
199.3,17,8,0,2,0,1,0,1
29.79,1609,2,1,1,0,0,0,0
39.39,12,5,1,0,0,0,0,0
17.77,1622,4,0,0,0,1,0,0
100.39,1523,7,0,0,0,0,0,0
129.88,692,2,0,0,0,1,0,0
17.29,1658,2,0,0,0,0,0,0
42.3,1740,2,1,0,0,0,0,0
17.34,1526,6,1,1,0,0,0,0
27.15,70,7,1,0,0,0,0,0
115.7,108,3,0,0,0,0,0,0
32.03,201,2,1,0,0,0,0,0
49.36,1076,4,2,0,0,0,0,0
13.1,1573,5,1,0,0,0,0,0
80.4,629,2,0,1,0,0,0,0
63.8,1283,4,1,0,0,0,0,0
32.17,1506,4,0,2,0,0,0,0
55.2,1288,2,0,1,0,0,1,0
79.86,906,2,1,1,0,0,0,0
29.52,303,6,0,1,0,0,1,0
15.24,937,4,1,0,0,1,1,0
405.68,576,5,1,0,0,0,0,0
35.4,1578,6,1,0,0,0,0,0
60.54,555,8,0,0,0,0,0,1
183.25,125,3,2,1,0,0,1,1
2273.45,1929,5,0,0,1,0,0,1
19.21,1294,3,0,0,0,0,0,0
104.57,859,2,1,0,0,1,1,0
32.87,745,3,1,0,0,0,1,0
38.91,480,6,1,1,0,0,0,1
32.45,132,9,0,0,1,0,0,0
21.64,1026,6,0,1,1,0,0,0
63.99,115,6,0,1,0,0,0,0
15.26,481,4,2,2,0,0,0,0
171.88,981,5,1,0,0,0,0,0
70.46,1025,5,2,0,0,0,1,0
101.74,331,4,1,0,0,1,0,1
41.84,1601,3,2,0,0,0,0,0
46.19,942,2,4,0,0,0,0,0
88.9,955,8,2,1,0,0,0,0
20.82,1995,5,0,1,0,0,0,0
46.62,1661,4,2,0,0,0,0,0
28.23,768,3,0,0,0,0,0,0
27.37,391,7,0,0,0,1,0,0
8.09,834,5,1,1,0,0,0,0
254.51,143,2,1,0,0,0,1,0
33.56,328,1,1,1,0,1,0,0
213.44,1782,5,1,0,1,0,0,0
194.18,628,5,0,2,0,0,0,1
18.43,377,5,1,0,0,0,0,0
22.46,1839,4,1,1,0,0,0,0
863.08,90,6,0,0,0,1,0,1
384.11,808,1,1,0,0,0,0,0
64.62,1021,3,1,0,0,0,0,0
86.26,1066,6,2,0,1,0,1,1
35.49,1971,5,1,1,0,0,0,0
102.76,1059,4,1,1,0,0,0,0
32.55,1012,2,0,0,0,0,0,0
8.74,1518,3,3,2,0,0,0,1
17.79,553,4,0,0,0,0,0,0
68.11,1877,1,1,0,0,0,0,0
21.52,124,1,0,0,0,0,0,1
62.35,57,1,0,0,0,0,0,0
22.77,806,9,0,0,0,0,0,0
30.5,1480,4,1,0,0,0,1,0
156.52,235,3,1,0,0,0,0,0
85.41,608,3,0,1,0,0,1,0
66.04,392,3,0,0,0,0,0,0
160.61,1516,4,0,0,0,0,0,0
107.84,970,3,1,1,1,0,0,0
283.32,1855,2,0,2,0,0,0,0
42.1,1367,6,1,1,0,0,0,0
43.4,1668,5,2,0,0,0,0,0
18.15,1200,3,0,1,0,0,0,0
43.42,52,3,0,0,0,0,0,0
175.0,1574,2,1,0,0,0,0,0
244.69,1502,3,3,1,0,0,0,0
174.22,489,6,0,0,1,0,0,1
11.09,1879,4,1,0,0,0,0,0
196.99,5,5,0,1,0,0,0,0
10.61,1749,4,0,0,0,0,0,0
163.71,632,5,0,0,0,0,0,0
46.16,1862,6,1,0,0,0,0,0
134.63,1905,7,1,0,0,0,1,0
17.59,1233,6,1,0,0,0,0,0
215.11,217,2,2,0,0,0,0,0
15.41,536,5,2,0,0,0,0,0
34.18,1366,4,0,1,0,0,0,0
24.58,1741,6,1,0,0,0,0,0
11.54,1425,3,1,0,0,1,0,0
73.3,1486,3,2,1,0,0,0,0
405.89,738,6,0,1,0,0,0,0
959.97,730,5,2,0,0,0,0,0
73.49,1235,5,2,1,0,0,0,0
203.71,1050,2,0,1,0,0,0,0
84.11,1276,3,0,1,0,0,0,0
109.82,3,4,1,0,0,0,0,0
47.36,1026,5,0,1,0,0,0,0
81.05,1628,3,0,0,0,0,0,0
114.15,1026,3,2,0,0,0,1,0
37.4,150,2,2,0,0,0,0,0
61.71,1607,4,0,0,0,0,0,0
62.9,4,3,1,0,1,0,1,1
152.38,1521,4,1,0,0,0,0,0
22.96,1574,3,1,0,0,1,0,0
63.34,1895,1,1,0,0,0,0,0
451.24,468,5,1,1,1,0,0,1
213.59,70,6,3,0,0,0,0,0
257.03,201,6,1,1,0,0,1,1
68.34,308,2,1,0,0,0,0,0
91.93,1276,5,1,0,0,0,0,0
181.68,1311,6,0,1,0,0,0,0
317.43,922,4,1,1,1,0,0,1
9.47,292,6,0,0,0,0,0,0
17.9,1178,4,1,1,0,0,1,0
247.01,924,3,1,0,0,0,0,0
50.56,1157,0,1,1,0,1,0,0
34.07,883,1,0,1,0,0,0,0
19.03,586,1,1,1,0,0,0,0
38.28,1298,4,0,2,0,1,0,1
16.41,1807,2,2,0,0,0,1,0
539.74,1721,4,0,0,0,0,0,0
65.21,509,3,2,1,0,0,1,0
62.93,1377,0,1,1,1,0,0,0
120.07,5,5,2,1,0,0,0,0
174.57,293,1,0,1,0,1,0,0
171.72,360,5,0,0,0,0,0,0
195.12,1622,6,0,1,0,1,0,0
35.49,214,9,0,0,0,0,0,0
49.51,1430,4,0,0,0,1,0,0
143.89,1460,2,0,0,0,0,0,0
39.35,1039,4,0,0,0,1,0,0
66.35,1297,4,1,0,0,0,0,0
99.36,563,6,1,0,0,0,1,0
146.23,765,3,1,0,0,0,0,0
11.27,45,4,0,0,0,0,0,0
136.28,703,7,0,0,0,0,1,0
52.79,634,3,0,1,0,1,0,0
135.3,1436,6,0,0,0,0,0,0
145.03,1211,9,1,0,0,1,0,0
332.92,1750,5,0,0,0,0,0,0
258.13,661,4,0,0,0,1,0,0
256.36,1194,2,1,1,0,0,0,0
282.5,721,3,0,0,0,0,0,0
89.24,1989,6,0,2,0,0,0,1
68.87,594,4,0,1,0,0,0,0
159.62,1425,4,0,2,0,0,0,0
138.67,1732,3,2,0,0,0,0,0
48.96,246,4,0,2,0,0,0,0
99.97,1927,8,0,0,0,1,1,1
64.39,857,1,1,0,0,0,0,0
28.39,1893,4,0,0,0,0,0,0
242.37,552,3,1,0,0,0,0,0
70.47,1704,3,0,0,0,0,0,0
517.34,43,5,1,0,0,0,1,1
13.12,841,2,2,0,0,0,1,0
38.21,1747,5,1,0,0,0,1,1
68.9,179,4,0,0,0,0,0,0
207.97,1481,6,1,0,0,0,0,0
99.43,535,6,0,2,0,0,1,1
90.96,607,2,0,0,0,0,0,0
21.6,672,6,0,2,1,0,0,0
20.97,1268,3,1,2,0,0,0,0
92.07,927,4,1,0,0,0,0,0
17.05,17,2,1,0,0,0,0,0
39.18,1136,4,0,0,0,0,0,0
110.05,1639,2,0,0,0,0,0,0
24.97,826,2,2,1,0,1,0,0
332.07,1622,5,0,1,0,0,0,0
226.77,547,3,1,0,0,0,0,0
13.85,1054,2,1,0,0,1,0,0
26.25,1216,3,1,1,0,0,0,0
6.78,437,5,2,2,0,0,1,1
30.49,179,5,0,1,0,0,0,0
143.51,616,2,2,0,0,0,1,1
44.08,677,4,3,0,0,0,0,0
105.72,1498,6,0,0,0,0,1,1
14.55,634,2,0,1,0,0,0,1
148.11,1158,4,1,0,0,0,0,0
38.28,802,2,1,0,0,0,1,1
67.5,312,2,1,0,1,0,0,1
60.77,1760,2,2,1,0,1,0,0
18.7,25,4,1,0,0,0,0,0
21.05,371,10,2,2,0,0,0,0
175.53,525,3,1,0,0,0,1,0
99.38,1343,4,0,0,0,0,0,0
190.58,230,4,1,0,0,0,0,0
92.26,1126,6,2,1,0,0,0,0
76.94,1474,4,0,1,0,0,0,0
11.87,378,5,0,1,0,0,0,0
50.89,888,5,0,2,0,0,0,1
64.88,1925,3,0,0,0,0,0,0
470.18,1227,3,1,0,0,0,1,0
132.55,1291,2,4,0,0,0,0,1
309.84,462,5,1,2,0,0,0,0
121.21,365,4,3,2,0,0,0,0
32.74,1758,10,1,0,0,0,0,0
74.97,104,5,0,0,0,1,0,0
84.46,1135,2,1,0,0,0,0,0
26.07,428,2,2,0,0,0,0,0
45.4,469,1,1,0,0,1,0,0
54.28,1015,1,0,0,0,0,1,1
332.16,1605,3,1,0,0,1,1,1
8.32,870,4,1,2,0,0,0,0
222.7,770,4,1,0,1,1,0,0
26.13,680,6,0,1,0,0,0,0
16.91,805,4,0,0,0,0,0,0
217.01,886,4,0,1,0,0,0,0
138.64,561,3,2,1,0,0,0,1
233.81,1274,2,0,0,0,1,0,1
148.52,1506,4,1,0,0,0,0,0
523.14,331,1,0,0,1,0,0,1
116.6,1956,6,1,0,0,1,0,0
57.03,587,5,2,1,0,0,0,0
93.97,201,4,0,1,0,0,0,0
231.24,454,5,1,1,0,0,0,0
30.59,1528,2,2,0,0,0,0,0
34.75,1570,2,0,0,0,0,0,0
48.96,826,1,0,1,0,0,0,1
8.13,111,2,1,0,0,0,0,0
76.56,1957,4,1,0,0,0,0,0
10.11,864,4,0,0,0,0,0,0
70.32,1852,1,0,1,0,0,0,0
158.43,908,3,0,0,0,0,0,1
41.39,1773,5,1,0,0,0,2,1
356.78,1568,6,1,0,1,0,0,0
15.48,1233,1,0,0,0,0,0,0
219.48,1668,4,0,0,0,0,0,0
130.99,1642,2,0,1,0,1,0,0
11.99,33,6,0,0,0,0,0,0
1003.04,555,1,1,0,0,0,0,0
62.57,1904,2,2,2,0,0,0,0
27.73,107,5,0,1,0,0,0,0
16.33,1289,0,0,1,0,0,1,0
53.52,226,0,1,3,0,0,0,0
58.71,487,4,0,0,0,0,0,0
73.9,179,6,0,1,0,0,0,0
49.51,1246,5,0,0,0,0,0,0
125.62,1394,4,2,0,0,0,0,0
45.26,637,2,1,0,0,0,0,0
9.63,788,7,1,0,0,0,0,0
57.43,167,2,0,0,0,0,0,0
6.25,663,9,0,1,0,0,0,0
94.99,1577,6,2,0,0,0,0,0
25.05,300,4,0,1,0,0,0,1
78.52,1405,0,2,0,1,0,0,0
248.16,35,2,0,0,0,0,0,0
25.82,407,5,1,1,0,0,1,0
192.72,1526,5,0,1,0,0,1,0
43.23,314,9,1,1,0,0,0,0
384.98,816,2,0,0,0,0,0,0
46.29,743,6,0,1,0,0,0,0
28.78,727,1,0,0,0,0,0,0
132.59,826,7,1,1,0,0,0,0
43.13,1125,4,0,1,1,0,0,1
28.75,569,10,1,0,0,0,0,1
41.35,1239,5,3,0,0,0,0,0
63.78,1959,3,3,0,0,0,0,0
255.23,1692,6,2,2,0,1,0,1
9.64,576,3,1,1,0,0,0,0
68.24,62,6,2,1,0,0,0,0
124.57,1875,4,1,0,1,0,0,1
80.92,369,2,0,0,0,0,0,0
247.12,1392,6,0,0,0,0,0,0
61.91,1598,3,2,0,0,0,0,0
55.45,94,5,2,0,0,1,0,0
120.58,1493,5,2,0,0,0,0,0
73.65,984,6,0,0,0,0,0,0
45.13,1877,0,1,0,0,0,0,0
111.74,1050,8,2,0,0,0,0,0
34.73,1459,6,1,0,0,0,0,1
36.19,1145,5,1,0,0,1,1,1
39.33,50,2,2,0,0,1,0,0
258.03,883,2,1,0,0,0,1,1
2.66,764,4,0,1,1,0,0,0
99.05,36,5,2,1,0,0,0,0
69.01,1434,6,1,1,0,0,0,0
12.42,1313,1,1,0,0,0,0,0
90.9,1403,2,2,0,0,0,2,0
107.31,100,7,1,1,0,0,0,0
120.26,1348,2,0,0,0,0,0,0
4.7,329,4,1,2,0,0,1,0
261.49,1672,6,0,0,0,0,0,0
31.89,706,2,0,0,0,0,0,0
132.5,221,4,3,0,0,0,0,0
139.92,1815,3,0,1,0,0,0,0
27.75,1862,5,2,1,1,0,1,1
129.08,567,5,0,0,0,0,0,1
45.35,1963,5,2,1,0,0,0,0
8.4,996,7,1,1,0,0,0,0
214.38,1022,5,0,0,0,1,0,0
30.72,110,5,0,0,1,0,0,0
28.37,149,7,0,1,1,0,0,1
44.56,406,1,2,0,0,0,0,0
87.55,1801,5,1,2,1,0,0,0
62.97,1698,6,1,0,0,0,0,0
115.36,699,5,0,2,0,0,1,1
17.47,1017,3,0,0,0,0,0,0
31.74,1434,2,1,0,0,0,0,0
59.38,1153,4,1,2,0,0,0,1
444.92,1508,4,0,1,0,0,0,0
59.51,108,3,3,0,0,1,0,1
197.4,389,5,0,1,0,0,0,0
69.31,425,2,1,0,0,0,0,0
41.11,447,4,0,1,0,1,0,0
52.11,918,6,0,0,0,0,0,0
56.35,1092,3,2,0,0,1,0,0
121.95,1968,2,0,0,0,0,0,0
263.65,1090,3,1,0,0,0,0,0
95.55,656,3,1,1,0,0,0,0
218.56,1589,6,0,0,0,1,0,0
25.41,1664,6,1,1,0,0,0,0
44.05,1528,6,0,0,0,0,0,0
32.32,1528,1,0,2,0,0,0,0
91.33,321,3,2,1,0,0,1,0
46.57,719,8,1,1,0,0,1,1
138.35,1856,7,1,0,0,0,0,0
26.28,728,4,0,1,0,0,0,0
69.62,580,6,0,0,0,1,0,0
132.54,447,4,1,1,0,0,1,0
8.45,1598,5,1,0,0,0,0,1
556.48,210,5,0,1,0,0,0,0
50.24,849,4,0,2,0,0,0,1
8.8,1863,2,0,1,0,0,0,0
78.11,370,6,1,0,0,0,0,0
68.95,1965,6,0,1,0,0,0,0
61.44,1588,6,0,0,0,0,0,0
179.68,1652,2,1,2,0,0,1,0
140.81,1917,2,0,1,0,0,0,0
89.83,1482,1,0,0,1,0,2,0
104.6,1919,4,2,0,0,0,0,0
60.08,577,2,0,0,0,0,2,1
393.66,1666,3,0,0,0,0,0,0
15.19,689,6,0,0,0,0,0,1
76.68,790,5,1,1,0,0,1,0
71.17,992,1,1,1,0,0,0,0
150.4,1949,1,1,1,0,0,1,1
28.68,163,2,3,0,0,0,0,0
11.66,977,2,0,0,0,0,0,0
78.01,1356,4,1,0,0,0,1,0
88.34,1688,5,1,1,0,0,0,0
295.78,350,1,2,0,0,0,0,0
18.72,1772,4,1,0,0,0,0,0
211.6,670,1,2,1,1,0,0,0
711.53,1492,3,1,0,0,0,0,0
45.71,426,5,0,1,0,0,1,0
18.34,327,6,1,1,0,0,0,0
44.39,1130,4,1,0,0,0,0,0
67.63,1842,7,1,0,0,1,0,0
117.19,255,5,0,2,0,1,1,0
36.91,358,2,0,2,0,0,0,0
315.83,1991,4,2,1,0,1,0,0
21.88,444,3,0,0,0,0,0,0
11.71,113,4,1,0,0,1,0,0
201.69,1054,4,0,0,0,0,0,0
6.86,524,5,1,0,0,1,0,0
54.37,689,5,0,0,0,0,0,0
1506.71,991,5,0,1,0,0,0,0
65.89,1874,3,2,1,0,0,0,0
21.74,46,7,2,0,0,0,0,0
62.97,1195,7,0,0,1,0,0,0
63.38,1154,3,0,2,0,0,0,0
78.31,757,3,1,2,0,0,1,0
129.32,1377,1,0,0,0,0,0,0
23.59,1227,1,2,1,0,0,0,0
360.52,1250,4,1,2,0,0,0,0
85.21,1104,3,1,0,0,0,0,0
137.94,1334,4,3,1,0,0,2,0
35.58,1059,2,0,0,0,0,0,0
241.38,564,4,3,0,0,0,0,0
51.57,161,3,1,0,0,0,0,0
88.02,1620,5,0,0,1,0,0,0
26.23,840,0,1,0,0,0,0,0
24.61,1459,9,2,0,0,0,0,0
132.72,538,5,3,0,0,0,2,0
42.79,225,6,1,1,0,0,0,0
28.39,1470,5,1,2,0,0,0,0
35.05,1341,6,0,1,0,0,0,0
134.15,1690,8,1,0,0,1,0,0
35.55,1829,2,0,0,0,1,0,0
59.28,1438,7,0,0,0,0,0,0
67.7,95,1,0,0,0,0,0,0
9.8,1249,5,0,1,1,1,0,1
15.32,1803,6,0,0,0,0,1,0
93.34,949,2,1,0,0,1,0,0
31.91,553,9,2,2,0,0,0,0
191.85,645,7,0,0,0,0,0,0
175.35,66,6,1,0,0,0,2,0
136.89,1421,6,1,1,0,0,0,0
411.48,1983,6,3,2,0,1,0,1
61.37,1234,0,1,1,0,0,0,1
127.6,1498,4,1,0,0,0,0,0
37.17,665,4,0,1,0,0,0,0
774.62,684,5,1,0,1,0,0,0
484.75,910,7,0,0,0,1,0,0
67.48,837,3,2,0,0,0,0,0
98.16,571,7,0,1,0,0,0,0
259.64,696,1,3,1,0,0,0,0
57.56,1514,8,0,0,0,0,0,1
34.58,180,3,2,0,0,0,0,0
159.81,834,6,1,0,0,1,0,0
72.13,1860,3,0,0,0,0,0,0
80.08,1548,6,0,0,0,1,0,0
28.95,1483,2,0,0,0,0,0,0
11.97,1092,7,0,0,0,0,0,0
84.45,1963,2,0,0,0,0,0,0
164.84,1353,3,1,0,0,0,0,0
53.21,202,5,1,0,1,0,0,0
280.46,1499,3,0,0,0,0,0,0
32.99,1542,5,0,2,0,0,3,1
23.23,1039,3,2,1,0,0,0,0
62.35,1066,3,0,0,0,0,0,1
61.4,543,2,1,0,0,1,0,0
144.02,982,4,0,0,0,0,1,1
30.72,1717,4,1,1,0,0,0,0
261.93,774,1,1,0,0,0,0,0
476.71,1313,9,1,0,0,0,1,1
64.13,1949,3,2,1,0,0,0,0
232.69,1557,4,0,1,0,0,0,0
23.18,1916,6,4,0,0,0,0,0
195.43,694,3,0,0,0,0,1,1
190.05,1720,4,1,0,0,1,0,0
158.13,1268,5,1,0,0,0,1,0
65.66,1886,3,1,1,0,1,0,0
3.48,1685,5,1,0,0,0,0,0
35.1,1792,2,2,0,1,1,0,0
35.66,612,4,1,2,0,1,0,0
25.07,1591,5,0,0,0,0,0,0
75.36,1722,4,1,0,0,1,0,0
43.86,1856,6,1,2,1,1,0,1
29.24,1622,4,1,1,0,0,0,0
23.13,1198,10,0,0,1,0,0,0
32.61,1558,6,0,0,0,0,0,0
204.69,1533,6,0,2,0,0,1,0
34.43,244,3,1,0,0,1,0,0
39.85,60,5,0,0,0,0,0,0
42.24,104,9,0,0,0,1,0,0
93.6,651,3,1,0,0,1,1,0
105.24,1327,3,2,0,0,1,0,0
3.18,1695,3,1,0,0,0,0,0
185.24,1011,6,0,0,0,0,0,0
280.44,1768,3,0,0,0,0,0,0
23.33,77,7,0,0,0,0,0,0
25.22,1042,4,2,1,0,0,0,0
42.51,1558,6,1,0,0,0,0,0
31.31,1208,3,0,0,0,0,0,0
83.42,1681,5,1,1,0,1,0,0
9.52,1574,9,0,1,0,0,0,0
21.8,1305,2,1,0,0,1,0,0
310.81,1312,4,1,1,0,0,1,0
26.36,1679,2,2,0,0,0,0,0
231.23,1549,5,1,1,0,0,0,0
95.14,698,1,1,0,0,0,0,0
10.92,1498,4,1,1,0,0,0,0
125.88,946,4,1,0,0,0,0,0
59.28,267,4,0,1,0,0,0,0
42.29,781,1,0,1,0,1,0,0
85.2,609,1,0,1,0,0,1,1
107.19,946,2,0,0,0,0,0,0
135.31,1381,2,0,1,0,0,0,0
216.64,1830,5,0,0,0,0,0,0
100.3,1025,3,1,0,0,0,0,0
16.85,1831,5,0,0,0,0,0,0
41.53,1051,5,0,0,0,0,0,0
1265.28,548,9,0,0,0,0,0,0
137.62,160,6,1,0,0,0,1,0
712.86,937,4,0,1,0,1,0,0
269.19,399,7,0,0,0,0,2,0
84.93,543,7,1,1,0,0,0,0
90.14,127,8,0,3,0,0,0,0
64.29,1798,5,0,0,1,0,0,0
11.73,1881,7,2,0,0,0,0,0
67.9,1009,5,1,2,0,0,0,0
223.78,948,6,0,0,0,0,0,0
36.61,210,6,0,3,0,0,0,0
100.68,150,4,2,0,0,0,0,0
156.27,31,5,0,1,0,0,0,0
26.85,612,3,1,1,0,1,0,0
42.47,1865,7,1,1,0,1,0,0
24.1,302,2,1,0,0,0,0,0
29.31,963,6,1,0,0,0,0,0
18.4,865,3,1,0,0,0,0,0
27.1,1755,4,1,2,0,0,0,1
275.74,765,3,0,0,0,0,0,0
26.7,683,3,1,1,1,0,0,0
75.68,257,10,0,0,0,0,0,0
40.33,940,9,0,0,0,1,0,0
216.78,1081,5,0,0,0,0,0,0
247.44,9,2,0,0,0,0,0,0
158.23,1029,1,1,2,0,1,0,1
90.57,847,4,1,1,0,0,1,1
52.93,1138,5,2,0,1,0,0,0
20.25,777,0,1,0,0,0,0,0
465.69,685,5,0,1,0,0,0,0
31.2,732,6,2,1,0,0,1,0
129.5,1229,3,0,0,0,0,0,0
192.4,24,7,0,0,0,0,0,0
38.27,493,3,0,1,0,0,1,1
188.3,970,4,1,1,0,0,0,0
143.2,1706,3,1,0,0,0,0,0
375.39,1430,2,1,1,0,0,2,1
41.71,103,3,3,2,1,0,0,1
18.43,1084,4,0,0,0,0,0,0
40.23,1110,4,1,1,0,0,0,0
82.18,767,3,0,0,0,0,0,0
70.68,1023,5,0,0,0,0,1,0
45.0,1701,5,1,0,0,0,0,1
9.88,372,0,1,1,0,0,0,0
106.75,679,4,0,2,0,0,0,0
479.31,596,4,0,1,0,0,0,0
106.09,1994,2,1,0,0,0,0,0
122.63,202,2,1,1,0,1,0,0
118.21,1626,3,2,0,0,0,0,0
99.19,89,7,1,1,0,0,0,0
169.3,437,8,0,2,0,0,0,0
99.03,120,5,0,0,0,0,0,0
48.78,156,8,1,0,0,0,0,0
30.08,1997,3,2,1,0,0,1,0
51.99,399,1,0,0,0,0,0,0
91.3,1724,2,1,0,1,0,0,0
48.61,188,8,1,0,0,0,0,0
91.32,1798,4,1,1,0,0,0,0
103.46,1076,6,0,0,0,0,0,1
153.42,652,3,0,0,0,1,0,0
240.52,1555,3,2,0,0,0,0,0
72.1,1504,10,0,0,0,1,0,0
18.03,587,3,1,0,0,0,0,0
47.22,230,5,0,1,0,0,0,0
69.69,1505,5,1,1,0,0,0,0
10.64,1154,5,0,0,0,0,0,0
267.38,55,6,2,0,0,0,0,0
76.89,271,0,2,1,0,0,0,0
97.65,1984,5,1,2,0,0,1,0
261.26,1124,0,0,0,0,0,0,0
35.51,1093,2,0,0,0,0,0,0
118.4,1935,1,0,1,0,0,0,0
59.75,1323,3,1,1,0,0,1,0
55.47,970,3,2,1,0,0,0,0
30.81,1553,7,0,0,0,0,0,0
352.69,1378,6,1,0,0,0,1,0
45.81,1652,11,1,0,0,0,0,0
134.22,1176,6,1,0,0,0,0,0
10.23,330,4,0,0,0,0,0,0
217.02,116,7,1,1,0,1,0,1
190.99,1566,2,3,1,0,0,1,1
73.51,323,5,2,0,0,0,0,0
53.15,563,3,0,1,0,1,0,0
99.48,1596,2,1,1,0,0,0,0
657.73,229,1,2,1,0,0,1,0
11.44,1795,2,1,0,1,0,0,0
145.77,360,4,1,0,0,0,0,0
26.8,1029,1,1,1,0,0,0,0
65.37,28,6,0,1,0,0,0,0
52.05,1790,7,1,0,0,0,0,0
43.45,1388,3,0,1,0,0,0,0
65.99,1486,2,1,1,0,0,0,0
21.45,1255,3,0,1,0,0,0,1
186.64,1419,4,0,0,0,0,0,0
11.09,1992,4,1,0,0,0,0,0
114.41,869,7,0,2,0,0,0,0
48.11,1736,4,2,2,0,0,0,0
20.68,1868,1,1,0,0,0,0,0
81.65,1295,5,0,1,0,0,0,0
14.06,1875,5,0,0,0,0,0,1
69.39,1328,3,1,0,0,0,1,1
16.07,1407,0,0,0,0,0,0,0
105.77,1582,2,0,0,0,0,0,0
26.46,28,2,0,0,0,0,0,0
42.48,1543,5,1,1,0,0,0,0
89.47,744,7,0,2,0,1,0,0
30.8,1223,3,2,0,0,0,0,0
62.93,1630,1,0,1,0,0,0,0
14.68,1106,3,0,0,0,1,0,0
125.32,1112,5,1,0,0,0,1,1
389.52,1414,3,1,0,0,1,0,0
1088.12,1722,8,0,0,0,0,0,0
73.05,1779,5,1,0,0,0,1,0
146.67,580,2,1,1,0,0,1,0
11.24,1847,6,0,0,0,0,0,0
299.69,451,1,1,2,0,0,0,0
144.93,433,0,2,0,0,0,0,0
41.1,374,4,1,1,0,0,0,0
229.79,435,4,2,0,1,0,0,0
51.7,1211,4,0,0,0,0,0,0
42.18,1775,6,0,0,0,0,0,0
107.27,1414,5,2,0,0,1,0,0
23.03,218,2,0,1,0,0,0,0
185.23,1132,3,0,0,0,1,0,0
23.2,1843,4,2,0,1,0,1,1
23.33,1574,5,0,2,0,1,1,1
26.85,1931,3,0,1,0,0,0,0
142.52,948,3,0,0,0,0,0,0
35.99,349,6,1,0,1,0,0,0
17.32,788,5,1,1,0,0,0,1
36.39,1546,6,1,0,0,0,1,1
64.58,26,5,0,0,0,0,1,1
20.47,1072,2,2,0,0,0,0,0
21.08,859,7,0,0,0,0,0,0
550.76,370,3,1,0,0,0,0,1
28.2,1038,4,0,1,0,1,0,0
48.28,1636,3,0,2,0,1,0,1
46.19,1211,3,1,2,0,1,0,1
43.76,1548,6,4,1,0,0,0,0
124.13,884,3,0,1,0,0,0,0
172.11,1915,3,0,1,0,0,0,0
49.11,279,3,1,2,0,0,0,1
19.37,341,8,0,1,0,0,1,0
238.52,1352,5,1,1,0,0,0,0
60.62,1703,3,0,0,0,0,0,0
376.28,1658,4,0,1,0,0,0,0
7.06,1929,5,3,0,0,0,0,0
81.08,607,4,0,0,0,0,0,0
454.23,1049,2,0,0,0,0,1,0
46.84,529,7,0,1,0,0,0,0
53.22,426,6,0,1,0,0,1,1
89.61,29,4,2,1,0,0,0,0
38.14,956,1,1,0,0,0,0,1
48.81,323,9,0,0,0,0,0,0
47.57,1877,0,0,0,0,1,0,0
35.61,313,4,1,1,0,0,0,0
227.89,584,2,0,0,0,0,0,0
105.75,1294,3,2,0,0,0,0,0
85.68,762,2,0,0,0,0,0,0
149.69,295,2,1,2,0,0,0,0
51.2,656,7,1,0,0,0,0,0
30.75,786,6,1,1,0,0,0,0
36.5,223,2,2,0,0,1,0,0
66.81,75,1,2,0,0,0,1,0
23.12,102,3,0,1,0,0,0,0
40.44,1556,5,0,1,0,0,1,0
39.8,1653,3,0,0,0,0,0,0
558.11,1710,2,0,0,0,0,1,0
4.16,885,1,1,2,0,0,0,0
55.72,173,3,2,0,0,0,0,0
374.54,1028,1,1,0,0,0,0,0
75.33,1876,5,1,0,0,0,0,0
141.66,1503,2,2,1,0,0,1,0
73.69,1684,2,0,2,0,0,0,0
34.22,395,2,1,0,0,0,0,0
7.09,1650,2,0,0,0,0,1,0
81.9,833,3,1,0,0,0,1,0
30.7,1004,3,0,1,0,0,0,0
29.95,1938,7,2,0,0,0,1,0
40.49,167,4,0,0,1,0,0,1
381.79,300,5,1,0,0,0,0,0
738.66,118,4,0,1,0,0,1,0
82.86,512,6,0,1,0,0,0,0
41.9,612,3,1,0,0,0,0,0
20.55,1810,6,1,1,0,0,0,0
106.54,1199,3,2,0,0,0,0,0
396.59,159,4,2,0,0,0,0,0
52.07,1408,3,0,0,0,0,0,0
6.18,1251,3,3,0,0,0,0,0
130.33,1959,7,1,0,0,0,0,0
178.64,1062,4,1,0,0,0,0,0
13.66,463,6,1,0,0,0,0,0
79.56,1455,5,1,0,0,1,0,1
104.71,1734,5,0,0,0,0,0,0
61.99,1672,2,0,0,0,0,0,0
30.24,104,3,0,0,0,0,0,0
184.18,982,6,1,0,0,0,0,0
44.55,1217,3,1,3,0,0,0,0
15.1,250,8,2,0,0,0,0,0
8.59,1037,6,2,1,1,0,0,1
235.3,567,4,0,0,0,0,1,0
123.55,1880,4,0,0,0,1,0,0
72.82,597,5,0,0,0,0,0,0
42.94,621,5,0,0,0,0,0,0
39.29,555,9,3,0,1,0,0,0
22.74,1412,3,0,2,0,0,0,0
43.32,71,5,0,0,0,0,0,0
8.0,956,9,1,0,0,0,0,0
31.94,1804,6,1,1,0,0,1,0
48.87,1595,4,1,0,0,0,0,0
122.72,973,5,0,1,0,0,1,0
64.08,438,2,1,1,0,0,0,0
147.66,1068,4,1,0,0,0,0,0
257.02,1296,7,0,0,0,0,0,0
192.13,1926,2,0,0,0,0,0,0
106.75,1038,4,1,2,0,1,0,1
67.48,1395,4,0,1,0,0,0,0
25.01,1136,5,0,0,0,0,0,0
139.76,1403,4,0,0,0,1,0,0
357.72,314,2,0,0,0,0,0,0
93.89,1439,6,0,1,0,0,1,1
453.62,1764,1,0,1,0,0,0,0
14.5,485,3,2,1,1,0,0,0
21.03,169,4,2,2,0,0,0,0
156.84,888,4,0,1,0,0,1,0
86.86,803,3,2,0,0,1,0,0
248.09,246,5,1,1,0,0,0,0
65.66,266,6,1,0,0,0,0,0
27.99,849,7,0,0,1,0,0,0
53.86,243,5,0,1,0,0,0,0
14.4,1694,6,2,0,0,0,0,1
21.57,1324,2,0,0,0,1,0,0
176.35,1975,5,3,0,0,0,0,0
159.62,1351,2,0,0,0,0,0,0
95.87,530,6,0,3,0,0,0,0
11.93,1619,5,0,0,1,0,0,0
46.6,847,7,2,0,0,0,0,0
19.59,1767,7,1,0,0,0,0,1
216.27,1004,4,0,1,0,0,1,1
37.2,342,0,0,1,0,1,0,0
22.52,1789,2,0,0,0,0,0,0
68.7,1703,6,3,0,0,0,0,1
35.16,1578,2,1,0,0,0,0,0
294.05,1273,1,2,0,0,0,0,0
31.98,760,4,0,0,0,0,0,0
16.46,1974,5,0,0,0,0,0,0
7.75,1404,1,0,1,0,0,0,0
64.66,798,3,0,0,1,0,3,1
38.02,532,3,1,0,0,0,0,0
15.98,1918,1,0,0,0,0,1,1
219.03,864,2,0,0,0,0,0,0
129.96,1405,12,0,1,0,0,0,0
64.83,42,6,1,0,0,0,0,0
260.95,1369,4,1,0,0,0,0,0
129.35,599,7,0,1,0,0,0,0
29.29,1285,5,2,1,0,0,0,0
23.59,306,5,0,0,0,0,0,0
151.11,809,5,0,1,0,0,0,0
99.12,862,5,1,2,1,0,0,1
79.02,1264,6,3,0,0,1,1,1
28.6,679,4,1,0,0,0,0,0
122.48,1337,7,1,0,0,0,0,0
31.33,731,6,0,0,0,0,0,0
60.22,441,6,3,0,0,0,0,0
283.42,933,1,1,0,1,0,0,0
34.44,903,4,1,1,1,0,0,0
13.83,133,1,0,0,0,0,0,0
23.28,719,3,0,0,0,0,0,0
180.24,51,5,0,0,0,0,0,0
86.03,618,5,1,0,0,0,0,1
58.62,392,0,1,0,0,0,0,0
40.08,696,4,2,0,0,0,0,0
108.35,1737,6,0,1,1,0,1,1
28.53,523,5,0,1,0,0,1,1
90.53,1790,6,2,1,0,0,0,0
32.1,508,6,0,1,0,1,1,0
27.18,1686,8,1,0,0,0,0,0
35.25,354,4,1,0,0,0,0,0
45.81,867,3,1,0,0,0,0,1
63.51,973,2,0,1,0,0,0,0
84.39,1419,2,1,2,0,0,1,1
1.67,956,5,0,0,0,0,0,0
29.74,96,3,0,2,0,0,0,0
45.08,106,2,1,0,0,1,0,0
300.38,1679,1,0,0,0,0,0,0
22.65,678,3,2,0,0,0,0,0
78.48,513,4,1,0,0,0,1,1
297.39,1582,2,1,0,0,0,0,0
17.94,1266,6,2,1,0,0,0,0
98.89,856,2,1,2,0,0,2,1
29.9,1963,2,3,0,0,0,0,1
40.26,1512,5,0,1,1,0,0,0
29.87,790,4,1,0,0,0,1,0
32.08,515,8,1,1,0,0,0,0
1014.26,1678,2,4,1,0,0,0,1
155.16,898,4,0,2,0,0,1,1
200.69,1085,7,2,1,0,0,0,0
109.07,1440,5,1,1,0,0,0,0
13.38,1008,1,0,0,0,0,0,0
98.98,1318,3,1,1,0,0,0,0
194.99,737,8,0,0,0,0,0,0
28.41,302,6,1,2,0,1,0,0
175.09,1194,2,1,1,0,0,0,0
134.87,646,3,0,1,0,0,0,0
424.98,1065,6,0,0,0,0,1,0
43.91,231,7,1,0,0,0,0,0
22.25,1433,3,0,0,0,0,0,0
46.45,738,2,0,3,0,0,0,0
280.22,1675,5,0,1,0,0,0,0
10.71,1646,4,2,1,0,0,0,0
8.43,997,0,2,1,0,0,0,0
72.92,297,3,2,2,0,0,0,0
42.84,455,4,4,0,0,0,0,0
67.2,1081,3,0,0,0,0,0,0
171.62,942,3,0,1,0,1,0,0
38.38,1659,1,1,0,0,0,0,0
10.25,240,3,0,0,0,1,0,0
515.16,1622,4,0,0,0,0,0,0
24.6,1200,8,2,0,0,0,0,0
23.13,1087,6,0,2,0,0,0,0
201.08,551,4,1,2,0,1,1,1
45.4,138,2,1,0,0,0,0,0
62.59,454,2,0,0,0,0,0,0
108.07,1777,6,2,0,0,0,0,0
197.07,1473,5,1,0,0,0,0,0
47.78,1250,1,1,0,0,0,0,0
304.89,443,2,0,0,0,0,0,0
7.88,1230,4,0,0,0,0,0,0
142.56,1700,6,1,0,0,0,0,0
28.8,27,3,1,0,0,0,0,0
263.03,457,4,0,1,1,0,0,1
76.86,695,5,1,1,0,0,1,0
34.02,710,3,2,0,0,0,0,0
129.39,849,2,0,2,0,0,0,0
162.91,949,1,1,1,0,0,0,0
126.71,107,3,0,0,0,0,0,0
23.81,444,5,0,1,0,0,0,0
41.1,1725,2,1,0,0,0,0,0
66.42,36,3,1,1,0,0,0,0
63.99,597,4,1,1,0,0,0,0
141.14,155,4,4,0,0,0,0,0
8.89,1193,5,2,0,0,0,0,0
93.16,796,2,0,0,0,1,1,0
49.9,272,2,0,0,1,0,0,1
28.83,1571,3,1,0,0,0,1,1
31.74,1444,3,0,3,0,0,0,0
53.81,1208,5,1,0,0,1,0,0
1.82,1635,6,1,0,0,0,0,0
33.07,1261,10,1,0,1,1,0,1
27.78,1939,5,1,0,0,0,0,0
113.61,1533,1,0,0,0,0,0,0
29.8,1465,2,0,0,0,0,0,0
53.78,981,2,2,1,0,0,1,0
311.77,122,5,1,0,0,0,0,0
180.25,1441,5,1,0,0,0,0,0
164.39,1559,4,0,1,0,0,0,0
40.45,1399,2,2,0,0,0,0,0
114.78,1599,4,2,0,0,0,0,0
52.78,1350,4,1,1,0,0,0,0
54.81,1504,1,1,1,0,0,0,0
100.45,150,3,0,1,0,0,0,0
36.71,707,5,1,1,0,0,0,0
296.78,995,1,2,0,0,0,0,0
56.82,1616,3,1,0,0,1,0,1
123.76,1514,3,1,0,0,0,0,0
285.89,1851,3,0,0,1,0,0,0
187.1,153,1,0,1,0,0,0,0
16.3,1041,1,0,0,0,0,0,0
104.05,551,6,3,2,0,0,0,1
156.13,845,5,0,0,0,0,0,0
162.69,1372,4,1,0,1,0,0,0
21.9,1483,5,0,0,1,0,1,1
34.57,1226,5,1,1,0,0,0,0
180.29,1447,0,2,1,0,0,0,0
31.13,280,5,0,0,0,0,1,0
49.42,422,6,1,0,0,0,0,0
322.43,1624,4,1,2,0,0,0,0
63.57,993,1,0,0,0,1,0,0
32.24,1489,8,3,0,0,0,0,0
27.73,1977,1,1,1,0,0,0,0
93.01,1836,3,1,0,1,0,0,1
17.58,804,2,0,1,0,0,0,0
52.07,355,1,1,3,0,0,0,0
93.06,1606,6,0,0,0,0,0,0
244.48,378,7,0,0,0,0,0,0
130.0,1148,4,0,0,0,0,0,0
32.65,80,5,1,1,0,1,0,0
216.68,1581,5,2,0,0,0,0,0
49.43,988,4,1,1,0,0,1,0
19.38,233,4,1,0,0,0,1,1
56.15,1504,2,1,1,0,0,0,0
280.95,154,6,0,0,0,1,0,0
78.67,907,4,0,0,1,0,1,1
67.53,1716,9,0,0,0,0,1,0
342.82,1433,3,0,2,0,0,0,1
15.94,1055,2,1,0,0,0,0,0
18.44,1621,6,2,1,0,1,0,0
13.25,1581,3,0,0,0,0,0,1
96.8,1527,0,0,0,0,0,0,0
78.77,371,7,1,1,1,0,0,0
311.92,323,2,1,0,0,0,0,0
85.07,332,6,2,2,0,0,1,0
44.52,243,3,1,0,0,0,0,0
66.81,1576,5,1,1,0,0,0,0
75.02,430,3,0,1,0,0,0,0
12.53,1206,7,0,0,0,0,0,0
1002.58,809,5,1,2,0,0,0,0
112.15,1497,5,2,1,0,0,0,0
82.27,376,3,0,1,0,0,0,0
123.37,81,5,0,0,0,0,0,0
135.56,1574,12,1,0,0,0,1,1
57.94,1892,0,0,0,0,0,0,0
35.47,420,4,1,0,0,1,0,0
121.44,467,7,1,1,0,0,0,0
98.07,1452,2,2,1,0,0,0,0
29.67,1081,5,0,0,0,0,0,0
275.62,1346,4,2,0,0,0,0,0
89.42,1566,4,1,1,0,0,0,0
138.35,1519,4,3,0,0,1,0,0
268.25,1290,3,1,2,0,0,0,0
68.16,1251,4,1,0,0,0,1,0
91.56,829,6,2,0,0,0,0,0
149.91,1983,0,2,1,0,0,0,0
32.3,804,8,0,0,0,0,0,0
70.39,1078,2,2,1,0,0,1,0
75.61,1633,1,0,3,0,1,1,1
25.63,1985,5,1,1,0,0,0,0
676.98,978,3,0,1,0,1,0,1
16.33,4,8,0,0,0,0,0,0
18.21,1463,8,0,0,0,0,0,0
248.2,1334,6,0,1,0,1,0,0
136.08,1903,3,1,0,0,0,0,0
23.9,603,1,2,0,0,0,0,0
122.4,1113,5,1,1,0,0,0,0
289.41,320,2,2,0,0,0,1,0
64.7,1399,6,2,1,0,0,0,0
896.79,1628,4,1,0,0,0,0,0
11.89,501,1,2,1,0,0,0,1
133.46,1686,0,1,0,0,1,0,0
214.12,1258,1,0,0,0,0,1,0
162.61,1945,2,3,1,0,0,1,1
54.36,1361,4,0,0,0,0,0,0
49.88,571,3,0,0,0,0,0,0
103.97,185,2,0,0,0,0,1,0
150.77,1462,6,0,1,0,0,0,0
121.81,556,2,2,0,0,0,0,0
188.68,1204,6,1,1,0,0,1,1
24.07,1100,6,2,0,0,0,0,0
53.1,1680,7,1,0,0,0,1,0
26.05,1637,3,0,0,0,1,0,0
45.33,893,1,0,0,0,0,0,0
184.05,1296,6,0,0,0,0,0,0
74.29,55,5,0,0,0,0,0,0
904.03,1725,3,1,0,1,0,1,1
80.92,863,3,1,0,0,0,0,0
70.79,1871,3,0,0,0,0,0,0
74.16,77,2,0,0,0,0,0,0
35.24,296,3,0,0,1,0,0,0
62.94,1243,2,1,1,1,0,0,0
205.98,1301,2,2,0,0,1,1,0
74.74,1602,2,2,0,0,0,0,0
30.16,1672,4,2,0,0,0,0,0
26.44,746,4,0,0,0,0,0,0
42.51,1735,3,0,0,0,0,0,0
71.8,1290,5,0,0,0,0,0,0
219.99,1977,6,1,0,0,0,0,0
17.45,900,2,0,1,0,0,0,0
48.43,43,7,0,0,0,1,2,0
77.04,1385,4,0,1,0,0,0,0
10.66,1252,6,0,0,0,0,0,0
28.97,227,6,0,0,0,0,0,0
33.79,1087,1,5,0,0,0,0,0
30.09,171,5,1,0,0,0,0,0
80.79,963,2,3,1,0,0,0,0
56.79,762,3,0,0,0,1,1,0
38.27,850,6,0,1,0,0,0,0
102.31,1786,11,0,0,0,0,0,0
373.56,307,6,1,0,0,0,0,0
343.52,1774,8,0,1,0,0,0,0
9.75,568,2,1,2,0,1,0,0
118.76,1707,6,2,0,0,0,0,0
55.81,1944,4,0,2,0,0,0,0
77.88,992,7,1,0,0,0,0,0
44.78,34,7,0,0,0,0,0,1
75.01,827,3,1,0,0,0,0,0
77.59,1666,2,0,0,0,1,1,0
37.38,130,7,2,1,1,1,0,1
27.21,1418,6,1,1,0,1,0,0
42.58,1175,4,0,1,0,0,0,0
84.29,655,3,2,0,1,0,1,1
121.39,630,4,1,0,0,1,0,0
156.55,1740,5,3,0,0,0,1,0
40.68,1408,2,1,0,0,0,0,0
88.57,1771,6,2,0,0,0,0,0
174.6,1041,5,1,1,0,0,1,1
213.92,594,6,0,0,1,0,0,0
62.88,1038,6,1,1,0,0,1,1
53.47,81,1,0,0,0,0,0,0
80.73,1231,5,1,2,0,0,0,0
21.12,204,6,1,0,0,0,0,0
54.95,1403,4,1,0,0,0,0,0
140.41,1808,5,3,0,1,0,1,1
126.72,1568,2,0,0,0,0,0,0
50.89,23,4,0,0,1,0,0,0
82.91,614,5,0,0,0,0,0,0
29.23,1186,2,1,2,0,0,0,0
134.76,1634,1,3,0,0,0,0,0
61.69,144,3,0,0,0,1,0,1
50.6,1954,3,1,1,0,0,0,0
46.45,104,2,1,0,1,1,0,1
62.62,1406,1,0,3,0,0,0,0
42.61,1479,7,1,0,0,0,0,1
128.78,1441,3,1,0,0,0,0,0
44.91,324,2,0,1,0,0,0,0
327.98,1195,3,3,0,0,0,0,0
288.65,576,5,1,0,1,1,0,1
27.34,1780,10,2,1,0,0,0,0
71.5,1607,3,0,1,1,0,0,1
34.79,274,5,0,0,1,0,0,0
48.1,452,5,0,0,0,0,0,0
493.95,881,7,0,0,0,0,0,0
49.03,125,3,0,1,0,1,0,0
95.61,1407,3,2,0,0,0,0,0
114.59,317,7,0,0,0,0,0,0
24.52,1867,2,1,2,1,0,0,1
28.36,107,3,0,0,1,0,0,0
19.96,1684,2,1,0,0,1,0,0
27.5,907,6,1,1,0,0,0,0
3.86,1487,5,0,0,0,0,0,0
114.96,430,1,1,0,0,0,0,0
520.19,704,5,0,1,0,0,0,0
77.31,1361,3,1,0,0,0,2,0
16.18,1762,6,0,0,0,0,1,0
35.07,1778,3,0,1,0,0,0,0
42.15,1520,4,1,0,0,0,0,0
24.1,972,1,1,1,1,1,1,0
157.62,362,4,0,0,0,1,0,1
149.94,796,8,0,0,0,0,0,0
21.0,432,4,2,0,0,0,0,0
137.7,675,3,0,1,0,0,0,0
306.99,1544,4,1,0,0,0,0,0
447.0,859,8,0,0,0,0,0,0
1170.53,1430,4,0,0,0,0,0,0
27.06,1014,3,1,1,0,0,0,0
1123.52,1401,4,1,0,0,0,0,1
46.8,1176,6,2,3,0,1,0,1
36.88,1346,2,1,1,0,0,0,0
92.49,1631,11,1,0,0,0,0,0
37.26,1238,3,1,0,0,0,0,1
99.39,576,2,0,0,1,0,0,0
17.81,1089,3,0,1,0,0,0,0
52.52,893,4,2,1,0,0,0,0
241.19,270,6,1,1,0,0,0,0
62.99,1561,2,3,1,0,0,1,0
76.83,1124,6,0,0,0,0,0,0
107.26,1129,7,0,1,0,0,0,1
215.01,1155,6,0,1,0,0,0,0
12.74,1413,3,0,1,0,0,0,1
119.64,1345,4,1,1,0,1,1,0
51.0,438,2,1,0,1,0,0,0
78.78,1043,3,0,1,0,0,0,0
192.47,225,5,1,0,0,0,0,0
20.2,1642,3,1,0,0,0,0,0
24.22,1590,4,0,0,0,0,0,0
9.63,990,3,2,2,0,0,0,0
38.51,460,3,0,0,0,0,0,0
252.25,394,2,0,0,0,0,0,0
59.11,1250,9,0,3,0,0,0,0
17.46,912,6,0,0,0,0,0,0
41.03,1384,8,0,1,0,0,0,0
15.06,1454,4,1,0,0,0,0,0
21.65,1949,5,1,0,0,0,0,0
98.38,15,8,1,0,0,1,0,1
20.62,560,6,1,2,0,0,0,0
202.88,1675,5,1,0,1,1,0,0
62.11,1004,1,0,0,0,0,0,0
72.65,1570,7,1,2,0,0,0,0
50.48,1956,4,0,0,0,0,0,0
144.44,414,5,2,1,0,0,0,0
145.93,1379,5,1,1,0,0,0,0
93.23,1481,5,0,0,0,0,0,0
117.31,1746,3,1,0,0,0,0,0
53.94,1555,4,1,0,0,1,0,0
114.69,999,3,2,1,0,0,0,0
47.57,1220,8,2,0,0,0,0,0
66.84,1862,7,1,0,0,0,0,0
50.67,115,2,1,0,0,0,1,0
42.22,1441,2,2,0,0,0,0,0
33.48,1376,0,0,2,1,0,0,0
106.45,976,4,1,0,0,0,0,0
247.3,1099,3,1,0,0,1,0,0
215.1,1686,1,2,0,0,1,0,0
18.98,36,2,0,1,0,0,1,0
242.06,242,5,1,0,0,0,0,0
48.51,1687,7,1,0,0,0,0,0
121.6,63,6,0,4,0,0,0,0
26.94,666,4,0,0,0,0,0,0
76.86,509,5,1,0,1,0,0,0
91.26,188,2,0,2,0,0,0,0
15.11,735,7,0,1,1,0,0,1
122.52,93,6,4,1,0,0,0,0
256.19,5,6,1,0,0,1,1,0
56.0,1462,6,2,1,0,0,0,0
259.87,1190,5,0,0,0,0,0,0
55.16,1470,1,1,0,0,0,0,0
155.96,25,4,1,0,0,0,2,1
7.25,508,4,2,3,0,0,0,0
749.03,98,8,0,2,0,0,0,0
297.51,1292,2,2,2,0,0,0,0
50.17,662,5,1,0,0,0,1,0
9.28,1417,12,2,0,0,0,0,0
88.95,1788,4,1,0,0,0,0,0
15.74,1620,3,1,1,0,0,0,0
104.05,1309,3,3,0,0,0,0,0
100.64,684,6,0,1,0,1,0,0
26.01,1757,3,0,0,0,0,0,0
204.58,1133,5,4,0,0,0,0,1
149.24,27,1,2,2,0,0,0,1
176.94,1782,7,1,1,0,0,0,0
67.28,55,5,0,1,0,0,1,0
16.19,1157,2,0,0,0,0,0,0
177.31,1076,2,2,0,0,0,0,0
50.89,1517,4,1,0,0,0,0,0
16.61,1789,3,0,1,1,0,0,0
257.76,781,4,0,0,0,1,0,0
544.25,298,6,0,1,0,0,0,0
63.99,1423,3,2,0,0,1,0,1
577.74,1615,1,0,0,0,0,0,0
73.06,1042,0,0,1,0,1,0,0
45.58,818,6,1,1,0,0,0,0
35.5,1794,6,0,1,0,0,0,0
342.78,855,4,1,0,0,0,0,1
30.57,1643,5,1,1,0,0,0,0
139.11,1933,4,0,0,0,1,0,0
38.12,1988,2,0,0,0,0,0,0
42.09,559,1,0,2,0,0,0,0
186.84,1270,9,0,0,0,0,0,0
45.6,503,3,1,0,0,0,0,0
44.49,1113,4,1,0,0,1,0,0
207.02,203,2,1,1,0,0,0,0
329.44,946,10,3,0,0,0,1,1
127.06,240,2,0,0,0,0,0,0
34.65,490,4,0,1,0,0,0,1
40.02,1804,6,1,0,0,0,0,0
72.23,1037,4,1,0,0,0,0,0
91.92,649,7,1,0,0,0,0,0
24.83,1339,6,2,0,0,1,0,0
137.42,685,2,2,1,0,0,0,0
72.64,1766,3,1,0,0,0,0,1
11.99,1222,5,1,0,0,0,0,0
26.34,243,4,0,0,0,0,0,0
40.28,507,5,1,1,0,0,0,0
62.0,1067,4,0,0,0,0,1,1
441.1,1354,3,1,1,0,0,0,0
84.62,1815,6,1,0,0,0,0,0
28.77,1615,2,1,0,0,0,0,0
83.15,1453,5,2,1,0,0,0,0
46.9,1815,5,2,0,1,0,0,0
92.27,1768,3,2,0,0,1,0,0
119.17,613,7,1,1,0,0,1,1
223.46,162,1,1,0,0,0,1,1
65.09,656,4,1,1,0,0,0,0
343.42,959,3,0,0,0,0,0,0
165.34,621,4,1,0,0,0,1,1
32.87,1459,2,2,0,0,0,0,0
607.81,1257,2,2,0,0,0,0,0
92.48,111,3,0,2,0,1,0,0
28.93,1952,3,0,0,0,0,0,0
348.25,934,3,0,0,0,0,0,0
532.6,1256,4,1,0,0,0,0,0
64.52,1976,6,0,0,0,0,1,0
40.3,750,2,0,3,0,0,0,0
56.13,709,7,0,0,0,1,0,0
136.28,273,4,1,0,1,0,0,0
239.33,1622,4,2,0,0,0,0,0
117.98,807,3,0,0,1,0,0,0
73.83,41,4,1,0,0,0,0,0
298.27,560,4,0,0,0,0,1,0
48.77,466,1,1,1,0,0,0,0
186.96,1948,0,1,0,0,0,0,0
50.0,1101,2,0,1,1,0,0,0
102.62,1714,4,1,1,0,0,0,0
59.53,490,2,1,1,0,1,0,0
63.06,1793,2,2,0,0,0,0,0
45.72,117,3,1,0,0,0,0,0
255.92,434,2,2,0,0,0,0,0
32.04,1043,4,1,0,0,0,0,0
31.81,994,4,1,0,0,0,0,0
556.13,1595,5,1,0,1,0,0,1
177.3,196,3,0,0,0,0,0,0
6.14,619,3,0,1,0,0,0,0
37.89,1475,3,0,2,0,0,2,0
10.89,425,2,1,0,0,0,0,0
25.77,1418,2,0,2,0,0,0,1
2.89,1308,4,0,4,0,0,0,0
58.15,34,6,1,1,0,0,0,0
21.29,295,4,2,1,0,0,0,1
70.8,1007,3,2,1,0,0,0,0
13.13,1275,2,0,1,0,0,0,0
72.45,1662,7,0,0,0,0,0,0
44.04,339,4,0,1,0,0,0,0
299.45,618,6,0,2,0,0,0,0
273.52,1464,5,0,1,0,0,0,0
146.25,180,10,1,0,0,0,0,0
48.11,622,5,0,1,0,0,0,0
485.6,1252,0,0,0,0,0,0,0
14.11,1657,6,0,0,0,0,2,0
16.39,619,6,0,0,0,0,0,0
61.33,643,5,1,1,0,0,0,0
635.26,23,6,0,0,0,0,0,0
54.47,1681,5,3,1,0,0,0,1
55.52,1351,5,2,1,0,0,0,0
15.77,1178,7,1,0,0,0,1,1
171.73,619,1,0,0,0,0,0,0
172.98,1170,4,1,0,1,0,0,1
146.8,252,4,1,1,0,0,0,0
35.54,302,7,0,0,0,0,0,0
32.89,1094,6,3,1,0,0,1,1
18.3,1567,3,2,1,0,0,0,0
72.52,1117,4,1,0,0,0,0,0
22.64,1673,9,0,1,0,0,0,0
20.54,1910,2,0,0,0,0,0,0
43.65,163,3,0,0,0,0,0,0
40.89,1105,9,2,0,0,0,0,0
38.94,1852,7,0,0,0,0,0,0
106.32,1612,3,0,0,0,0,0,0
72.17,1087,4,1,1,0,0,0,0
49.99,612,3,2,1,0,0,0,0
80.08,1460,5,0,1,0,0,0,0
24.74,1072,5,0,0,0,0,0,0
74.09,445,4,1,0,0,0,0,0
77.53,1944,1,1,0,0,0,0,1
14.83,74,5,0,1,0,0,0,0
180.49,826,1,2,1,0,0,0,0
27.62,1728,6,0,0,0,0,0,0
72.99,542,4,2,1,0,0,0,0
213.67,157,3,1,0,0,1,0,0
168.29,1511,4,0,1,0,1,0,0
69.02,1290,1,1,0,0,0,0,0
46.41,256,6,0,1,0,0,0,0
172.0,1063,2,1,0,0,0,1,0
130.93,1079,5,0,0,1,1,0,1
35.93,1052,5,1,0,0,1,0,0
30.12,1938,0,1,0,0,0,0,0
8.4,937,5,1,0,0,0,0,0
77.79,118,8,1,1,0,0,0,0
61.39,370,3,1,1,0,0,0,0
207.72,209,5,1,0,0,0,0,0
95.49,587,3,0,0,0,0,0,0
253.21,1601,1,2,2,0,0,0,1
33.2,849,3,2,0,1,1,1,1
208.13,1892,4,1,0,0,0,0,0
39.29,1636,3,0,2,0,0,0,0
145.13,1582,2,1,0,0,0,1,0
15.51,316,1,2,0,0,0,1,0
84.36,1417,3,0,0,0,0,0,0
9.16,1965,4,1,1,0,0,0,0
51.05,444,4,0,1,1,0,0,0
103.58,1692,4,0,0,0,1,0,0
39.61,1776,4,0,0,0,1,0,0
23.33,1889,3,0,0,0,0,0,0
155.42,1283,6,1,0,0,0,1,1
60.13,1971,3,1,1,0,0,0,0
40.87,1672,5,1,0,0,0,0,0
69.54,1906,3,2,1,0,0,0,0
931.38,1222,5,0,0,0,0,0,0
211.35,1723,6,0,0,0,1,0,0
213.27,628,5,0,0,0,1,0,0
103.08,445,3,0,0,1,1,0,0
78.77,570,2,2,0,0,0,0,0
6.07,582,0,1,2,0,0,0,0
33.82,605,2,0,0,0,0,0,0
41.24,741,1,0,0,0,0,0,1
10.23,908,7,0,0,0,0,1,0
20.96,649,3,1,0,0,1,0,0
9.2,1641,7,2,1,0,0,1,1
64.18,305,5,0,0,0,1,1,1
151.22,339,3,1,1,0,1,0,0
201.7,529,9,1,0,0,0,0,0
100.97,54,7,0,0,0,0,0,0
25.45,1136,4,0,0,0,0,1,0
9.66,684,6,1,2,0,1,0,1
11.51,1952,3,0,0,0,0,0,0
18.75,419,5,2,1,0,0,1,0
27.42,1998,8,1,0,0,0,0,0
56.84,305,4,1,0,0,0,0,0
24.19,1462,3,0,0,0,0,0,0
93.59,1680,2,3,0,0,1,0,0
52.86,85,9,1,1,1,0,0,0
67.39,1548,3,3,0,0,0,1,0
208.56,252,1,0,2,0,1,0,0
20.49,1752,7,0,2,0,0,0,0
101.36,126,7,0,1,0,0,0,0
65.76,610,6,1,1,0,0,0,0
47.78,1928,5,1,0,0,0,0,0
161.62,1429,4,0,0,0,0,0,0
160.62,304,4,0,0,0,0,0,0
25.88,1928,2,2,0,0,1,0,0
55.58,1052,1,0,2,0,0,0,0
88.34,848,4,1,1,0,0,0,0
50.75,1290,5,1,0,0,0,2,1
119.7,1076,1,1,0,0,0,0,0
88.34,655,4,0,0,0,0,0,0
416.78,644,5,0,0,0,0,0,0
14.44,858,4,0,1,0,0,0,0
59.0,511,1,1,0,0,0,0,0
26.88,207,2,0,0,0,0,0,0
122.01,574,5,2,0,0,1,0,0
13.23,875,1,0,0,0,0,0,0
94.28,511,3,0,0,0,0,0,0
35.51,1668,5,1,0,0,1,0,0
32.0,1577,3,0,0,0,0,0,0
15.7,201,2,2,1,0,1,0,0
41.88,1635,5,0,0,0,0,1,1
197.26,823,1,0,0,0,0,0,0
65.03,1308,5,1,0,0,0,0,0
124.92,1381,3,1,0,0,0,0,0
352.36,1071,5,1,0,0,0,0,0
86.81,1020,4,1,2,0,0,0,0
38.14,137,1,1,0,0,0,0,0
106.4,130,3,0,0,0,0,0,0
38.69,1219,8,0,0,0,0,1,0
40.27,1018,8,1,0,0,1,0,0
14.59,1653,5,1,0,0,0,0,0
168.39,1388,1,0,0,0,0,0,0
45.33,432,6,1,0,0,0,0,0
80.01,1093,2,1,0,0,0,0,0
23.67,1482,2,1,0,0,1,0,0
103.13,540,7,1,0,0,0,0,0
31.13,335,3,0,2,0,1,0,0
57.88,526,3,0,1,0,0,0,0
160.42,558,3,0,0,0,0,0,0
147.05,909,4,2,3,0,0,0,0
65.23,1040,5,2,0,0,0,1,1
11.38,1960,3,4,0,0,0,0,0
1329.84,1480,2,2,1,0,0,0,0
382.17,510,4,0,1,0,0,0,0
137.37,209,6,0,1,0,0,0,0
31.4,1182,4,0,1,0,0,0,0
59.53,1361,4,2,1,0,0,0,1
38.73,1763,5,1,0,0,0,0,0
236.01,1985,5,3,0,0,0,0,0
86.7,1265,4,2,0,0,1,0,0
30.44,58,4,1,4,0,0,0,0
41.65,816,6,2,1,1,0,0,0
204.63,1329,2,1,0,0,0,0,0
330.33,1369,2,0,0,0,0,0,0
307.46,1666,7,0,0,0,0,0,0
142.17,1753,1,0,2,1,1,1,1
51.8,1038,7,0,0,0,0,0,0
2.61,1383,5,1,0,0,0,1,0
89.76,377,3,1,0,0,0,0,0
66.56,243,4,3,0,0,0,0,0
76.71,993,3,0,0,0,0,0,0
70.38,1169,3,1,1,0,0,0,0
17.7,891,6,0,0,0,0,0,0
116.44,415,2,0,2,0,0,0,0
125.49,394,5,1,0,0,0,0,0
131.94,1862,3,1,0,0,0,0,0
171.84,1639,6,0,1,0,0,1,0
122.0,729,2,1,1,0,1,0,0
44.26,358,1,0,0,0,0,0,0
62.13,1957,6,0,0,0,1,0,0
73.05,1600,5,0,0,0,1,0,0
74.27,1182,5,2,0,0,0,0,0
180.95,674,8,0,1,0,0,0,0
126.93,18,2,0,0,0,1,0,0
532.37,728,7,2,0,1,0,0,0
605.75,1855,2,0,0,0,0,0,0
72.22,561,5,1,0,0,0,0,0
1.44,1592,5,0,2,0,0,0,0
229.71,1371,4,0,0,0,0,0,0
38.85,1082,4,0,0,1,0,0,0
29.92,155,6,0,0,0,0,0,0
44.77,1591,1,2,1,0,0,0,0
42.66,1511,4,0,1,0,1,0,0
123.01,1877,4,0,1,0,0,0,0
14.02,1555,2,1,1,0,1,1,0
22.7,487,2,1,1,0,0,0,0
93.99,151,8,1,0,0,0,0,0
124.33,1383,5,1,0,0,0,0,0
126.66,368,5,0,0,0,1,0,0
30.36,1644,4,0,0,0,0,0,0
25.07,1071,7,0,1,0,0,0,0
40.18,207,9,0,0,0,1,0,0
84.76,1899,1,1,1,0,0,0,1
294.56,450,1,0,0,0,1,0,1
8.61,1507,2,1,1,0,0,0,1
53.48,1971,1,3,0,0,0,1,0
17.59,1876,2,1,0,1,0,1,1
12.78,924,2,0,0,0,1,0,0
175.38,1664,1,1,0,1,0,0,0
114.96,697,5,0,1,1,0,0,0
104.53,570,2,0,0,1,1,0,0
167.51,143,6,0,2,0,0,0,0
41.28,1424,8,1,1,0,0,0,0
43.27,1121,5,1,0,0,1,0,0
593.32,1071,6,1,0,0,0,0,0
52.11,191,4,1,0,0,0,0,1
139.09,140,4,0,0,0,0,0,0
67.11,615,4,0,1,0,0,0,0
10.5,1255,5,1,0,0,0,0,0
8.63,1963,7,1,0,0,0,0,0
37.38,1364,3,1,0,0,0,0,0
191.73,925,6,0,0,0,0,0,0
146.69,1515,4,0,1,0,0,0,0
166.35,1073,5,0,0,0,0,0,0
24.85,1923,5,0,1,0,0,0,0
335.58,624,2,1,2,0,0,0,0
25.41,1477,0,0,0,0,0,0,0
82.5,1340,6,1,2,0,0,0,0
66.0,1346,6,1,2,0,1,0,0
56.04,87,5,1,2,0,0,0,0
254.32,1918,3,0,0,0,0,0,0
32.95,1498,5,0,1,0,1,0,0
17.29,282,5,1,1,0,1,0,0
68.03,1863,1,0,0,0,0,0,0
44.71,764,1,0,0,0,0,0,0
1953.51,1098,5,0,1,0,0,0,0
131.17,453,5,0,0,0,0,0,0
44.29,47,5,1,0,0,0,0,0
23.19,1612,3,2,1,0,0,0,0
10.17,1120,6,3,1,0,0,0,0
23.92,938,3,2,1,0,0,0,0
74.81,31,5,3,2,1,0,0,1
277.92,534,3,2,2,0,0,0,0
204.73,17,6,0,0,1,0,0,0
83.86,1236,3,2,0,0,0,0,1
48.27,1684,8,2,2,1,0,0,1
87.25,1259,3,0,0,0,0,0,0
39.7,392,3,1,0,0,0,0,0
371.8,1007,4,1,3,0,0,0,0
55.19,354,7,0,1,0,0,0,0
61.17,305,4,1,3,1,0,0,0
7.27,1623,5,0,2,0,0,0,0
54.85,1574,2,0,0,0,0,0,0
153.93,1589,3,2,2,0,0,1,1
22.93,1564,7,0,1,0,0,0,0
31.48,1613,4,0,0,0,0,1,0
147.34,1949,5,0,0,1,1,0,0
15.23,509,2,2,1,0,0,0,0
192.06,712,7,1,1,0,0,0,0
39.17,1419,5,2,1,0,0,0,1
45.22,1455,3,1,0,0,0,0,0
21.67,685,1,1,1,0,0,0,0
97.32,786,3,0,1,0,0,1,0
780.45,1586,7,0,1,0,0,0,0
145.69,857,3,0,1,0,0,0,0
28.1,177,2,0,2,0,0,0,0
207.6,1430,4,0,1,0,1,1,0
48.59,301,8,0,0,0,0,0,0
263.61,445,3,2,0,0,0,0,0
149.41,1763,4,1,2,0,0,0,0
3.51,1151,7,0,2,1,0,0,1
24.43,1373,5,4,1,0,1,0,0
171.47,21,2,0,0,0,0,0,0
77.61,1016,4,1,1,0,0,0,0
23.96,711,3,1,1,0,0,1,0
35.39,701,5,4,0,0,0,1,0
9.91,1868,3,2,0,0,0,0,0
61.05,1444,4,1,0,0,0,1,1
608.31,152,5,0,0,0,0,0,0
149.15,1184,3,0,0,0,0,0,0
596.11,859,5,0,0,0,0,1,0
161.16,1504,3,2,2,0,0,0,0
186.32,1467,6,0,0,1,0,0,0
480.14,96,3,0,0,0,0,0,0
97.25,1376,5,1,1,0,0,0,0
55.3,1099,1,1,0,0,0,0,0
187.29,878,6,1,2,0,1,0,1
285.39,1618,2,0,0,0,0,0,0
41.27,640,2,0,0,0,1,0,0
32.41,1383,3,2,1,0,0,0,0
76.62,1157,6,0,0,0,0,0,0
153.16,400,4,2,1,0,0,0,1
148.13,1163,2,2,0,0,0,0,0
16.05,246,4,1,0,0,0,0,0
451.06,1315,8,3,0,0,0,0,0
35.12,112,3,0,0,0,0,0,0
51.16,1739,3,1,0,0,0,0,0
27.04,1194,2,1,1,0,0,0,0
990.62,1623,7,0,0,0,0,0,0
84.95,1655,4,1,1,0,1,0,0
28.47,1634,2,0,1,0,0,0,0
158.21,1264,6,1,1,0,0,0,0
143.9,1361,4,0,1,0,0,0,0
55.27,1162,7,1,2,0,0,1,0
154.56,1618,2,1,2,0,0,0,1
29.22,1260,0,0,0,0,0,0,0
40.73,1672,7,0,0,0,0,1,0
8.93,794,3,0,1,0,0,1,0
17.74,1027,6,0,1,0,0,0,0
406.52,1595,3,1,2,0,0,1,1
344.27,116,2,0,0,0,0,1,1
71.22,1496,3,0,0,0,0,0,0
351.75,1155,7,2,0,0,0,0,0
56.82,934,4,0,1,1,0,0,0
52.28,1922,10,0,0,0,0,1,1
70.56,1507,8,0,1,0,0,1,1
58.86,1425,2,0,0,0,0,1,0
53.77,1225,6,1,1,0,0,0,0
209.22,292,5,0,2,0,0,0,0
77.49,342,6,0,1,0,1,0,0
135.98,1015,4,1,0,0,0,0,0
187.05,1634,3,0,0,0,0,0,1
98.32,1240,4,0,0,0,0,0,0
25.27,1660,3,0,0,0,0,1,0
17.24,585,1,0,0,0,1,0,0
77.38,1390,3,0,3,0,1,0,1
56.19,1914,5,0,1,0,0,0,0
72.78,1666,6,2,1,0,0,1,0
65.62,1493,5,0,0,0,0,0,0
883.22,1442,2,0,0,0,0,0,1
17.63,27,5,0,1,1,0,0,1
9.12,1701,4,4,0,0,0,1,0
92.98,455,2,1,1,0,0,1,0
45.77,918,0,0,1,0,1,0,0
91.48,580,3,1,2,0,1,0,0
119.57,14,4,1,2,0,0,1,0
240.83,98,11,1,0,1,0,0,0
14.77,279,4,1,0,0,0,0,0
38.22,1964,9,0,0,0,0,0,0
102.39,490,3,0,0,0,0,0,0
144.09,985,9,1,0,0,0,0,0
597.92,961,5,0,0,0,0,0,1
173.42,1907,5,0,0,0,1,0,0
63.0,1783,4,0,1,0,0,0,0
27.37,624,1,1,1,0,0,0,0
37.93,207,1,1,1,1,1,0,1
36.87,1888,4,0,0,0,1,0,0
128.41,1870,6,0,0,1,0,0,1
86.23,1257,1,1,0,1,1,0,0
17.75,1597,4,0,1,0,0,0,0
43.12,597,6,2,0,0,0,0,0
160.38,695,6,0,0,0,1,0,0
94.79,1263,4,1,0,0,0,0,0
117.76,250,4,1,1,0,0,0,0
97.8,1607,5,1,1,0,0,0,0
339.15,740,8,0,0,0,0,0,0
84.44,1621,2,0,0,0,1,0,1
45.33,306,2,0,0,0,0,0,0
26.69,1932,0,0,1,0,0,0,0
85.59,1487,1,1,0,0,0,0,1
5.81,1807,3,0,1,0,0,0,0
55.46,1937,3,0,1,0,0,0,0
54.28,1826,3,1,0,0,0,0,0
17.04,1260,4,0,2,0,0,0,0
26.36,1315,5,0,0,0,0,0,0
149.85,1063,3,0,0,0,0,0,0
83.99,998,4,1,0,0,0,0,0
73.83,718,0,2,0,0,0,0,1
90.59,183,9,1,2,0,0,1,1
73.16,1723,11,0,2,0,0,0,0
231.1,645,5,2,0,0,0,0,0
75.45,30,10,0,1,0,0,1,1
15.51,1412,3,0,0,0,1,0,0
340.4,767,3,1,2,0,0,0,0
96.58,1167,6,0,0,0,0,0,0
36.99,615,7,0,0,0,0,0,0
19.04,1443,5,1,0,0,0,0,0
99.08,1005,4,1,1,0,0,0,0
59.31,74,2,0,0,0,0,0,0
321.87,1079,5,0,0,0,0,0,0
47.19,962,4,1,1,0,0,1,0
28.86,1772,2,1,0,0,0,0,0
163.33,1596,1,0,2,0,0,0,1
168.22,24,4,1,1,0,0,0,0
78.94,1046,4,0,0,0,0,0,0
131.15,428,3,1,0,0,0,0,0
64.22,1056,3,1,1,0,1,0,0
84.26,863,7,1,1,1,1,1,1
213.79,339,6,0,0,0,0,0,0
124.63,1971,4,1,3,0,1,0,1
56.3,1539,5,1,0,0,0,1,1
257.85,512,4,0,0,0,0,0,0
6.27,1094,4,1,0,0,1,0,0
519.09,672,5,1,0,0,0,0,0
12.11,1922,5,0,0,0,0,0,0
35.62,1112,4,3,1,0,0,1,1
64.01,877,3,1,0,0,0,0,0
57.6,571,3,0,0,0,0,0,0
182.44,764,4,0,0,0,0,0,0
23.15,1243,4,2,0,0,0,0,0
86.55,713,4,1,1,0,0,1,0
37.4,589,6,0,1,0,0,0,0
89.58,767,4,1,1,0,0,0,0
62.5,1783,3,1,2,1,0,0,1
73.18,1294,6,0,0,0,0,0,0
38.48,819,1,1,1,0,0,0,0
40.04,1675,7,0,1,0,1,0,0
88.88,78,7,1,0,0,0,0,0
171.35,1616,2,3,1,0,0,0,0
36.66,10,4,0,0,0,0,0,0
27.97,1492,5,0,1,0,1,0,0
123.16,1360,5,0,1,0,0,0,0
64.55,636,1,1,0,0,0,0,0
153.01,1210,2,0,1,0,0,0,0
26.96,1570,2,1,0,0,0,0,0
11.25,1145,3,1,0,0,1,0,0
39.13,592,2,2,2,0,0,0,0
30.99,718,4,1,1,0,1,0,0
61.63,565,4,1,0,0,1,1,0
35.27,1692,5,0,1,1,1,0,0
139.91,1298,3,2,0,0,0,0,0
49.99,410,5,3,1,0,1,0,0
77.52,358,6,2,1,0,0,0,1
78.07,1671,3,1,1,0,1,0,0
81.04,1965,3,0,3,0,0,0,0
65.1,98,1,1,0,0,0,1,1
111.12,1007,4,2,0,0,0,0,0
30.09,241,3,0,1,0,1,0,0
270.27,557,4,1,0,0,0,0,0
52.64,711,4,0,0,0,0,0,0
17.97,1827,6,1,0,0,0,0,0
80.49,1972,2,0,0,0,1,0,0
28.47,1138,4,0,0,0,0,0,0
129.71,1511,6,4,0,0,0,0,0
607.65,1813,5,2,1,0,0,0,0
30.37,1265,4,0,0,0,0,1,0
92.98,156,1,1,0,0,0,1,0
11.52,352,0,0,1,0,0,0,0
104.99,44,1,1,1,0,0,0,0
27.5,592,1,3,0,0,0,1,1
35.7,1336,5,0,1,0,0,0,0
22.17,138,4,2,0,0,0,0,1
138.68,1687,6,1,1,0,0,0,0
182.6,1968,7,3,2,1,1,1,1
68.26,436,3,2,0,0,0,0,0
28.09,754,3,1,0,0,0,0,0
326.86,143,3,0,0,0,0,0,0
31.49,1024,2,2,0,0,0,0,0
7.67,1847,3,1,1,0,0,0,0
105.47,1323,2,0,0,0,0,0,0
22.09,1586,4,0,1,0,0,0,0
179.22,262,3,0,1,0,0,0,0
45.55,512,2,0,0,0,0,0,0
121.96,673,1,1,1,0,0,0,0
270.83,62,4,0,1,0,0,0,0
19.91,1591,5,0,1,1,0,0,0
37.87,1447,6,2,0,0,0,1,1
61.83,1420,2,2,0,0,0,0,0
310.3,1908,5,0,0,0,0,0,0
34.52,31,4,0,0,0,0,0,0
36.8,1354,5,0,0,0,1,0,0
107.57,949,6,1,1,0,0,0,0
37.44,802,3,1,0,0,0,0,0
77.67,1193,3,2,1,0,0,0,0
14.13,266,6,0,1,1,1,1,1
610.53,308,3,0,2,0,0,1,1
17.33,459,3,0,1,0,0,0,0
48.34,1209,6,1,0,0,0,0,0
64.56,334,6,1,1,0,0,0,0
451.55,515,3,0,0,0,0,0,0
17.73,441,7,3,0,0,1,0,0
484.78,673,5,3,0,0,0,0,1
142.19,391,3,1,1,0,1,0,0
101.2,1796,6,1,1,0,0,1,0
24.91,935,2,1,1,0,0,0,0
118.05,560,7,0,1,0,0,0,0
32.35,254,5,0,1,0,0,0,0
236.67,1610,6,1,0,0,0,0,0
25.25,1359,7,0,0,0,1,0,0
59.55,1424,2,1,0,0,0,0,0
38.27,1190,6,2,0,0,0,0,0
24.84,1284,5,1,1,0,0,0,1
139.95,1028,3,3,0,0,0,0,0
113.92,1912,2,0,0,0,0,1,0
223.41,119,4,0,0,0,1,0,0
11.25,996,2,0,1,0,0,0,0
193.29,1947,4,1,0,0,0,0,0
816.84,470,5,1,1,1,0,0,1
42.45,1494,5,0,0,0,0,0,0
443.7,785,5,1,1,0,0,0,0
51.26,1517,4,0,1,0,0,0,0
16.9,1762,1,1,1,0,0,0,0
49.12,1888,7,1,2,0,0,0,1
190.22,1524,5,2,0,0,0,0,1
28.84,1094,3,0,1,0,0,0,0
36.59,694,3,0,0,0,0,1,0
120.73,865,2,1,1,0,0,0,0
66.89,776,0,1,1,0,0,0,0
119.66,1394,4,0,0,0,0,0,0
84.59,181,5,1,0,0,0,0,0
107.73,1029,2,0,1,0,1,0,0
43.28,1221,7,0,0,0,0,1,1
84.08,47,4,0,0,0,0,0,0
26.38,1994,6,0,1,0,0,0,1
241.88,1576,3,1,1,0,0,0,0
35.37,634,6,1,1,0,0,0,0
206.2,1671,3,0,0,0,0,0,0
52.79,1164,6,0,0,0,0,0,0
81.61,1886,6,0,0,0,0,0,0
40.65,1689,2,0,0,0,0,1,0
24.14,1564,3,2,1,0,0,0,0
11.65,1451,1,1,0,0,0,0,0
23.21,589,6,2,0,0,0,0,0
48.24,1711,4,1,0,0,1,0,0
82.42,1585,6,0,1,0,0,0,0
183.16,1878,7,1,0,1,0,0,0
42.7,310,4,1,0,0,0,0,0
27.61,274,8,1,1,0,0,0,0
15.76,1563,2,1,0,0,0,0,0
107.78,840,6,0,0,0,0,0,1
265.92,1414,2,1,1,0,0,0,0
236.59,459,3,0,1,0,0,0,0
135.63,733,2,1,2,1,0,0,1
126.29,1658,3,3,0,0,0,0,0
364.17,361,4,2,0,1,0,0,1
92.95,1018,6,0,0,0,0,0,0
127.25,1093,3,0,1,0,0,0,1
48.39,1607,4,0,0,0,0,1,1
17.08,662,7,0,2,0,0,0,0
33.65,699,4,1,2,0,0,0,0
66.08,1455,3,0,3,0,0,0,0
70.87,885,3,3,0,0,0,0,0
457.73,758,4,1,0,0,0,0,0
72.33,1732,3,2,0,0,0,0,0
216.77,1056,6,1,0,0,0,0,0
43.16,621,4,0,0,0,0,0,0
48.83,1889,4,0,0,0,0,1,0
17.65,1537,3,0,0,0,1,0,0
31.74,182,7,2,4,0,0,0,0
112.95,686,2,0,1,0,0,0,0
67.19,681,8,0,0,0,0,0,0
171.22,248,6,1,0,0,0,0,0
79.94,620,2,0,0,0,0,0,0
46.88,1906,2,3,0,0,0,1,0
571.52,1321,2,1,1,0,0,0,0
60.71,1800,4,0,0,0,0,0,0
213.36,1952,2,0,3,1,0,0,1
44.65,30,8,0,0,0,0,0,0
135.59,1326,6,2,2,1,0,0,1
168.68,1500,4,0,0,0,0,0,0
82.15,873,3,1,1,0,0,0,0
6.33,948,3,2,0,0,0,0,0
67.91,1376,4,1,3,0,0,0,1
228.25,985,3,2,1,0,0,0,0
113.01,1506,2,1,0,0,0,1,0
104.15,317,6,1,0,0,0,0,1
11.91,737,6,1,1,0,0,0,0
32.44,1421,0,0,0,0,0,0,0
100.62,1113,3,0,0,1,0,0,0
100.52,1258,6,0,2,0,0,0,0
224.68,168,2,2,0,0,0,0,0
57.69,743,3,0,0,0,0,0,0
100.07,126,4,1,2,0,0,0,0
67.79,573,5,1,0,0,0,0,0
24.85,120,3,3,0,0,0,0,0
6.99,1452,1,1,0,0,0,0,0
102.62,1009,2,1,0,0,0,0,0
79.36,1214,3,1,1,0,0,0,0
35.94,1657,8,0,3,0,0,1,1
13.21,1452,5,2,0,0,0,0,0
125.18,560,5,1,1,0,0,0,0
51.12,1226,6,0,0,0,0,0,0
116.38,1083,1,2,0,0,1,0,0
430.11,697,5,1,2,0,0,0,0
7.83,223,8,0,0,0,0,0,0
33.13,1516,4,0,0,0,0,0,0
54.09,1035,2,0,0,0,0,0,1
285.67,793,6,0,1,0,0,0,0
12.98,1725,2,0,0,0,0,0,0
462.14,1536,4,0,0,0,0,0,0
76.39,814,1,0,1,0,0,0,0
60.58,310,3,0,0,0,0,1,0
54.7,1012,4,0,0,0,0,0,0
43.11,749,4,0,1,0,1,0,1
190.21,1058,5,1,0,0,1,0,0
22.91,1019,5,2,1,0,0,0,0
94.2,1364,4,3,1,0,0,0,0
45.41,1671,5,0,2,0,0,0,0
31.12,481,6,0,0,0,0,0,0
885.34,574,6,0,0,1,0,0,0
101.4,825,4,0,2,1,1,0,0
123.13,1763,5,3,1,0,1,0,1
208.05,1117,4,0,0,0,0,0,0
16.1,628,4,1,1,0,0,0,0
384.63,1868,1,0,1,1,0,0,1
5.43,1157,5,0,1,0,0,0,0
30.91,844,3,1,0,0,0,1,0
42.14,989,6,2,1,0,0,0,0
119.31,419,6,1,0,0,0,0,0
82.99,1492,6,2,0,0,0,0,0
56.44,1829,11,0,0,0,0,0,0
65.89,1468,7,1,1,0,0,0,0
25.08,1729,2,0,1,0,0,0,0
14.92,1936,2,1,1,0,1,0,0
137.9,30,4,0,0,0,0,0,0
133.45,1993,6,0,0,0,0,0,0
325.22,298,4,0,1,1,1,0,0
30.26,1085,7,0,0,0,0,0,1
133.33,458,2,0,0,0,0,0,0
50.21,1997,4,0,1,0,0,0,0
219.31,304,6,2,0,0,0,0,0
185.3,958,3,2,1,0,0,0,0
82.37,340,5,0,1,0,0,1,0
47.49,1885,1,0,0,0,0,0,0
174.33,448,2,2,1,0,0,0,0
127.35,1977,3,1,1,0,0,1,1
33.63,1860,4,2,1,0,0,0,0
17.68,1326,5,0,0,1,1,0,1
49.97,881,7,1,0,0,0,0,0
303.51,540,2,2,0,0,1,0,0
209.87,485,5,0,0,0,0,0,0
21.93,77,6,1,0,0,0,0,0
20.74,1657,10,4,1,0,0,0,0
238.58,515,5,0,1,0,0,1,1
21.42,1573,2,1,0,0,0,0,0
110.97,944,5,0,1,0,1,0,0
36.01,659,3,0,1,0,0,0,0
335.98,92,2,2,0,1,0,0,0
30.86,1875,3,0,1,0,0,0,0
209.21,1809,6,0,1,0,1,1,1
80.23,466,4,0,1,0,0,0,0
85.82,466,7,0,1,0,0,0,0
9.3,1913,2,0,1,0,0,0,0
7.37,1623,4,0,1,0,0,0,0
53.49,1064,4,1,1,0,0,0,0
85.36,690,1,1,0,0,0,0,0
21.65,1353,6,0,0,1,1,0,0
22.45,1309,3,0,0,0,0,0,0
116.92,947,6,1,0,0,1,0,0
117.08,554,5,0,0,0,1,0,0
58.11,1821,4,0,1,0,0,0,0
145.5,1090,2,1,0,0,1,0,0
20.61,1660,8,0,1,0,0,0,0
46.71,1681,2,1,0,0,1,0,1
346.5,1656,5,3,1,1,0,0,1
71.4,109,3,1,1,0,0,1,1
75.66,1439,2,1,0,0,0,1,0
669.11,92,5,1,0,0,0,0,0
16.46,1003,2,1,0,0,1,0,0
147.88,368,4,1,1,0,0,0,0
352.13,820,3,1,2,0,0,0,0
48.19,423,4,1,1,0,0,0,0
157.53,572,4,0,0,0,0,0,0
24.98,862,6,1,0,0,0,0,0
33.56,1763,6,0,0,0,0,0,0
98.0,1264,3,2,0,0,1,0,0
148.2,435,3,1,1,0,1,0,0
204.58,212,1,0,0,0,0,0,0
320.42,1424,5,0,0,0,0,0,0
62.34,1634,1,1,0,0,1,1,0
220.0,526,2,1,1,0,0,1,0
47.36,1754,4,0,0,0,1,0,0
164.37,468,6,0,2,0,0,0,0
82.06,1194,2,0,0,0,0,0,0
104.13,1843,4,0,0,0,1,0,0
101.85,792,4,0,0,0,0,0,0
13.4,875,3,1,0,0,0,0,0
21.67,210,1,2,1,0,0,0,0
73.89,256,5,1,2,0,0,0,1
12.34,1707,3,1,2,0,1,0,0
153.12,73,2,1,1,0,0,0,0
159.42,147,1,1,0,0,1,0,0
92.5,1364,2,0,1,0,1,1,1
21.73,317,1,2,1,0,0,0,0
265.11,1642,1,0,1,0,0,1,0
511.43,606,6,0,0,0,0,0,0
77.25,575,2,0,0,1,0,0,1
111.11,1178,3,0,0,0,0,0,0
81.59,1279,4,1,1,0,0,0,0
113.34,1375,7,3,1,0,0,0,0
59.17,547,2,1,0,0,0,0,0
64.42,835,3,0,0,1,0,0,0
164.96,312,4,1,1,0,0,0,0
696.19,808,6,1,0,0,0,2,0
16.44,765,3,2,0,0,0,0,0
60.11,1693,4,1,2,0,0,0,0
20.48,134,5,1,0,0,0,0,0
327.68,948,5,2,0,0,0,0,0
37.05,1153,5,0,2,0,0,0,1
15.75,436,4,1,0,0,0,0,0
126.24,1304,2,0,0,0,1,0,0
381.58,358,3,0,0,0,0,0,1
129.49,930,3,1,2,0,0,0,0
81.84,883,7,0,0,0,0,2,0
100.4,252,3,0,0,0,0,0,0
274.47,135,4,1,1,1,0,0,0
27.82,1867,5,1,2,0,0,1,1
59.63,523,3,0,1,0,0,0,0
42.41,804,3,1,1,0,1,0,0
20.74,660,3,0,0,0,1,0,0
48.02,319,1,0,0,0,0,0,0
201.89,80,3,1,0,0,0,1,1
117.52,1215,8,1,1,0,0,0,0
127.02,1477,3,1,0,0,0,0,0
77.21,1368,4,0,1,0,0,0,0
112.54,1054,6,0,0,0,0,0,1
29.95,414,7,0,0,0,0,0,0
48.93,1895,1,1,0,0,1,0,0
80.8,368,3,0,0,0,0,0,0
88.02,1007,4,2,0,0,0,1,0
91.85,1765,4,1,0,0,1,0,0
58.07,993,7,3,0,0,0,0,0
45.72,596,4,1,0,0,0,0,0
1568.34,1526,5,1,1,0,0,0,0
165.14,1686,3,0,1,0,0,0,0
100.8,1897,0,0,0,0,0,0,0
52.81,1018,6,2,0,0,0,0,0
42.47,701,6,0,0,0,1,1,0
58.51,1045,5,1,3,0,0,0,0
89.37,549,3,0,1,0,0,1,1
10.17,246,4,0,2,0,0,0,0
13.88,283,3,1,0,0,0,1,0
35.27,614,7,1,0,0,1,0,0
82.03,931,6,0,1,0,0,0,0
52.5,806,5,0,0,0,0,1,0
292.4,232,9,0,0,0,0,1,0
15.14,316,4,1,0,0,0,0,0
31.46,838,9,1,0,0,0,0,1
304.93,1824,3,0,2,0,0,0,1
76.03,1360,3,0,0,0,0,1,0
161.55,411,4,0,0,0,0,1,0
518.66,245,2,2,0,0,1,0,0
33.32,387,4,2,0,0,0,0,0
60.38,689,1,0,0,1,0,0,1
50.78,1749,9,0,0,0,0,0,0
9.44,358,4,2,0,0,0,0,0
48.89,1022,5,2,0,0,0,0,0
160.94,614,2,1,0,0,0,0,0
114.5,798,4,1,0,0,0,0,0
123.85,22,4,0,0,0,0,0,0
45.81,19,6,1,0,0,0,0,0
34.6,1311,6,3,0,0,0,0,0
237.28,276,3,0,1,0,0,0,0
40.56,659,7,0,0,0,0,0,0
89.49,898,8,0,0,0,0,0,0
78.52,552,6,0,0,0,0,1,0
287.64,679,3,1,0,0,0,1,1
176.16,603,4,0,0,0,0,0,0
18.26,1096,3,1,0,0,1,0,0
20.34,365,4,2,1,0,0,0,0
118.97,1974,5,1,1,0,0,0,1
62.53,795,5,1,0,0,0,0,0
42.3,1359,7,1,2,0,0,0,1
184.13,652,2,1,1,0,1,0,0
80.44,1775,5,0,0,0,1,0,0
70.28,590,3,1,0,0,0,0,0
145.45,199,1,1,0,0,0,0,0
45.83,17,2,1,0,0,0,0,1
320.06,218,7,0,2,0,0,0,0
30.32,741,6,0,1,0,0,0,0
128.63,1876,5,0,0,0,1,1,1
279.73,650,4,1,1,0,0,0,0
16.82,147,3,0,0,0,0,0,0
47.31,1234,2,0,0,0,0,0,0
208.97,670,1,0,0,0,0,0,0
212.14,1438,0,1,0,0,0,0,0
56.18,665,3,1,0,0,0,0,0
31.99,856,5,6,0,0,0,0,1
173.46,330,4,0,0,0,0,0,0
217.79,895,4,2,3,0,0,0,0
20.81,1986,1,0,0,0,0,1,0
20.01,1894,8,0,1,0,0,0,0
83.53,1376,6,0,0,0,0,0,0
125.13,1187,4,1,0,0,0,0,0
49.45,1843,4,0,0,0,0,0,0
131.54,101,1,2,1,0,0,0,0
32.78,327,2,2,0,0,0,0,0
8.05,327,7,0,0,1,0,0,0
43.65,1179,2,2,0,0,0,2,0
71.04,10,5,1,0,0,0,1,1
50.61,353,2,0,0,0,1,0,0
20.93,1963,6,1,1,1,1,0,0
10.85,183,1,1,0,0,0,0,0
39.88,455,7,0,0,0,0,0,0
163.64,1670,3,2,0,0,0,1,0
234.21,6,4,1,0,0,0,1,1
218.7,1357,4,0,0,1,0,0,1
29.49,1968,5,1,1,0,1,0,0
21.04,1357,5,0,0,0,0,0,0
109.58,1282,3,1,0,0,0,0,0
125.85,211,5,1,1,0,0,0,0
99.5,51,7,2,1,1,0,0,0
8.9,1469,3,0,1,0,0,0,0
28.03,1683,1,0,1,0,0,0,0
64.74,1010,5,0,0,0,0,0,1
108.55,377,6,1,2,0,1,0,0
143.64,640,5,0,1,0,0,1,0
77.03,1510,1,2,0,0,0,0,0
92.83,770,6,1,1,0,1,0,0
72.59,1075,2,1,1,0,0,0,0
132.37,154,8,1,0,1,0,0,0
91.18,582,5,1,2,1,0,1,1
71.22,788,2,1,2,0,0,0,0
50.99,791,4,0,0,0,0,0,0
72.33,1334,2,0,0,0,0,0,0
108.27,1423,4,1,1,0,1,0,0
87.14,134,5,0,1,0,0,0,0
97.6,220,6,0,0,0,0,0,0
255.37,163,3,2,0,1,0,1,1
86.94,971,3,0,1,0,0,0,1
34.85,648,1,0,0,0,0,0,0
161.35,569,3,1,0,0,0,0,0
17.01,1526,3,0,0,0,0,0,0
22.61,946,4,1,1,0,0,0,0
93.3,689,3,2,0,0,0,0,0
111.76,115,6,1,0,0,0,0,0
19.2,1523,2,1,0,0,0,0,0
45.48,1496,2,1,0,0,0,0,0
36.38,1173,1,2,1,0,1,0,0
40.99,1265,6,0,1,0,0,0,0
171.33,123,2,0,1,0,0,0,0
135.17,804,1,1,1,0,0,0,0
65.42,839,7,1,0,0,0,1,1
38.63,1093,6,1,0,0,1,0,0
17.29,826,6,2,2,0,0,0,1
275.94,63,1,1,0,0,0,0,0
120.56,733,4,0,0,0,1,0,0
32.9,1040,2,0,0,0,0,2,0
136.95,1414,3,0,0,1,0,0,1
62.16,590,6,2,0,0,0,0,0
50.04,1658,1,1,1,0,0,0,0
103.05,948,5,0,0,1,0,0,0
31.77,1282,4,0,2,0,0,0,0
47.29,217,3,0,0,0,0,0,1
75.3,479,3,0,0,0,1,0,0
40.47,1138,2,0,2,0,0,0,0
130.2,1906,7,4,0,0,0,0,1
432.28,1997,5,0,0,0,1,0,0
31.37,1404,3,1,0,0,0,0,0
12.61,1682,5,0,0,0,0,0,0
9.01,977,3,1,3,0,0,0,0
57.37,237,6,1,0,0,0,0,0
34.36,476,3,2,0,0,1,0,0
82.09,1996,1,0,0,0,0,1,0
76.14,1955,2,0,1,0,1,1,0
13.42,598,7,0,0,0,1,0,0
10.86,1703,7,1,0,0,1,0,1
89.65,129,7,2,0,0,0,1,0
76.36,510,2,1,0,0,0,1,0
43.56,165,1,1,2,0,0,0,0
12.72,277,4,0,0,0,0,0,0
106.85,257,2,1,0,0,0,0,0
237.91,1156,7,1,1,0,0,0,0
88.06,992,5,2,1,0,0,0,0
28.57,570,0,2,0,1,0,0,0
69.72,1281,7,1,1,0,1,1,0
17.01,141,5,0,0,0,0,0,0
192.09,686,6,1,0,0,0,1,0
72.37,687,5,1,1,1,0,0,0
11.38,1233,4,0,1,0,0,1,0
49.37,716,4,1,1,0,0,0,0
105.99,1023,2,1,1,1,1,0,1
47.8,1543,3,2,0,0,0,0,0
50.61,1075,11,1,0,1,0,0,1
19.6,1527,4,0,1,0,0,0,0
117.51,1283,10,3,0,0,1,0,0
34.87,178,8,1,1,0,0,0,0
7.72,922,5,0,0,0,0,0,0
46.0,543,0,0,0,0,0,0,0
177.89,1380,6,0,1,0,0,0,0
45.29,1342,2,0,0,0,1,1,0
379.17,1690,4,1,0,1,0,0,0
102.41,963,4,1,0,0,0,0,0
93.57,364,1,0,1,0,0,0,0
58.65,1079,7,2,0,0,0,0,0
62.28,1180,2,1,1,1,0,0,1
51.24,1068,3,0,0,0,0,0,0
49.29,593,7,0,0,0,0,0,0
113.39,1702,5,0,0,0,1,0,0
26.16,542,5,0,1,0,0,0,0
22.74,322,7,0,0,0,0,0,0
21.69,648,3,0,1,0,0,0,0
515.77,14,5,1,1,1,0,0,1
113.33,1381,8,0,0,0,0,0,0
90.42,1507,4,1,2,0,0,0,1
23.16,618,6,2,0,0,0,0,0
124.38,359,3,0,0,0,1,0,0
59.35,1342,7,1,0,0,0,0,0
82.61,1099,2,1,0,0,0,0,0
25.11,1983,4,1,1,0,0,0,0
78.28,1615,9,1,1,0,0,0,0
43.65,194,5,3,0,0,0,0,0
31.01,363,4,0,0,0,0,0,0
138.95,1120,8,1,0,0,0,0,0
14.33,1064,6,1,0,0,0,1,0
117.3,768,4,1,1,0,1,0,0
132.22,397,6,0,3,0,0,0,1
27.67,107,2,1,0,0,0,0,0
29.36,1041,3,1,1,0,0,0,0
53.36,527,3,1,0,1,0,0,0
88.41,1953,2,0,0,0,0,0,0
57.23,1011,2,0,0,0,0,0,0
102.88,784,5,0,1,0,0,0,0
388.77,1523,7,2,0,1,0,0,1
40.14,525,3,1,0,0,0,0,0
12.0,1783,2,0,1,0,0,1,0
152.31,1750,6,1,2,0,0,0,1
359.0,1687,2,1,0,1,0,0,1
98.77,1828,3,1,0,0,0,0,0
22.47,1067,6,0,0,0,0,0,0
58.92,1970,4,3,0,0,1,0,1
21.79,626,5,0,1,0,0,0,0
126.83,1866,4,0,1,0,1,0,0
17.27,1617,4,0,0,0,0,0,1
49.4,350,4,1,0,0,0,0,0
24.43,1677,9,0,1,0,0,0,0
75.7,1054,3,0,0,0,0,0,0
46.23,1465,6,0,0,0,0,0,0
79.58,1006,4,1,1,0,0,0,0
68.19,542,6,1,0,0,0,0,0
24.86,1479,8,0,1,0,0,0,0
124.82,1802,2,2,1,0,0,0,0
63.51,1635,5,0,1,0,0,0,0
24.82,962,3,1,1,0,0,0,0
626.99,94,2,0,2,0,0,0,0
107.39,1747,4,1,0,0,0,0,0
57.21,1319,3,1,0,0,0,0,0
274.57,1573,3,0,0,0,0,0,0
420.66,899,2,1,0,0,0,1,1
57.67,89,3,1,0,0,0,0,0
94.39,1954,5,1,1,0,0,0,0
24.83,503,7,4,0,0,1,0,1
57.56,767,7,1,0,0,0,0,0
54.65,214,5,3,0,0,0,0,0
80.22,1446,4,0,0,0,0,0,0
93.01,526,2,0,0,0,0,0,0
116.73,192,3,0,0,0,0,0,0
84.58,1831,4,0,1,0,0,1,0
19.87,694,2,2,0,0,0,0,0
26.09,642,1,1,0,0,1,0,0
38.61,1248,5,1,1,0,0,0,0
50.29,555,3,1,1,0,0,0,0
190.71,1717,7,0,1,0,0,0,0
20.84,387,2,1,0,0,0,0,0
46.65,681,4,0,0,0,0,0,0
172.95,776,5,0,0,0,0,1,1
49.41,1498,2,0,1,0,1,0,0
105.68,1632,4,1,1,0,0,0,0
58.0,203,2,0,0,0,1,0,0
86.21,1010,3,0,0,0,0,0,0
53.07,447,5,0,0,1,0,0,1
129.94,1857,6,1,0,1,0,0,0
14.22,1871,4,1,3,0,0,0,0
46.37,900,1,0,1,0,0,0,0
89.71,1092,5,1,0,0,0,0,0
113.71,1116,5,0,0,0,0,0,0
296.77,778,4,0,0,0,0,0,0
45.1,1867,4,0,0,0,0,0,0
292.8,178,6,0,2,0,0,0,0
34.5,1687,5,1,1,0,0,0,0
251.8,829,7,2,0,0,0,1,0
151.03,559,5,3,0,1,1,0,1
26.75,1027,3,0,0,0,0,0,0
90.65,103,0,2,0,0,0,1,1
63.36,1297,4,0,1,0,0,1,0
124.66,1558,1,0,0,0,0,0,0
53.34,116,3,0,1,0,0,1,0
49.05,859,5,1,0,1,0,0,0
262.2,1936,2,1,0,0,0,2,0
60.42,464,10,1,0,1,0,0,0
152.39,104,4,1,1,0,0,0,0
53.23,259,5,1,1,0,1,0,0
353.07,1332,4,1,0,0,0,1,0
33.84,1391,1,4,3,0,0,0,0
36.08,929,3,0,1,0,0,0,0
306.29,810,4,1,1,0,1,0,0
42.74,642,4,2,0,0,0,0,0
330.65,807,4,0,0,0,1,0,0
162.69,1023,5,0,0,0,0,0,0
57.13,1326,1,0,0,0,0,0,1
10.88,560,4,0,1,0,0,0,0
65.41,27,4,1,0,0,1,1,0
73.82,508,9,1,2,0,0,0,0
214.27,527,4,1,0,0,0,0,0
326.51,775,7,1,0,0,0,0,0
33.62,1389,3,0,0,0,0,0,0
148.59,953,9,1,0,0,0,0,0
143.37,298,5,0,1,0,0,0,0
195.08,777,5,0,1,0,0,0,0
109.8,361,2,0,0,0,0,2,0
9.56,1670,5,2,1,0,0,1,0
57.09,504,8,2,0,0,1,1,0
21.0,1977,7,1,0,0,0,0,0
54.46,588,5,1,1,0,0,0,0
177.68,30,4,0,0,0,0,0,0
90.48,1463,4,0,1,0,0,0,1
210.21,1364,4,0,0,0,0,0,0
93.86,126,8,0,0,0,0,0,0
18.2,596,4,2,0,0,0,0,0
5.36,1590,6,0,1,0,0,0,0
77.39,1390,3,0,0,0,0,0,0
53.84,1819,3,1,0,0,0,0,0
25.1,1876,5,1,0,0,0,0,0
12.17,1467,4,0,1,0,0,0,0
31.98,263,3,1,0,0,0,0,1
54.9,936,1,1,2,0,1,0,0
129.78,872,0,1,0,0,0,0,0
80.53,1246,7,1,1,0,1,0,1
332.97,1864,2,0,0,0,0,0,0
23.67,2,2,0,2,0,0,0,0
160.94,1934,2,1,1,0,0,1,1
69.92,394,4,0,2,1,0,0,1
133.58,306,6,2,0,1,1,1,1
43.1,1170,4,1,1,0,0,0,0
194.74,530,5,1,0,0,0,0,0
89.59,528,3,2,0,0,0,0,0
33.8,1332,1,0,0,1,0,0,0
65.89,965,5,1,0,0,0,0,0
52.48,1972,4,3,0,0,0,0,0
108.76,671,1,1,0,0,0,0,0
20.5,1364,9,1,0,1,0,0,0
64.76,1943,3,0,1,0,0,0,0
99.02,352,1,0,0,0,0,0,0
68.93,810,4,1,1,0,1,0,0
256.45,209,2,1,0,0,0,0,0
144.61,958,6,0,0,0,0,0,0
66.19,205,3,0,2,0,0,0,0
82.82,625,1,0,1,0,0,1,0
89.63,1714,5,0,0,0,0,0,0
99.81,1997,3,1,1,0,0,1,1
10.74,721,3,0,0,0,0,0,0
49.33,636,1,1,1,1,0,0,0
15.11,1039,8,0,0,0,0,1,0
239.43,858,5,0,0,0,1,0,0
62.75,1452,3,2,0,0,0,0,0
54.96,476,4,0,0,0,0,1,0
163.5,298,3,3,1,0,0,0,1
101.73,557,2,1,0,1,0,0,0
21.57,1118,4,1,0,0,0,0,0
62.12,107,6,0,0,0,0,0,0
47.7,1443,6,1,0,0,1,0,1
11.65,1302,7,1,0,0,0,0,0
33.44,128,3,1,1,0,0,0,0
55.5,1994,6,2,0,0,1,0,0
59.44,459,8,1,1,0,0,0,0
15.15,38,0,0,0,0,1,0,0
210.96,1633,6,0,2,0,1,0,1
60.21,198,4,2,0,0,0,0,0
69.24,1728,7,1,0,0,0,0,0
99.55,357,4,2,0,0,0,0,0
30.32,7,3,1,1,0,0,0,0
105.25,1580,5,3,0,0,0,0,1
46.2,1356,2,0,1,0,1,1,0
27.21,519,1,2,1,0,0,0,0
118.33,194,1,0,0,0,1,0,0
296.39,316,7,1,2,1,0,0,1
137.67,1025,2,2,2,0,0,0,1
167.83,1086,5,0,1,0,0,0,0
39.62,343,9,1,0,0,0,0,0
13.5,601,4,3,0,0,0,0,1
295.93,1042,3,1,1,0,1,0,0
520.36,620,4,0,0,0,1,0,1
311.94,1671,7,0,0,0,0,2,0
47.67,1395,4,0,0,0,0,0,0
21.02,822,3,1,0,0,0,0,0
22.97,1603,2,0,1,0,0,0,0
12.38,1629,4,0,1,0,0,1,0
59.9,1674,5,1,1,0,0,0,0
332.18,1725,4,3,0,0,1,0,0
57.88,1595,2,0,0,0,0,0,0
90.23,1723,4,1,0,0,0,0,0
263.91,235,7,0,0,0,0,0,0
44.52,1093,3,2,0,1,0,1,0
510.57,447,5,2,0,0,0,0,0
488.87,610,5,1,2,0,0,0,0
58.49,8,2,2,0,0,0,0,0
37.43,462,5,0,1,0,1,0,0
133.92,1000,4,1,0,0,0,0,0
47.11,1335,6,1,1,0,1,0,0
20.98,134,7,1,1,0,1,0,1
240.14,385,1,0,2,0,0,0,0
225.08,56,5,1,1,0,1,0,0
77.91,993,1,0,1,0,0,0,0
18.86,1384,4,2,0,0,0,0,0
19.5,1995,8,3,0,0,0,0,0
74.23,1138,5,0,0,0,0,2,0
40.45,1112,6,2,0,0,0,0,0
47.41,138,5,2,0,1,0,1,0
185.3,1132,1,1,0,0,0,0,0
138.82,1524,6,0,0,0,1,0,0
264.58,535,1,0,0,0,0,0,0
24.76,144,1,1,1,0,0,0,0
47.31,869,4,0,0,0,0,0,0
142.45,656,6,2,0,0,0,1,0
104.38,56,7,0,0,0,1,0,0
308.7,620,4,0,0,0,1,0,1
101.55,1887,6,0,1,0,0,2,1
423.31,1030,3,0,0,0,1,0,0
114.44,542,2,2,2,0,0,0,0
192.9,447,2,0,0,0,0,1,1
48.25,1409,2,0,0,0,0,0,0
67.65,1331,6,2,1,0,0,1,0
165.83,874,2,0,1,0,1,0,0
334.61,1881,2,2,1,0,0,0,0
138.27,639,7,1,0,0,0,0,0
61.36,1326,1,0,0,0,0,0,0
264.37,1657,1,1,0,0,0,0,0
7.45,1429,1,2,0,0,0,0,0
16.08,611,5,0,0,0,0,0,0
131.85,1702,5,2,0,0,1,0,0
67.63,837,8,1,0,0,0,0,0
122.18,1855,3,2,1,0,0,0,0
71.12,1777,7,1,2,0,0,0,0
118.03,1586,3,3,0,0,0,0,0
29.54,780,4,1,1,0,0,0,0
117.98,837,0,2,1,0,1,0,0
180.26,510,2,1,0,0,0,0,1
226.0,1097,4,0,0,0,1,0,0
499.47,812,5,1,0,0,1,0,0
85.12,564,6,0,0,0,0,0,0
87.7,265,5,0,3,0,0,0,0
14.54,1251,4,0,0,0,0,0,0
39.2,1217,5,0,0,0,0,0,1
54.98,1398,2,1,0,0,0,0,0
190.63,1775,7,2,2,0,0,0,0
36.2,10,4,1,2,0,0,0,0
147.87,302,4,1,0,0,0,0,0
66.58,1383,5,2,0,0,0,0,0
55.86,1764,5,0,0,0,0,0,0
85.53,1978,1,1,0,0,0,0,0
45.1,805,1,0,1,1,0,0,0
43.42,1076,1,0,1,0,0,0,0
12.12,1776,5,0,0,0,0,0,0
52.04,99,1,1,1,0,0,0,0
41.27,593,6,0,0,0,0,0,0
39.81,1037,5,0,1,0,0,0,0
101.18,1414,6,1,0,0,0,0,0
128.85,1978,7,3,1,0,0,0,0
84.12,357,6,1,1,0,1,0,0
180.44,1664,6,2,0,0,0,1,0
118.58,1840,8,0,2,0,0,0,0
49.65,928,7,1,3,0,1,0,0
41.98,11,8,0,0,1,0,0,0
91.18,81,2,1,0,1,0,0,0
118.36,1285,4,0,0,0,0,0,0
269.84,6,4,1,0,0,0,0,0
219.46,1482,2,1,1,0,0,0,0
38.8,373,3,0,0,0,1,0,0
60.22,481,4,0,0,0,1,0,0
130.45,222,3,0,1,0,0,0,0
194.03,1941,2,1,0,0,0,0,0
170.54,1834,3,0,0,0,0,0,0
62.56,1105,0,0,0,0,0,1,1
19.03,1947,4,1,1,0,0,0,0
24.56,515,3,2,0,0,1,0,0
87.59,1084,5,0,0,0,0,0,0
93.9,221,4,0,0,0,0,0,0
22.23,1986,2,1,0,1,0,1,1
69.73,349,3,1,1,0,0,0,0
125.36,1585,2,1,0,0,1,0,0
21.09,228,6,1,0,0,0,0,0
201.34,290,4,0,0,0,0,0,0
45.72,293,7,3,0,0,0,0,0
234.54,810,8,1,1,0,0,0,0
39.12,1217,4,0,0,1,0,0,0
23.89,956,5,0,1,0,0,0,0
42.18,1498,2,1,1,0,0,0,0
60.63,1281,8,0,1,0,0,1,0
45.22,1979,3,0,1,0,0,1,0
53.73,1530,4,1,0,0,0,0,0
93.13,388,8,0,0,0,1,0,1
56.19,615,6,0,0,0,0,0,0
62.42,1422,2,0,1,0,0,0,0
12.07,366,2,1,1,0,0,0,0
98.66,658,6,0,1,0,0,0,0
61.0,290,5,0,1,0,0,0,0
333.72,1793,7,0,0,0,0,0,0
26.06,1333,2,1,1,0,0,0,0
10.93,1302,2,0,0,0,0,0,0
123.73,1488,3,1,0,0,0,0,0
94.3,189,5,1,0,0,1,0,0
24.33,918,5,1,1,0,0,0,0
14.44,1202,3,0,1,0,0,0,0
310.26,1552,1,1,0,0,1,0,0
274.27,924,5,1,0,0,0,0,0
5.54,988,1,0,0,1,0,0,0
42.17,375,3,2,0,0,0,0,0
352.2,1622,1,0,0,0,0,0,1
41.43,760,2,1,1,0,0,0,0
40.83,1478,2,1,0,0,0,0,0
50.26,217,5,1,0,0,1,0,0
21.74,1066,3,0,0,0,0,0,0
12.12,194,4,0,1,0,0,1,0
191.05,1351,8,1,2,0,0,1,1
10.56,1397,2,1,1,1,1,0,1
85.39,1489,6,1,0,0,1,0,0
161.84,163,3,0,0,1,0,0,0
15.62,276,5,2,0,0,1,0,0
26.46,364,8,1,0,1,1,1,1
224.34,1666,3,1,0,0,0,1,0
113.62,775,7,0,0,0,0,0,0
35.97,480,5,0,2,0,0,1,1
221.9,689,5,0,1,0,0,0,0
222.86,460,7,0,2,0,0,0,0
87.27,1289,5,1,0,0,0,0,0
27.11,539,6,0,1,0,0,1,1
44.1,974,3,1,0,0,0,0,0
88.8,1410,3,0,1,0,1,0,0
55.22,85,3,0,1,0,0,0,0
170.54,1732,2,1,0,0,0,0,1
14.44,1340,10,2,1,1,1,0,1
14.97,243,4,1,0,0,0,0,0
79.91,1493,3,1,1,1,0,0,0
40.79,880,3,0,0,0,0,0,0
35.62,1366,4,0,1,0,1,0,0
11.38,1201,6,1,0,0,0,1,0
68.0,1154,3,0,0,0,0,0,0
63.26,657,3,0,1,0,0,0,0
128.19,1107,3,2,0,1,0,0,0
71.44,1384,4,0,1,0,0,0,0
58.4,88,2,0,1,0,0,0,0
216.37,1556,2,0,0,0,0,0,0
17.95,742,6,0,0,0,0,0,0
114.02,1996,4,0,0,0,0,0,0
12.54,985,1,1,0,0,0,0,0
28.84,1662,7,0,0,0,0,0,0
19.83,471,3,0,1,0,0,0,0
145.76,1522,2,1,0,0,0,0,0
62.46,1531,4,0,1,0,0,0,0
65.79,1378,4,0,2,0,0,0,0
22.05,416,5,0,0,0,0,0,0
49.42,1075,4,1,0,0,0,0,0
31.08,1624,3,0,0,0,0,0,0
97.85,682,7,1,0,0,1,0,0
24.75,1087,2,4,1,0,0,0,0
252.09,1113,8,0,2,0,0,0,0
12.48,1725,5,2,0,0,0,0,0
29.77,1214,8,0,0,0,0,0,0
356.81,899,6,1,0,0,1,0,1
43.16,601,9,0,1,0,0,0,0
17.91,1372,4,1,1,0,0,0,0
83.02,1868,7,1,0,1,1,1,1
41.45,1562,4,3,0,0,0,0,0
28.91,1200,1,2,0,0,0,0,0
22.29,1388,3,1,0,0,0,0,0
1062.49,776,4,1,0,0,0,0,0
51.85,901,6,0,1,0,0,0,0
9.72,1931,1,0,0,1,0,1,1
296.99,1578,8,0,1,0,0,0,0
122.86,483,3,2,2,0,0,0,1
30.99,1143,3,1,0,0,0,0,0
26.23,169,3,0,1,0,0,0,0
130.77,1644,3,0,0,0,1,0,0
52.1,147,5,0,0,0,0,0,0
9.72,1712,2,0,4,0,0,1,0
398.31,1461,5,0,0,0,0,0,0
43.21,439,2,2,0,0,0,0,0
297.55,888,4,0,2,0,1,0,0
239.47,1213,5,0,1,0,0,0,0
24.51,160,3,0,0,0,0,0,0
187.39,814,3,1,0,0,0,0,0
34.76,1884,4,0,0,0,0,0,0
10.31,1956,5,1,1,0,0,0,0
43.62,402,6,0,0,0,0,0,0
99.25,586,4,0,0,0,0,0,0
41.98,864,3,0,0,0,0,0,0
49.06,1042,3,1,1,0,0,2,0
209.26,140,5,1,0,0,0,0,0
74.18,1139,7,1,1,0,0,0,0
28.69,328,6,0,1,0,1,0,0
134.56,225,3,1,1,0,0,0,0
81.26,558,7,1,0,0,1,0,1
5.36,439,2,1,0,0,0,0,0
102.35,1574,5,1,0,0,1,0,0
98.67,1742,7,0,0,0,0,0,0
68.04,386,2,1,0,0,0,0,0
162.67,521,4,0,0,0,0,0,0
34.04,1277,4,0,0,0,0,1,0
93.36,620,4,0,0,0,0,0,0
13.92,1925,8,0,0,0,0,0,0
100.19,1122,2,1,1,0,0,0,0
470.15,787,4,0,0,0,1,0,0
24.66,1095,4,0,1,0,0,0,0
31.19,551,8,0,0,1,0,1,0
32.79,1834,6,4,0,0,0,0,0
75.94,1937,5,0,0,0,0,0,0
23.03,447,3,1,1,0,0,0,0
101.62,1114,4,1,0,0,0,0,0
155.53,1454,4,1,0,1,0,0,0
113.79,1243,5,0,0,0,0,0,0
11.38,107,5,1,0,1,0,1,0
180.4,1500,6,1,0,0,0,0,0
170.27,916,6,2,0,0,1,0,0
152.96,1478,3,0,1,0,0,0,0
96.82,904,1,1,0,0,0,0,0
83.11,1632,1,0,0,0,0,0,1
187.24,1939,10,0,0,0,1,0,0
456.47,544,7,1,0,0,0,0,0
25.71,1150,3,1,0,0,0,0,0
196.0,1171,1,1,1,0,0,0,0
61.18,280,5,0,1,0,0,0,0
58.58,24,4,1,0,0,0,0,1
14.35,952,3,1,1,0,0,0,0
50.16,1745,2,0,1,0,0,0,0
24.6,120,3,1,1,0,0,0,1
41.94,1810,5,0,0,0,0,0,0
22.24,1676,7,2,2,0,0,0,0
42.57,1321,3,0,1,0,0,0,0
44.43,855,5,1,1,0,0,0,0
73.46,1016,2,1,0,0,0,0,0
13.27,944,4,0,0,0,0,0,0
15.71,1106,3,0,1,0,0,0,0
95.77,448,6,0,1,0,0,0,0
30.04,1936,5,0,0,0,0,1,0
195.3,1744,3,0,1,0,0,0,0
83.54,996,5,0,1,0,0,0,0
122.33,1943,3,0,1,0,0,1,1
273.33,1494,4,2,1,0,1,0,0
48.93,1447,5,1,0,0,0,0,0
37.54,1569,3,1,1,0,0,1,0
159.45,1048,1,2,1,0,0,0,0
111.0,1085,5,1,0,0,0,0,0
55.29,1847,6,2,0,0,0,0,0
268.13,1725,5,1,1,0,0,0,0
53.93,84,4,1,0,0,0,0,0
68.91,225,4,0,0,0,0,0,0
68.12,1704,3,0,0,1,0,0,0
26.19,186,5,0,0,0,1,1,1
72.07,375,6,1,1,0,1,0,0
269.55,72,2,2,0,0,0,1,0
104.06,74,3,2,2,0,0,0,0
68.79,1921,5,0,2,0,1,0,0
56.73,1365,3,0,0,0,0,0,0
92.84,153,4,0,0,0,0,0,0
141.14,96,6,1,0,0,0,0,0
122.64,1589,3,0,0,0,0,0,0
47.85,445,7,0,0,0,0,0,0
92.28,1710,7,2,0,0,0,0,0
107.76,1134,2,1,1,0,0,0,0
24.36,1482,4,1,0,0,0,0,0
78.9,828,0,1,0,0,0,0,0
7.68,1075,4,0,0,1,0,0,1
108.04,377,1,1,0,0,0,0,0
129.07,765,1,1,0,0,0,0,0
140.83,1097,5,0,1,0,1,0,0
44.92,212,4,2,0,0,0,0,0
90.84,1456,5,1,1,0,0,0,0
276.98,724,4,0,0,0,0,0,0
274.18,1787,3,1,1,0,0,0,0
64.77,1192,4,1,1,0,0,0,0
76.66,775,6,2,2,0,0,0,0
202.53,331,7,1,1,0,0,0,0
14.87,1766,7,0,1,0,0,0,0
48.28,751,9,0,0,1,0,0,1
253.55,1811,5,1,0,0,0,0,0
176.83,1518,5,0,0,1,0,0,0
96.47,1167,6,2,2,0,0,0,0
14.79,1606,1,2,2,0,0,0,0
63.44,1469,3,1,0,1,0,0,1
36.97,824,4,3,0,0,1,0,1
92.85,394,4,1,1,0,0,0,0
29.69,512,5,1,1,0,0,0,0
23.91,686,3,1,0,0,0,0,0
8.46,1872,1,1,0,0,0,0,0
226.29,621,1,0,0,0,0,0,0
44.71,1739,3,0,3,0,0,0,0
78.03,1721,3,0,1,0,0,0,0
66.54,1827,2,0,2,0,0,0,0
22.93,1352,1,1,1,0,0,0,0
18.93,604,9,1,0,0,0,0,0
24.4,1283,3,1,0,1,0,1,1
32.36,1858,3,1,0,0,0,0,0
96.22,1461,5,2,0,0,0,0,1
30.09,718,3,0,1,0,1,0,0
382.41,1588,7,0,1,0,0,1,1
186.26,349,7,4,1,0,0,0,0
149.66,1717,7,0,0,0,0,0,0
59.17,1974,3,0,0,0,0,0,0
303.17,1839,4,1,1,0,0,0,0
53.62,515,7,2,0,0,0,0,0
64.63,1473,2,1,1,0,0,0,0
79.04,399,3,0,0,0,0,0,0
134.53,1620,5,0,0,0,0,0,0
126.08,214,2,2,1,0,1,1,0
41.47,1570,5,1,0,0,1,0,0
39.13,562,9,3,0,0,0,0,0
126.46,1313,2,2,1,0,0,0,0
136.35,1865,5,2,1,0,0,0,0
45.0,1283,3,1,0,0,0,0,0
13.64,258,11,0,3,0,0,0,0
54.2,1412,4,0,0,0,0,0,0
124.4,1808,4,0,1,0,0,0,0
405.62,694,3,2,0,1,0,0,0
20.13,1569,3,0,0,1,0,0,1
43.53,1289,2,0,0,0,0,0,1
45.18,1337,2,0,0,0,0,0,0
258.74,1064,5,1,1,0,1,0,0
64.4,998,1,2,0,0,0,0,0
26.91,820,5,0,0,0,0,0,0
116.59,210,5,0,0,0,1,0,0
44.49,272,3,0,1,0,0,0,0
19.6,1160,4,2,0,0,0,0,0
27.31,599,4,2,0,0,0,0,0
377.68,1084,6,0,1,0,0,1,0
97.93,1534,3,0,0,0,0,0,0
74.27,1700,7,1,0,0,0,0,0
51.94,1539,8,3,0,0,0,1,0
89.31,1039,3,2,2,0,0,0,0
88.26,1638,6,1,2,0,0,0,0
89.31,1023,2,0,0,0,0,0,0
74.8,255,5,3,0,0,0,0,0
158.98,737,8,1,0,0,0,0,0
68.25,722,4,1,0,0,0,0,1
25.08,535,6,0,1,0,1,0,0
36.15,1259,5,1,0,0,0,0,0
9.22,1155,3,0,1,0,0,0,0
506.14,1694,3,1,2,0,0,0,0
158.03,1709,4,0,1,0,0,0,0
29.08,1024,2,1,1,0,0,0,0
50.31,17,6,0,1,0,1,0,0
35.27,882,5,3,1,0,0,0,0
311.86,954,5,0,1,0,1,0,0
16.12,826,3,1,1,0,0,1,1
74.77,992,5,1,1,0,0,0,0
59.83,878,5,1,0,0,0,0,0
152.45,185,1,2,0,0,0,0,0
60.1,1415,4,1,0,0,0,0,0
11.49,1447,6,0,0,0,0,0,0
51.88,1870,6,0,1,0,0,0,0
25.23,1466,6,0,0,0,0,1,1
72.21,1720,6,0,0,0,1,1,0
279.83,1679,1,1,0,0,0,0,1
11.71,1580,7,1,0,0,0,0,0
29.96,1036,6,0,1,0,0,0,0
38.37,1544,1,2,0,0,0,2,0
45.53,80,3,0,0,0,0,0,0
139.79,809,4,0,0,0,0,0,0
56.06,1698,3,3,0,0,1,0,0
101.07,302,1,2,0,0,0,0,1
35.67,1240,5,0,0,0,1,0,1
83.93,1272,2,0,1,0,0,0,0
145.15,1565,5,0,0,0,0,0,0
32.06,1296,2,2,0,0,0,0,0
145.67,133,5,3,1,0,1,0,1
70.27,1029,1,0,1,0,0,0,0
189.7,756,5,1,1,0,0,0,0
54.52,1566,4,4,1,0,1,0,0
97.64,629,4,1,1,0,0,0,0
64.03,1714,6,0,0,0,0,0,0
60.57,1010,5,1,1,0,0,0,0
86.4,773,7,1,0,0,0,0,0
114.07,1771,8,0,1,0,0,0,0
19.11,141,5,1,0,1,0,1,1
279.68,483,1,1,1,0,0,0,0
10.38,1329,2,2,0,0,0,2,0
33.62,345,5,0,0,0,0,0,0
60.69,1586,1,2,0,0,0,0,0
100.72,1294,4,0,0,0,1,0,0
322.52,1132,2,0,0,0,0,0,0
10.4,1582,3,1,0,0,0,0,0
40.14,474,0,1,0,0,1,0,0
7.95,1106,3,0,0,0,0,0,0
68.83,1662,4,0,0,0,0,1,0
87.5,1108,2,1,0,0,1,0,0
327.27,1314,6,0,0,0,0,0,0
75.24,1095,7,1,0,0,0,0,0
189.43,175,4,0,1,0,0,0,0
119.56,1852,3,0,1,0,0,0,0
43.15,842,3,1,0,0,1,1,0
16.3,1487,7,1,2,0,0,0,0
87.79,1873,1,3,0,0,0,1,1
15.0,1419,3,0,0,0,0,0,0
243.52,866,3,3,0,0,0,1,1
56.71,1115,4,1,0,0,0,0,0
220.34,469,3,0,0,0,0,0,0
41.26,1887,4,0,0,0,0,0,0
87.26,1458,6,0,1,0,0,0,0
82.22,1273,5,1,0,0,0,0,0
63.75,644,4,1,0,0,0,0,0
43.26,681,5,0,0,0,0,0,0
98.74,955,5,0,0,0,0,0,0
26.41,1596,6,1,0,0,1,0,0
19.9,1905,8,0,0,0,1,0,0
231.09,849,2,2,1,0,0,0,0
137.99,241,0,1,0,0,0,0,0
71.23,702,2,1,1,0,1,0,1
352.53,1520,5,1,1,0,1,0,0
51.02,340,6,2,0,1,1,0,1
250.31,793,3,0,0,0,0,0,0
79.49,744,4,2,1,0,0,0,0
23.93,1495,7,0,1,0,0,0,0
423.28,463,6,2,0,0,0,0,0
179.6,801,0,1,2,0,0,0,1
59.09,1299,3,3,0,0,0,0,0
137.99,1849,3,2,0,1,0,1,1
44.54,15,8,0,3,0,0,0,0
152.8,1065,5,0,1,0,1,0,0
6.1,1989,6,1,1,0,0,0,0
24.05,208,3,1,0,0,0,0,0
177.55,1084,5,2,2,0,0,0,0
51.95,365,8,2,0,0,0,0,0
82.07,1264,3,0,1,0,0,0,0
17.34,608,5,0,0,0,1,0,0
423.21,1814,2,1,1,1,0,0,1
219.32,1963,3,0,0,0,1,0,0
54.56,160,2,1,0,0,1,0,0
44.49,397,2,0,1,0,0,0,0
186.72,1958,4,0,1,0,0,0,0
484.19,794,2,2,0,0,0,0,0
173.08,500,4,0,1,0,0,1,0
585.11,209,4,2,1,0,0,0,0
26.51,1157,1,1,0,0,0,0,0
29.39,1405,4,0,1,0,0,0,0
20.31,433,5,1,0,0,0,0,0
103.73,609,6,1,0,0,0,0,0
79.49,1755,5,1,0,0,0,0,0
57.29,389,3,0,0,0,1,0,0
149.79,997,4,2,0,0,0,1,0
228.68,583,2,0,0,0,0,1,1
14.5,432,1,0,1,0,0,0,1
36.71,1298,3,1,0,0,1,0,0
151.43,351,7,0,0,1,0,0,0
41.77,134,6,1,0,0,0,0,0
30.02,1090,2,0,0,0,0,1,1
184.66,639,1,2,0,1,0,0,0
18.37,1229,4,1,0,0,0,0,0
49.32,1322,5,0,1,0,0,0,0
92.63,117,1,0,0,0,0,0,0
37.57,1972,0,1,0,0,0,0,0
145.93,1291,2,2,1,0,0,0,0
37.76,1818,5,1,0,0,0,0,0
272.77,149,3,0,1,0,0,0,0
58.81,1218,7,1,0,0,1,0,0
130.49,1704,6,0,0,0,1,0,0
140.61,1848,3,1,0,0,0,0,0
35.6,1910,3,1,0,0,0,0,0
8.55,179,5,2,0,0,0,2,0
95.66,148,4,0,0,0,0,0,0
71.69,465,3,2,0,0,0,0,0
116.26,976,5,1,0,0,0,0,0
53.17,569,6,1,0,0,0,0,0
43.36,1029,2,1,2,0,0,0,0
496.94,526,7,1,1,0,1,1,0
15.3,280,3,0,1,0,0,0,0
138.93,499,6,1,0,0,0,0,0
37.54,836,5,0,0,0,0,0,0
47.67,436,3,2,0,0,0,0,0
48.56,816,4,0,0,0,0,0,0
29.86,1240,7,2,1,0,0,0,0
118.06,687,3,1,0,0,0,0,0
267.91,828,1,0,1,0,0,0,0
106.7,969,2,1,0,0,0,0,0
73.95,1539,1,0,2,0,0,1,1
24.87,1911,4,1,1,0,0,0,0
111.81,1161,3,1,2,0,0,0,0
576.14,612,7,0,1,1,0,0,0
45.57,595,2,0,0,0,0,0,0
45.79,1304,4,0,1,0,0,0,0
38.05,132,4,1,0,1,0,0,0
40.88,393,6,2,1,1,0,0,0
4.28,481,8,1,1,0,0,0,0
99.99,1537,4,0,0,0,0,0,0
28.63,628,2,2,0,0,0,1,0
13.33,419,6,2,0,0,1,0,0
141.63,1226,3,1,0,0,0,0,0
22.6,652,3,0,1,1,0,0,0
47.53,658,2,0,3,0,1,0,0
289.0,462,3,0,0,0,0,0,0
16.29,1802,6,1,0,0,0,0,0
14.4,1226,11,0,2,0,0,1,0
87.3,1938,3,1,1,0,0,0,0
210.5,152,3,1,1,0,0,0,0
13.81,1921,2,1,2,0,0,0,0
100.25,222,4,0,0,0,0,0,0
119.22,79,2,0,0,0,0,0,0
8.51,1224,5,0,0,1,1,0,0
148.19,1786,3,0,0,1,0,0,0
160.23,99,5,1,1,0,0,0,0
48.82,912,4,0,0,1,1,0,0
233.3,213,3,0,0,0,0,0,0
207.77,1167,5,0,0,0,0,1,0
73.93,702,2,3,0,0,1,0,1
42.46,1413,6,0,0,0,0,0,0
25.21,1837,3,1,1,0,0,0,0
64.23,1398,5,0,1,0,0,0,0
117.89,1076,6,1,0,0,0,0,0
48.22,967,2,1,1,0,0,0,0
7.41,1648,3,1,2,0,0,0,0
237.15,135,6,2,0,1,0,0,0
80.66,411,2,2,1,0,0,0,0
45.62,1494,2,1,0,0,0,0,0
157.14,1136,5,0,0,1,0,0,0
306.32,1549,2,1,0,0,0,0,0
4.05,785,8,0,1,0,0,0,0
102.95,1769,8,0,1,0,1,0,0
16.01,1068,6,0,0,0,1,0,1
109.85,1421,4,1,0,0,0,0,0
75.79,1609,4,0,0,0,0,1,1
125.93,261,2,2,0,0,0,0,0
40.48,743,5,1,0,0,0,0,0
10.24,545,4,0,1,0,0,0,0
42.51,388,5,1,0,0,0,0,0
100.17,1500,6,1,0,0,0,0,0
184.08,1434,5,2,2,0,0,0,0
20.66,1604,4,2,0,0,0,0,0
186.24,16,2,2,1,0,0,0,0
34.89,662,3,2,0,0,0,0,0
95.82,1828,8,3,1,0,0,0,0
40.05,102,4,0,0,0,0,0,0
80.01,1210,2,1,0,0,0,0,0
162.7,951,4,1,1,0,0,0,0
19.55,931,3,1,0,0,0,0,0
33.79,25,7,0,1,0,0,0,0
80.24,1096,4,2,0,1,0,0,0
736.26,1617,6,0,0,0,0,0,0
28.13,1597,1,1,2,0,0,0,0
512.93,18,5,0,0,0,1,0,0
494.93,1778,2,3,0,0,0,0,1
60.5,570,5,0,0,0,0,0,0
49.49,1017,4,0,0,0,0,1,0
33.38,1356,4,0,1,0,0,0,0
62.29,1913,3,1,0,1,0,0,0
16.33,1593,5,0,0,0,0,0,0
61.79,1121,7,3,0,0,0,0,0
297.94,1751,4,0,0,0,1,0,0
36.19,831,3,1,1,0,0,0,0
52.42,1036,3,0,0,0,0,0,0
12.17,1035,2,1,1,0,0,0,0
96.94,1933,2,0,1,0,0,0,0
86.88,163,1,0,0,0,1,0,0
71.07,1307,3,0,0,0,0,0,0
53.69,1753,3,1,0,0,0,0,0
49.76,872,3,0,1,0,1,0,1
110.16,835,4,2,1,0,0,0,0
64.79,1265,6,0,2,0,0,0,0
91.37,857,5,1,1,0,0,0,1
82.68,1069,2,1,2,0,0,0,0
205.09,970,6,1,1,0,0,0,1
131.24,593,5,0,1,0,0,0,0
80.87,255,1,1,1,0,0,0,0
304.42,67,4,1,2,0,0,0,0
101.52,918,2,1,0,0,0,0,0
245.91,614,7,0,0,0,1,0,0
122.36,974,6,0,1,0,0,0,0
10.57,603,2,1,0,0,0,0,0
245.88,1066,10,0,0,0,0,0,0
76.34,1812,4,0,3,0,0,0,0
63.31,1840,3,3,0,0,0,0,0
88.35,1810,6,0,0,0,0,1,0
47.23,384,4,1,1,0,0,0,0
83.68,1613,2,0,0,0,0,0,0
36.9,1258,4,0,1,0,0,0,0
238.48,966,3,0,0,0,0,1,0
59.53,1738,3,1,0,0,0,0,0
45.49,485,1,2,1,0,0,0,0
26.45,1757,0,1,0,0,0,0,0
87.25,1798,5,1,0,1,0,1,1
80.41,39,9,3,0,0,0,0,0
98.34,11,5,0,1,0,0,0,0
23.87,624,3,0,2,0,0,0,1
13.45,409,4,0,1,0,0,0,0
124.66,108,7,1,0,0,1,0,0
294.31,1118,4,0,0,0,0,0,0
23.89,1847,1,2,0,0,0,0,0
326.83,84,6,1,0,0,0,0,0
88.58,58,10,1,1,0,0,0,1
66.22,1317,5,1,1,0,0,0,0
44.81,1040,2,0,0,0,0,0,0
16.7,991,2,0,1,0,0,0,0
179.06,1501,5,1,0,0,0,0,0
30.7,838,2,0,0,0,0,0,0
30.58,605,3,0,0,0,0,0,0
179.81,969,2,1,0,0,0,0,0
10.15,165,8,0,1,0,0,0,0
14.53,437,6,0,0,0,0,0,0
65.49,727,3,0,0,0,0,0,0
89.41,1680,5,0,0,0,0,0,0
108.28,1810,2,1,0,0,0,0,0
49.31,403,5,0,1,0,0,0,0
837.46,1964,7,1,2,0,0,0,0
53.1,1410,1,1,1,0,0,0,0
52.94,1978,3,2,1,0,0,0,0
30.05,1162,5,3,0,0,0,1,0
75.48,716,7,0,0,0,0,0,0
123.34,814,3,0,0,0,0,0,0
222.2,722,3,0,0,0,0,0,1
15.04,531,4,1,0,0,0,0,0
52.14,1830,4,0,0,0,0,0,0
104.24,293,3,1,0,0,0,0,0
119.95,1499,3,1,0,0,0,1,1
67.12,1023,4,0,0,1,0,1,1
114.71,1904,1,0,0,0,0,0,0
29.7,462,3,0,0,0,0,1,0
316.68,1837,3,0,0,0,0,0,0
179.94,1397,7,0,0,0,0,0,0
17.38,1186,2,1,0,0,0,0,0
22.76,642,3,0,1,0,1,0,0
23.41,44,4,2,1,0,0,0,0
131.36,1889,1,2,0,0,0,0,0
18.45,1107,6,0,1,0,0,0,0
47.89,892,4,0,1,0,0,0,0
105.08,636,4,0,0,0,0,0,0
62.42,539,6,0,0,0,0,0,0
86.39,1840,1,0,3,0,0,0,1
22.97,862,2,1,1,0,0,0,0
120.89,519,4,0,0,0,0,0,0
36.12,1435,3,0,0,0,0,0,0
48.2,1365,12,1,0,0,0,0,0
84.58,711,4,1,0,0,1,0,1
73.93,1648,3,2,1,0,0,0,0
68.3,89,2,2,2,0,0,0,0
31.48,1664,1,0,0,0,0,0,0
49.42,1254,5,3,0,0,0,0,0
66.83,1042,6,1,0,0,0,2,0
16.86,1825,7,0,1,0,0,0,0
41.99,673,3,1,0,0,0,0,0
98.27,864,2,0,0,0,0,0,0
18.59,890,4,2,0,0,0,0,0
212.0,1305,0,1,0,0,0,0,0
237.37,1934,3,0,1,0,0,0,0
19.2,422,8,1,0,0,0,0,0
259.21,1702,6,1,3,0,0,0,0
57.77,1796,6,1,1,0,0,0,0
101.34,876,3,1,0,0,0,0,1
40.58,702,5,2,0,0,1,1,0
167.85,338,5,0,0,0,0,0,0
100.09,266,4,1,2,0,0,0,0
29.54,803,5,1,2,0,0,0,0
20.8,1379,2,1,0,0,0,0,0
15.48,360,0,2,1,0,0,0,0
80.47,1014,3,2,0,0,0,0,0
118.21,1815,2,1,1,0,0,0,0
127.86,217,2,2,1,0,0,0,0
59.26,321,0,0,0,0,0,1,1
20.97,850,4,1,2,0,0,0,0
33.71,719,6,0,1,0,0,0,0
211.1,1689,5,1,0,0,0,0,0
41.07,992,3,2,1,0,1,1,1
76.97,1717,4,2,0,1,0,0,1
22.75,1236,0,1,0,0,0,0,0
93.37,1809,2,1,2,1,0,0,0
42.2,953,5,0,0,0,0,0,0
189.94,1227,6,0,0,0,0,0,0
144.54,717,4,2,0,0,0,0,1
40.62,985,3,2,0,0,0,1,0
58.75,1940,5,1,0,0,0,1,0
38.43,896,3,1,0,0,0,0,0
16.13,1177,4,2,0,0,0,0,0
28.29,1706,3,0,1,0,0,0,0
81.31,1453,4,2,2,0,0,0,0
92.32,1777,2,0,0,0,0,1,1
77.37,287,3,0,1,0,0,0,0
49.32,757,3,0,0,0,0,1,0
169.54,1345,9,1,1,0,0,0,0
71.06,1460,3,1,0,0,0,0,0
134.73,1616,6,2,0,0,0,0,0
11.32,496,6,0,1,0,0,0,0
1.32,1628,6,1,1,0,0,0,0
88.57,1173,2,1,0,0,0,0,0
16.04,542,4,2,2,0,0,1,1
53.92,635,9,0,1,0,1,0,0
49.3,1923,3,0,1,0,0,0,0
326.16,1506,6,0,0,1,0,0,1
99.48,1350,5,1,0,0,1,0,0
78.72,939,2,1,2,0,0,0,0
154.01,1053,5,1,0,0,0,0,0
96.4,1283,3,1,0,0,0,0,0
42.2,698,7,1,1,0,1,0,0
194.7,1953,4,0,0,0,0,0,0
21.98,75,6,0,0,1,0,0,0
92.13,1581,4,0,2,0,0,0,0
14.19,1605,6,1,1,0,0,0,0
81.77,498,8,0,1,1,0,0,1
80.88,1440,4,1,0,0,0,0,0
356.54,1903,6,0,0,0,0,0,0
13.94,722,4,1,0,0,0,0,1
36.57,1775,2,0,1,0,0,0,0
151.82,1364,2,2,0,0,0,0,0
93.25,308,8,1,0,0,0,0,0
79.86,704,6,0,1,0,0,0,0
25.63,884,8,1,0,0,0,0,0
36.94,1639,4,0,0,0,0,0,0
231.61,1265,4,1,2,0,0,0,0
63.34,253,0,0,0,0,1,0,0
97.06,936,2,1,0,0,0,0,0
59.43,1244,2,3,0,0,0,0,0
20.43,397,4,1,1,0,0,1,1
169.66,986,3,0,0,0,0,0,0
110.3,1360,3,0,0,0,0,0,0
668.9,1753,5,2,0,0,0,0,0
24.15,1738,2,1,2,0,0,0,0
151.8,1053,6,1,1,0,0,0,0
17.97,494,3,0,1,0,0,0,0
78.05,959,3,0,0,0,0,0,0
177.06,1748,3,0,2,0,1,0,0
8.4,1526,2,0,2,0,1,1,1
54.33,1178,6,2,0,0,0,1,0
37.97,992,4,0,0,0,0,0,0
33.05,1255,3,0,1,0,0,0,0
98.02,102,4,0,0,0,0,0,0
204.52,827,4,2,0,0,0,0,0
58.37,177,8,1,0,0,0,0,0
81.9,1717,2,0,0,0,0,1,1
74.76,984,4,0,0,0,0,0,0
66.81,927,3,1,0,0,0,0,0
22.44,232,3,3,0,0,0,1,1
202.04,12,5,1,1,0,0,0,0
89.59,1210,2,1,0,0,0,0,0
98.98,761,5,2,1,0,1,1,0
29.77,932,1,1,1,0,1,0,0
42.13,266,2,1,1,0,1,0,0
55.92,1926,7,2,0,0,1,1,0
14.38,1159,2,0,0,0,0,0,0
12.33,757,5,0,1,0,0,0,0
36.57,1055,6,0,0,0,0,0,0
112.45,1883,3,0,1,0,0,1,1
34.7,456,6,1,0,1,0,0,0
24.08,259,2,1,0,0,0,1,0
29.53,1128,2,0,3,0,0,0,0
42.29,431,6,0,0,0,0,0,0
46.81,1406,6,1,2,0,0,0,0
581.45,469,5,1,0,0,0,1,1
191.45,1537,3,0,0,0,0,0,0
185.82,1965,6,1,1,0,0,0,0
214.56,1974,7,0,0,0,0,0,0
24.56,1970,5,0,1,1,0,0,0
19.64,1231,2,0,0,0,0,0,0
22.05,647,3,2,0,0,0,1,1
253.28,447,2,1,0,0,0,0,0
38.58,783,6,1,0,0,1,0,0
19.08,1113,5,0,0,0,0,0,0
43.34,195,5,0,1,0,0,0,0
52.53,1438,3,0,1,0,0,0,0
87.22,1146,3,2,0,0,0,0,0
85.71,462,3,0,0,0,0,0,0
29.13,1140,9,0,0,0,1,0,0
132.38,196,4,1,0,0,0,1,0
35.19,36,3,0,3,0,0,1,1
57.04,67,4,0,0,0,0,0,0
132.53,645,3,1,0,0,0,0,0
35.1,1305,4,0,1,1,0,0,0
37.74,1503,6,0,1,0,0,0,0
120.5,1035,1,2,0,0,0,2,0
28.28,1992,4,0,0,0,0,0,0
45.39,1754,4,1,0,0,0,0,0
116.25,322,2,0,1,0,0,0,0
520.14,1692,5,2,0,0,0,0,0
122.17,240,2,1,0,0,0,0,0
106.98,1017,3,1,0,0,0,0,0
113.39,1084,5,0,0,0,0,0,0
22.8,650,7,0,1,0,0,1,0
74.86,562,3,0,1,0,1,0,1
64.73,1703,3,1,0,0,1,0,0
91.98,165,3,2,0,0,1,0,0
74.93,831,6,1,0,0,0,1,1
97.49,189,5,2,0,0,0,0,0
48.84,1511,0,1,1,1,1,0,0
70.71,92,4,1,0,0,0,0,0
19.53,1830,5,1,1,0,0,1,1
48.43,1912,5,1,2,1,0,0,0
267.96,289,3,2,1,0,0,0,0
91.73,1533,5,1,0,1,1,0,1
65.31,1099,7,2,0,0,0,0,0
444.13,1581,5,0,0,0,0,0,0
17.1,1452,4,2,0,0,0,0,0
21.99,1409,2,3,0,0,0,0,0
369.71,1077,3,2,1,1,1,0,0
69.82,175,2,1,0,1,0,0,0
52.32,1697,2,1,0,0,1,0,0
20.1,1603,3,1,0,0,0,0,0
104.34,474,4,2,1,0,0,0,0
114.95,1935,2,1,1,0,0,0,0
22.32,1385,6,1,1,0,0,0,0
57.96,270,5,0,0,0,0,0,0
47.68,407,2,1,0,0,1,0,0
86.14,1148,4,1,0,0,1,0,0
21.77,694,4,1,1,0,0,0,0
233.21,376,4,0,0,0,0,0,0
166.64,1416,5,3,0,0,0,0,0
46.38,182,6,0,1,0,1,0,1
53.71,36,2,1,0,1,0,0,0
58.18,1236,7,1,0,0,0,1,0
30.62,1920,7,2,2,0,0,0,0
42.8,1972,2,0,1,0,1,0,0
50.89,134,6,0,0,0,0,0,0
334.58,865,5,1,0,0,0,0,0
171.85,924,2,0,0,0,0,0,0
169.81,690,1,0,0,0,0,0,0
96.54,1702,5,1,0,0,1,0,0
21.82,1950,2,1,0,0,0,1,1
63.98,491,2,2,1,0,0,1,1
176.0,1873,3,0,1,0,0,0,0
18.95,841,5,0,1,0,0,0,0
126.03,988,0,0,0,0,0,0,0
680.35,1462,6,0,2,0,0,0,0
192.83,839,3,1,1,0,0,0,0
274.25,1070,3,1,1,0,0,0,0
82.96,668,2,1,1,0,0,1,0
175.55,1425,5,0,1,0,0,0,0
32.53,1512,1,0,0,1,0,1,1
147.8,1020,6,0,0,0,0,0,0
128.3,432,1,1,2,0,0,1,0
89.11,1452,1,2,1,0,0,0,1
248.64,748,3,1,0,0,0,0,0
38.91,828,6,0,0,0,0,0,0
55.31,1596,2,0,2,1,0,0,0
73.37,517,1,2,0,0,0,0,0
23.82,1989,3,1,0,0,0,0,0
83.67,462,2,0,0,0,0,0,0
11.95,966,3,0,1,0,1,0,0
189.99,1927,7,0,0,0,0,0,0
69.87,181,2,2,0,0,0,0,0
39.61,145,10,1,2,0,1,0,1
28.95,1851,4,0,0,0,0,0,0
52.74,1289,8,0,0,0,1,0,0
132.72,735,6,1,0,0,1,0,0
115.32,406,2,0,3,0,0,0,0
32.93,813,5,1,0,0,0,0,0
28.62,969,4,0,0,0,0,0,0
128.62,955,1,0,1,1,0,0,0
32.38,1872,4,1,2,0,0,0,0
70.8,484,4,2,0,0,0,0,0
75.47,482,8,1,0,0,0,0,0
91.11,1261,4,0,4,0,0,0,0
157.32,1549,5,2,0,0,0,0,0
18.86,339,3,1,0,0,0,1,1
9.86,268,4,2,2,1,0,0,1
37.81,1956,4,1,0,0,0,0,0
404.05,266,3,0,0,0,0,0,0
503.8,528,2,0,2,0,0,0,0
416.2,1116,5,0,1,0,0,0,0
54.98,1272,4,1,1,0,0,0,0
11.22,1043,4,0,1,0,0,1,1
6.4,872,6,0,3,0,0,0,0
36.09,1414,3,1,0,0,1,0,0
54.7,1412,1,2,1,0,0,0,0
244.85,926,2,1,0,0,0,0,0
158.83,1639,4,1,0,0,0,0,0
83.71,1119,3,0,0,0,0,0,0
27.39,430,2,2,0,0,0,1,0
25.51,795,2,1,0,0,0,0,0
85.98,941,8,2,0,0,0,0,0
133.89,1749,4,1,0,0,1,0,0
98.68,1061,4,1,1,0,0,0,0
23.7,1417,4,3,0,0,0,0,0
127.83,1597,4,1,1,0,1,0,0
102.1,1315,5,1,0,1,1,0,1
22.86,1898,13,2,0,0,0,0,0
30.44,303,3,0,1,0,0,0,0
132.75,1780,2,2,0,1,0,0,0
52.75,1941,2,1,0,0,0,0,0
326.73,401,4,2,1,0,0,0,0
110.07,823,2,1,0,0,0,1,1
40.99,344,5,1,0,0,0,0,0
66.01,863,2,0,3,0,0,0,0
71.05,518,4,1,0,0,0,0,0
32.19,1401,3,1,0,0,0,0,0
26.77,1955,6,0,0,0,1,1,1
134.48,1842,3,1,0,0,0,0,0
155.29,165,5,1,0,0,1,0,0
121.97,1037,4,2,2,0,0,0,1
303.48,25,3,2,1,0,0,0,1
38.79,1760,3,0,0,1,0,0,1
355.77,1147,5,2,0,0,0,0,0
27.09,129,4,2,0,0,0,0,0
24.22,817,5,0,2,0,1,0,0
11.47,1658,7,0,0,0,0,0,0
42.7,1571,5,0,0,0,0,0,0
40.3,1018,4,1,1,0,0,0,0
112.84,595,3,0,0,0,0,0,1
85.11,1333,5,0,1,0,0,1,0
20.23,436,4,4,0,0,0,0,1
45.03,182,3,1,0,0,0,0,0
46.0,1612,4,2,2,0,0,0,0
11.29,616,2,0,1,0,0,0,0
25.0,744,1,1,1,0,1,0,0
30.85,1839,2,1,1,0,0,0,0
279.67,43,2,0,0,0,0,0,0
80.76,404,5,3,1,0,0,0,0
129.3,1953,2,0,1,0,0,2,0
14.9,605,3,1,0,0,0,2,0
220.13,656,3,1,0,0,0,0,0
244.96,1790,5,1,1,0,0,0,0
9.04,1614,4,1,0,0,0,0,0
32.94,263,6,2,0,0,0,0,0
109.48,70,4,1,0,0,0,0,0
127.03,661,1,2,0,0,0,1,0
